Allies	Aliados são mortais que apoiam e ajudam você — família, amigos ou mesmo uma organização mortal que lhe deve alguma lealdade. Embora os aliados ajudem de boa vontade, sem que você precise persuadi-los ou coagi-los, eles nem sempre estão disponíveis para prestar auxílio; têm as próprias preocupações e só podem fazer até certo ponto em nome da relação de vocês. Ainda assim, podem ter Traços de Antecedente úteis próprios e lhe dar acesso indireto aos contatos, à influência ou aos recursos deles.\nAliados costumam ser pessoas de influência e poder na sua cidade natal. Podem ser de quase qualquer tipo, dependendo do que o Narrador permitir. Você pode ter amigos no necrotério da delegacia, num blog de destaque, na alta sociedade das celebridades locais ou num canteiro de obras. Seus Aliados podem ser um clã de nômades que muda o acampamento de trailers de lugar pela região, ou uma família com gerações de policiais. Você pode até contar o próprio prefeito entre seus amigos, dependendo de quantos pontos gastar neste Traço. Seus Aliados são em geral confiáveis (embora provavelmente não saibam que você é um vampiro, nem mesmo que vampiros existem). Ainda assim, nada vem de graça. Se você acabar cobrando favores do seu amigo da Cosa Nostra, ele provavelmente vai lhe pedir um favor equivalente no futuro. Isso costuma dar início a uma história.... Aliados podem ser somados entre os personagens de uma coterie.\n• Um aliado de influência e poder moderados\n•• Dois aliados, ambos de poder moderado\n••• Três aliados, um deles bastante influente\n•••• Quatro aliados, um deles muito influente\n••••• Cinco aliados, um deles extremamente influente
Alternate Identity	Você mantém uma identidade alternativa, completa, com documentos, certidões de nascimento ou qualquer outra papelada que desejar. Apenas alguns poucos podem saber seu nome ou sua identidade verdadeira. Sua persona alternativa pode estar profundamente envolvida com o crime organizado, ser membro da Seita oposta, uma vigarista que usa identidades alternativas em seus golpes, ou você pode simplesmente reunir informações sobre o inimigo. De fato, alguns vampiros podem conhecê-lo como um indivíduo enquanto outros acreditam que você é uma pessoa completamente diferente.\n• Você é novato nesse jogo de identidades. Às vezes escorrega e esquece a outra persona.\n•• Você está bem estabelecido na sua identidade alternativa. É convincente o bastante para fazer o papel de médico, advogado, vendedor de funerária, traficante ou espião competente.\n••• Você tem uma reputação razoável como sua persona alternativa e é reconhecido pelo nome na área em que se infiltrou.\n•••• Sua identidade alternativa goza de respeito e confiança dentro da sua área de infiltração.\n••••• Você impõe respeito na sua área de infiltração e pode até ter acumulado alguma influência. Tem a confiança (ou ao menos o reconhecimento) de muitos indivíduos poderosos dentro da sua área.
Contacts	Você conhece gente por toda a cidade. Quando começa a fazer ligações pela sua rede, a quantidade de informação que consegue desenterrar é impressionante. Em vez de amigos com quem você pode contar para ajudá-lo, como os Aliados, os Contatos são em boa parte pessoas que você pode subornar, manipular ou coagir para que ofereçam informação. Você também tem alguns Contatos principais — associados capazes de lhe dar informação precisa em seus campos de especialidade. Você deve descrever cada contato principal com algum detalhe antes de o jogo começar.\nAlém dos contatos principais, você tem também um número de contatos menores espalhados pela cidade. Seu contato principal pode estar na promotoria, enquanto os contatos menores podem incluir policiais de rua, funcionários do Detran, seguranças de boate ou membros de uma rede social on-line. Você não precisa detalhar esses vários "conhecidos de passagem" antes do jogo. Em vez disso, para entrar em contato com um contato menor, role sua pontuação de Contatos (dificuldade 7). Você alcança um contato menor por sucesso. É claro que ainda terá de convencê-lo a lhe dar a informação de que precisa, supondo que ele consiga obtê-la.\nContatos podem ser somados dentro da coterie dos personagens.\n• Um contato principal\n•• Dois contatos principais\n••• Três contatos principais\n•••• Quatro contatos principais\n••••• Cinco contatos principais
Domain	Domínio é território físico (em geral dentro da cidade central da crônica) ao qual seu personagem controla o acesso para fins de alimentação. Alguns Membros chamam seu domínio de território de caça, e a maioria guarda seus domínios com ciúme, chegando a invocar a Tradição de mesmo nome para proteger suas reivindicações. Como parte deste Antecedente, a reivindicação do personagem sobre o domínio é reconhecida pelo Príncipe ou por alguma outra autoridade Membro na cidade em que ele se situa.\nO Membro que reivindica o domínio não pode impedir que os habitantes vivos toquem suas vidas, nem exerce influência direta sobre eles, mas pode vigiá-los e acompanhar suas idas e vindas. Também pode incumbir Aliados ou Lacaios de procurar vampiros desconhecidos e avisá-la quando encontrarem algum.\nDomínio se refere especificamente à geografia (na maioria dos casos um bairro ou uma rua) e às propriedades sobre ela, e não às pessoas que ali vivem (que são a ênfase do Rebanho). Domínio tem papel importante na sociedade dos Membros — vampiros sem Domínio significativo raramente conquistam respeito —, mas não é um direito automático a status entre os Malditos.\nVocê pode designar um ou mais pontos de Domínio para aumentar a segurança do território do seu personagem em vez do tamanho dele. Cada ponto assim atribuído à segurança impõe +1 de dificuldade às tentativas de invadir o domínio por parte de qualquer um que seu personagem não tenha autorizado especificamente, e um bônus de -1 de dificuldade aos esforços do seu personagem para identificar e rastrear invasores no domínio. Um Domínio de um ponto de tamanho e dois pontos de segurança, por exemplo, é pequeno mas bastante resistente à intrusão, ao contrário de um Domínio de três pontos de tamanho sem segurança extraordinária.\nCada nível de Domínio reduz em um a dificuldade dos testes de caça do seu personagem e daqueles que ele autoriza a entrar. Também soma à sua reserva de sangue inicial (não à máxima). Se você usar a opção de segurança do domínio, cada ponto de segurança aumenta em um a dificuldade dos testes de caça para vampiros não convidados. Veja a p. 259 para mais informações sobre caça.\nDomínio (tanto tamanho quanto segurança) pode ser adquirido com pontos de Antecedente somados.\n• Um único prédio pequeno, como uma casa unifamiliar ou um estabelecimento social — o bastante para um refúgio básico.\n•• Uma igreja, fábrica, armazém, edifício de porte médio ou outra construção grande — um local com acesso fácil, porém controlável, ao mundo exterior.\n••• Um arranha-céu, um quarteirão ou um cruzamento importante — um local ou área que oferece esconderijos e acesso controlado.\n•••• Um trecho de esgoto, uma rede de túneis de serviço, o enclave de casas numa colina com vista para a cidade — um lugar com defesas inerentes, como uma estrada de montanha isolada, acesso só por ponte ou uma segurança privada vigilante.\n••••• Um bairro inteiro, uma subdivisão étnica como a "Chinatown" ou a "Pequena Itália", ou um subúrbio completo.\nComo dito antes, personagens de uma coterie podem compartilhar os recursos de domínio para obter resultados melhores. De seis a oito pontos garantem toda uma cidade pequena ou uma região urbana distinta como domínio. De dez a 15 pontos garantem um setor urbano importante, mas não gigantesco em área, como "as docas" ou "Highland Park". Uma cidade grande em si pode custar mais de cem pontos de Domínio, como Atlanta, Dallas, Genebra ou Bagdá. Uma cidade como Nova York, Londres, Paris, Roma, São Paulo ou Xangai exigiria muitas centenas de pontos de Domínio.
Fame	Você goza de amplo reconhecimento na sociedade mortal, talvez como artista, escritor ou atleta. As pessoas podem gostar só de serem vistas com você. Isso lhe dá todo tipo de privilégio ao circular pela sociedade mortal, mas também pode atrair uma quantidade indesejada de atenção agora que você não está mais vivo. A maior arma que a fama oferece é a capacidade de influenciar a opinião pública — como a mídia moderna prova o tempo todo. Fama nem sempre está ligada ao entretenimento: um criminoso hediondo num julgamento de grande repercussão provavelmente tem certa dose de fama, assim como um legislador e um cientista que fez uma descoberta popularizada.\nEste Antecedente é obviamente uma bênção ambígua. Você certamente pode desfrutar dos privilégios do seu prestígio — os melhores lugares, convites para eventos que de outro modo perderia, audiências com a elite —, mas às vezes é reconhecido quando preferiria não ser. Por outro lado, seus inimigos não podem simplesmente fazê-lo desaparecer sem causar um alvoroço indevido, e você acha muito mais fácil caçar em áreas populosas, já que as pessoas se aglomeram à sua volta (reduza em um a dificuldade dos testes de caça para cada ponto de Fama). Além disso, o Narrador pode permitir que você reduza a dificuldade de certos testes Sociais contra pessoas particularmente deslumbradas ou impressionáveis.\n• Você é conhecido por uma subcultura específica — a turma das baladas locais, blogueiros do seu ramo ou a elite da Park Avenue, por exemplo.\n•• Pessoas aleatórias começam a reconhecer seu rosto; você é uma celebridade menor, como um criminoso de pequeno porte ou um âncora de telejornal local.\n••• Você tem renome maior; talvez seja um senador ou um artista que emplaca centenas de milhares de visualizações no YouTube.\n•••• Uma celebridade completa; seu nome é frequentemente reconhecido pela pessoa comum na rua.\n••••• Você é palavra corrente. As pessoas dão seu nome aos filhos.
Generation	Este Antecedente representa sua Geração: a pureza do seu sangue e a sua proximidade do Primeiro Vampiro. Uma pontuação alta de Geração pode representar um senhor poderoso ou um gosto decididamente perigoso por diablerie. Se você não colocar nenhum ponto neste Traço, começa o jogo como vampiro de Décima Terceira Geração. Veja a p. 270 para mais informações.\n• Décima Segunda Geração: 11 de reserva de sangue, pode gastar 1 ponto de sangue por turno\n•• Décima Primeira Geração: 12 de reserva de sangue, pode gastar 1 ponto de sangue por turno\n••• Décima Geração: 13 de reserva de sangue, pode gastar 1 ponto de sangue por turno\n•••• Nona Geração: 14 de reserva de sangue, pode gastar 2 pontos de sangue por turno\n••••• Oitava Geração: 15 de reserva de sangue, pode gastar 3 pontos de sangue por turno
Herd	Você construiu um grupo de mortais dos quais pode se alimentar sem medo. Um rebanho pode assumir muitas formas, de círculos de frequentadores de boates fetichistas a verdadeiros cultos erguidos em torno de você como figura divina. Além de fornecer alimento, seu rebanho pode ser útil em tarefas menores, embora seus membros costumem não ser muito controláveis, próximos de você ou particularmente habilidosos (para peões mais eficazes, compre Aliados ou Lacaios). Sua pontuação de Rebanho acrescenta dados aos seus testes de caça; veja a p. 259 para mais detalhes.\nOs jogadores podem comprar Rebanho somado com pontos de Antecedente.\n• Três vasos\n•• Sete vasos\n••• 15 vasos\n•••• 30 vasos\n••••• 60 vasos
Influence	Você tem peso na comunidade mortal, seja por riqueza, prestígio, cargo político, chantagem ou manipulação sobrenatural. Membros com Influência alta podem inclinar, e em casos raros até controlar, os processos políticos e sociais da sociedade humana. Influência representa a soma do seu poder de mover opiniões ou políticas na sua comunidade, sobretudo junto à polícia e à burocracia. Em alguns casos, cultivar Influência é um caminho para gerar Recursos (veja adiante).\nAlguns testes podem exigir que você use Influência no lugar de uma Habilidade, em especial ao tentar dobrar burocratas menores. É mais fácil instituir mudanças amplas em nível local do que em escala mundial (por exemplo, derrubar um prédio "abandonado" é relativamente simples, ao passo que começar uma guerra é um pouco mais difícil).\nInfluência pode ser usada com pontos de Antecedente somados.\n• Moderadamente influente; um fator na política municipal\n•• Bem relacionado; uma força na política estadual\n••• Posição de influência; um fator na política regional\n•••• Amplo poder pessoal; uma força na política nacional\n••••• Extremamente influente; um fator na política global
Mentor	Este Traço representa um Membro ou grupo de Membros que cuida de você, oferecendo orientação ou ajuda de vez em quando. Um mentor pode ser poderoso, mas seu poder não precisa ser direto. Dependendo do número de pontos neste Antecedente, seu mentor pode não passar de um vampiro com uma rede de informações notável, ou pode ser uma criatura de séculos de idade com influência e poder sobrenatural tremendos. Ele pode oferecer conselhos, falar com o Príncipe ou o Arcebispo em seu nome, afastar outros anciãos de você ou avisá-lo quando estiver entrando em situações que não compreende.\nNa maioria das vezes seu mentor é seu senhor, mas pode ser qualquer Cainita interessado no seu bem-estar. Uma pontuação alta de Mentor pode até representar um grupo de vampiros de mentalidade semelhante, como os anciãos da capela Tremere da cidade ou uma célula da Mão Negra.\nTenha em mente que este Traço não é um salvo-conduto. Seu mentor não vai necessariamente chegar como a cavalaria sempre que você estiver em perigo (e, se ela chegar, é provável que você perca um ponto ou mais neste Antecedente depois de despertar sua ira). Além disso, ela pode ocasionalmente esperar algo em troca do seu patrocínio, o que pode render várias histórias interessantes. Um mentor costuma manter-se distante, dando informação ou conselho úteis por camaradagem, mas vai abandoná-lo sem pensar duas vezes se você se mostrar um protégé indigno ou problemático.\n• O mentor é um ancilla de pouca influência, ou um Ductus ou Sacerdote de Matilha.\n•• O mentor é respeitado: um ancião ou um veterano muito condecorado, por exemplo.\n••• O mentor é muito influente, como um membro do Primogênito ou um Bispo.\n•••• O mentor tem grande poder sobre a cidade: um Príncipe ou Arcebispo, por exemplo.\n••••• O mentor é extraordinariamente poderoso, talvez até um Justicar ou Cardeal.
Resources	Recursos são bens de valor cuja disposição seu personagem controla. Esses ativos podem ser dinheiro vivo, mas, à medida que este Antecedente aumenta, é mais provável que sejam investimentos, imóveis ou capital produtivo de algum tipo — terras, ativos industriais, ações e títulos, estoques comerciais, infraestrutura criminosa, contrabando, até impostos ou dízimos. Lembre-se de que vampiros não precisam providenciar alimento algum além do sangue, e suas necessidades reais (em oposição aos desejos) de abrigo são muito facilmente atendidas. Os Recursos de um vampiro vão sobretudo para luxos e para as despesas associadas ao desenvolvimento e à manutenção de Status, Influência e outros Antecedentes. Uma personagem sem nenhum ponto em Recursos pode ter roupas e suprimentos suficientes para se virar, ou pode estar na miséria, morando numa caixa de geladeira embaixo de um viaduto.\nVocê recebe uma mesada básica a cada mês com base na sua pontuação, então detalhe exatamente de onde vem esse dinheiro, seja um emprego, um fundo fiduciário ou dividendos. (Narradores, decidam para a sua localidade e para o período relevante qual é o valor apropriado dessa mesada mensal.) Afinal, a fortuna de um Membro pode muito bem acabar ao longo da crônica, dependendo de quão bem ele a administra. Você também pode vender seus recursos menos líquidos se precisar de dinheiro, mas isso pode levar semanas ou até meses, dependendo exatamente do que estiver tentando vender. Compradores de arte não brotam do nada, afinal.\nOs jogadores podem comprar Recursos para seus personagens com pontos de Antecedente somados.\n• Suficiente. Você consegue manter uma residência típica no estilo da classe trabalhadora com estabilidade, mesmo que os gastos por impulso sejam raros.\n•• Moderado. Você pode se apresentar como membro respeitado da classe média, com o presente e a indulgência ocasionais próprios de alguém de posição ainda mais alta. Pode manter um empregado ou contratar ajuda específica quando necessário. Uma fração dos seus recursos está disponível em dinheiro, em bens facilmente transportáveis (como joias ou móveis) e em outros valores (como um carro ou uma casa modesta) que lhe permitem manter um padrão de vida de um ponto onde quer que esteja, por até seis meses.\n••• Confortável. Você é um membro proeminente e estabelecido da sua comunidade, com terras e moradia própria, e tem uma reputação que lhe permite obter crédito em termos muito generosos. É provável que tenha mais patrimônio em bens e imóveis do que em dinheiro disponível. Consegue manter uma existência de um ponto onde quer que esteja sem dificuldade, pelo tempo que quiser.\n•••• Rico. Você raramente toca em dinheiro, pois a maior parte dos seus ativos existe em formas tangíveis que são em si mais valiosas e estáveis do que papel-moeda. Detém mais riqueza do que muitos dos seus pares locais (se é que se pode chamá-los assim). Quando a obtenção dos seus Recursos não recebe sua atenção habitual, você consegue manter uma existência de três pontos por até um ano, e uma existência de dois pontos indefinidamente.\n••••• Extremamente Rico. Você é o modelo que os outros tentam alcançar, ao menos na imaginação popular. Programas de televisão, matérias de revista e sites de fofoca especulam sobre suas roupas, os aposentos de suas numerosas casas e o luxo dos seus meios de transporte. Você tem ativos vastos e amplamente distribuídos, talvez atados ao destino de nações, cada um com enormes equipes e conexões com todos os níveis da sociedade de uma região. Você viaja com um mínimo de conforto de três pontos, mais com um pouco de esforço. Corporações e governos às vezes procuram você para comprar ações ou entrar em programas de títulos.
Retainers	Não exatamente Aliados nem Contatos, seus lacaios são serviçais, assistentes ou outras pessoas que são suas companheiras leais e firmes. Muitos serviçais de vampiros são carniçais (p. 496) — seus poderes sobrenaturais e a lealdade imposta pelo laço de sangue fazem deles os serviçais preferidos. Lacaios também podem ser pessoas que você Dominou repetidamente até que não lhes restasse livre-arbítrio, ou seguidores tão enfeitiçados pela sua Presença que a lealdade deles beira o fanatismo cego. Alguns vampiros, sobretudo os que têm a Disciplina Animalismo, usam animais carniçais como lacaios.\nVocê precisa manter algum controle sobre seus lacaios, seja por um salário, pelo dom da sua vitae ou pelo uso de Disciplinas. Lacaios nunca são "cegamente leais aconteça o que acontecer" — se você os tratar mal sem exercer controle estrito, podem muito bem se voltar contra você.\nLacaios podem ser úteis, mas nunca devem ser impecáveis. Um carniçal fisicamente poderoso pode ser rebelde, inconvenientemente obtuso ou carente de habilidades práticas. Um mordomo leal pode ser fisicamente fraco ou não ter iniciativa nem criatividade próprias. Este Antecedente não é desculpa para forjar um guarda-costas imparável ou um assassino de estimação — é um método para trazer personagens mais bem desenvolvidos para a crônica, além de refletir os seguidores pelos quais os Membros são notórios. Em geral, lacaios se parecem mais com Renfield do que com Anita Blake. (Se o jogador e o Narrador concordarem, o jogador pode criar um único Lacaio mais competente combinando mais pontos neste Antecedente, colocando mais ovos na mesma cesta, como diz o ditado.)\nOs jogadores podem gastar pontos de Antecedente somados em Lacaios.\n• Um lacaio\n•• Dois lacaios\n••• Três lacaios\n•••• Quatro lacaios\n••••• Cinco lacaios
Rituals	Este Antecedente é apenas para personagens do Sabbat.\nVocê conhece os ritae e rituais do Sabbat, e pode executar muitos deles. Este Antecedente é vital para ser um Sacerdote de Matilha — sem ele, os ritae não funcionam. Este Antecedente é na verdade um investimento sobrenatural, que bebe da magia dos mais antigos feiticeiros Tzimisce. Vampiros do Sabbat que não são os sacerdotes de suas matilhas devem ter uma razão excepcional para adquirir este Antecedente, já que os Sacerdotes de Matilha relutam em dividir seus segredos com os membros mais seculares da Seita. Alguns exemplos de rituais incluem a Vaulderie (p. 288), bem como os apresentados no Apêndice (p. 507).\n• Você conhece alguns dos auctoritas ritae (à sua escolha).\n•• Você conhece parte dos auctoritas ritae (à sua escolha) e alguns ignoblis ritae (à sua escolha).\n••• Você conhece todos os auctoritas ritae e alguns ignoblis ritae (à sua escolha). Além disso, pode criar seus próprios ignoblis ritae, com tempo suficiente (consulte o Narrador quanto ao tempo de desenvolvimento e aos efeitos de jogo).\n•••• Você conhece todos os auctoritas ritae e muitos ignoblis ritae (à sua escolha). Pode criar seus próprios ignoblis ritae, com tempo suficiente (consulte o Narrador quanto ao tempo de desenvolvimento e aos efeitos de jogo). Também conhece as funções de numerosos ignoblis ritae regionais e específicos de matilha, mesmo que não possa executá-los.\n••••• Você conhece todos os auctoritas ritae e dezenas de ignoblis ritae (à sua escolha). Pode criar seus próprios ignoblis ritae, com tempo suficiente (consulte o Narrador quanto ao tempo de desenvolvimento e aos efeitos de jogo). Também conhece as funções de quase todos os ignoblis ritae regionais e específicos de matilha, mesmo que não possa executá-los; se foi escrito ou passado adiante na tradição, você já ouviu falar dele.
Status (Vampire)	Você tem certa reputação e posição (merecida ou não) dentro da comunidade local de Membros. Status na sociedade da Camarilla deriva tanto do status do seu senhor e do respeito devido à sua linhagem específica quanto de conquistas pessoais. Entre o Sabbat, o status tende a vir da reputação da sua matilha ou do fervor da sua postura. Anciãos são conhecidos por ter pouco respeito pelos mais jovens; este Antecedente pode amenizar isso um pouco.\nStatus alto dentro da Camarilla não se transfere para a sociedade do Sabbat (e muito provavelmente fará de você um alvo notório para os rivais da sua Seita), e vice-versa. Da mesma forma, Autarkis em geral têm Status zero, a menos que de algum modo tenham reunido tanto poder e atenção que sejam considerados forças a se levar em conta. Você pode ter ocasião de rolar seu Status junto de um Traço Social; isso reflete os efeitos positivos do seu prestígio.\nObserve que personagens Caitiff não podem comprar Status durante a criação de personagem. Os Caitiff são os mais baixos entre os baixos, e qualquer respeito que alcancem precisa ser conquistado ao longo da crônica.\n• Conhecido: um neonato/Sacerdote de Matilha\n•• Respeitado: um ancilla/Ductus respeitado\n••• Influente: um ancião/Templário\n•••• Poderoso: um membro do Primogênito/um Bispo\n••••• Luminar: um Príncipe/Arcebispo
Armory	Um caçador com Armas de Fogo consegue realizar tarefas simples com armamento, como limpar uma arma, mas sem um arsenal abastecido é difícil manter as armas prontas para disparar. Seu caçador conseguiu reunir um arsenal funcional junto com a capacidade de manter todas as armas dentro dele. Cada nível do Antecedente Arsenal dá acesso a armas mais potentes, além dos recursos para mantê-las e limpá-las adequadamente, e à munição apropriada.\nO alcance deste Antecedente varia um pouco conforme a região, já que as leis de controle de armas existentes em cada lugar do mundo diferem. O que um americano pode comprar numa loja de departamentos, por exemplo, pode ser domínio exclusivo dos militares na Romênia, e jogadores que desejem investir pontos em Arsenal devem consultar seus Narradores para determinar os detalhes de como isso vai funcionar na localidade da crônica. O Narrador pode exigir que você invista alguns pontos em outro Antecedente (como certos tipos de Influência ou aliados jurídicos ou militares) para evitar o confisco do Arsenal pelas autoridades. Um Arsenal pode desaparecer numa fração do tempo que levou para ser reunido, sobretudo se seu curador tem o hábito de esbravejar sobre monstros chupadores de sangue e sobre a corrupção que vai até o topo.\nPara mais detalhes sobre armas específicas, incluindo as regras, veja V20, pp. 280-281.\nOs jogadores podem optar por somar pontos de Antecedente para um Arsenal compartilhado. Veja pp. 118-119 de V20 para mais informações sobre Antecedentes somados.\n• Você tem um excelente arsenal inicial que inclui muitas armas legais comumente disponíveis nas ruas. Este nível também dá acesso a uma quantidade de armas extras, conforme a cultura da região.\n•• Você tem acesso a armamento legal suficiente para equipar uma gangue de rua de 10 homens.\n••• Você poderia formar sua própria milícia pequena. Além disso, pode equipar cinco indivíduos com armamento que existe numa zona cinzenta legal na região, e que a maioria dos civis teria dificuldade em obter.\n•••• Você tem um arsenal apropriado a uma equipe da SWAT numa cidade grande, incluindo algum equipamento de grau militar. Tem material suficiente para equipar uma equipe de 10 pessoas com esse armamento avançado, que é um degrau acima do fornecido pelos níveis menores deste Antecedente. Tenha cuidado com onde o usa, porque sem outros Antecedentes apropriados você pode acabar sob escrutínio oficial por possuir armamento fora do estritamente legal.\n••••• Seu arsenal é a inveja das forças paramilitares do mundo inteiro. Você tem as ferramentas para limpar e reparar quase qualquer arma pessoal fabricada no mundo. Tem acesso a uma quantidade significativa de armas ilegais na maioria dos países, e o bastante delas para armar seu próprio pelotão. Se este arsenal fosse descoberto pelas autoridades, seu caçador correria sério risco de passar muito tempo na cadeia — supondo que não haja um confronto armado que o ameace de forma mais imediata.
Base of Operations	Uma base de operações é um local seguro controlado e possuído pelo seu caçador. Esse lugar é um quartel-general no qual ele pode descansar, treinar e planejar seus próximos ataques. A base de um caçador pode ser tão simples quanto um apartamento sem mobília, tão grandiosa quanto a mansão de um senador ou tão complexa quanto uma base militar.\nOs jogadores que optarem por comprar este Antecedente precisam dividir seus pontos entre três categorias diferentes, descritas a seguir. Além disso, a compra deste Antecedente pode ser somada conforme os sistemas de Antecedentes somados das páginas 118-119 de V20.\nLuxo\nLuxo é a medida da qualidade das instalações dentro da base. O nível de Luxo vai do espartano ao opulento, correspondendo de perto a um Antecedente Recursos de valor equivalente (veja pp. 115-116 de V20).\n• Você comprou seus móveis num brechó ou em outro vendedor de baixo custo.\n•• Sua base foi decorada e equipada de forma modesta. Você tem o básico esperado dos padrões de vida do Primeiro Mundo moderno (onde apropriado).\n••• Sua base tem conforto relativo, com uma série de comodidades.\n•••• Sua base oferece um refúgio luxuoso da realidade horrenda de matar vampiros, e é única tanto no projeto quanto na aparência.\n••••• Sua base exibe um grau de ostentação que em geral só os extremamente ricos ou as celebridades desfrutam.\nTamanho\nTamanho representa o volume da base de operações e a quantidade de espaço que ela abrange. Embora a divisão a seguir sugira tamanhos e número de cômodos, os jogadores são encorajados a ser criativos se quiserem — imagine um layout de templo aberto sem "cômodos" de verdade, ou um corredor de serviço convertido, longo e estreito, mas com múltiplos pontos de acesso a vários locais dentro do centro da cidade.\n• Um apartamento pequeno ou uma câmara subterrânea: 1 a 2 cômodos.\n•• Um apartamento grande ou uma casa de família pequena; 3 a 4 cômodos.\n••• Um armazém, uma igreja ou uma casa grande; 5 a 8 cômodos, ou um recinto amplo.\n•••• Uma mansão ou uma rede de túneis; 9-15 cômodos ou câmaras.\n••••• Uma propriedade extensa ou uma vasta rede de túneis de metrô; mais de 20 cômodos.\nSegurança\nSegurança representa o quanto é difícil invadir a base. Cada ponto de Segurança acrescenta um à dificuldade de qualquer teste feito para penetrar na base, ou um ao número de sucessos necessários para conseguir acesso. (Jogadores e Narradores devem combinar qual das duas formas usar antes de a história começar.)\n• Você tem fechaduras nas portas da base, mas pouco mais que isso.\n•• As portas têm trancas reforçadas e as janelas têm grades fortes, ou você pode ter um cachorro que late para avisar quando alguém chega perto demais da base. Seu QG está relativamente seguro contra ameaças comuns.\n••• A base é segura, mas não impenetrável, apoiando-se num conjunto moderno de fechaduras, proteção física como grades nas janelas, medidas eletrônicas de segurança como sistemas de alarme e monitoramento eletrônico padrão como câmeras de vigilância.\n•••• Sua base é protegida por todos os recursos de segurança do nível anterior e mais alguns. No mesmo patamar de prédios governamentais restritos ou até de presídios, sua base de operações tem paredes reforçadas, acessos setorizados com bloqueio e talvez até várias salas de pânico ou câmaras ocultas. Você investiu uma quantidade considerável de tempo e esforço para manter as pessoas fora da sua base.\n••••• Sua base é protegida por todos os recursos de segurança oferecidos pelos níveis anteriores. Além disso, é protegida por um ou mais recursos únicos, como uma localização remota, uma barreira geográfica como uma cachoeira ou um desfiladeiro, e/ou possíveis proteções ocultas, como ser visível apenas ao luar. (Jogadores e Narradores devem chegar a um acordo sobre a natureza dessas proteções assustadoras e sem paralelo.)
Guide	Por destino, sina ou capricho, uma misteriosa entidade espiritual escolheu auxiliar seu caçador em sua busca por vampiros. Guias assim raramente aparecem abertamente, preferindo empurrar sua agenda por sonhos, sinais e presságios. Um deles pode aparecer como um fantasma num espelho. Outro pode se revelar num retrato antiquíssimo de um parente há muito morto, que oferece conselhos ou efeitos ambientais de arrepiar, como um cômodo eternamente envolto em sombra consciente.\nEm geral, tais entidades se interessam muito pelo bem-estar (ou ao menos pelas fraquezas) dos mortais, mas guardam motivos ocultos para encorajar certos tipos de comportamento em seus companheiros. Astutas, versadas em assuntos mágicos e dotadas de sentidos inumanos, essas criaturas têm muito a oferecer a seus protegidos. Elas não são necessariamente fantasmas ou espíritos, mas podem muito bem estar entre as anomalias menos classificáveis do Mundo das Trevas.\nNada é de graça, é claro, e essa relação provavelmente é uma via de mão dupla. Guias podem esperar tratamento especial, incluindo comida, abrigo, companhia e/ou até necessidades sobrenaturais misteriosas. Talvez até sangue....\nSe você pretende investir no Antecedente Guia, deve cooperar com o Narrador para criar uma personalidade interessante e única que tenha bom motivo para partilhar o destino do seu personagem e influenciar o comportamento dele.\n• Guia Fraco: Uma entidade com conhecimento oculto limitado, que só consegue afetar o mundo com grande dificuldade. Nem sempre está disponível de forma confiável e pode ocasionalmente fornecer informação incorreta.\n•• Guia Menor: Esta entidade sabe bastante sobre o oculto e sobre vampiros, mas tem dificuldade em afetar o mundo material e por isso só o faz quando lhe convém. Seu guia vai ajudá-lo, mas é bastante limitado no que pode fazer, sobretudo no que diz respeito a manipular objetos físicos.\n••• Guia Apto: Um guia desta força pode muito bem ser uma entidade reconhecida no mundo espiritual. Ela vai auxiliá-lo com conhecimento e treinamento e, quando apropriado, pode lutar em seu nome, potencialmente empunhando Numina menores por você (veja o Capítulo Quatro).\n•••• Guia Forte: Seu guia é bastante poderoso, potencialmente uma figura importante nos reinos dos espíritos ou dos mortos. Esta entidade tem grande experiência com o oculto e conhece os meandros do mundo vampírico. Está disposta a auxiliá-lo com Numina maiores uma vez por história (veja o Capítulo Quatro).\n••••• Guia Puissante: Esta entidade consegue caminhar entre os mundos espiritual e material com dois poderes de Numina maiores. Pode auxiliá-lo se julgar apropriado, mas pode muito bem exigir favores ou obediência em troca.
Rank	Agências governamentais impõem privilégio estrito de posto — um soldado raso do Exército não consegue fazer um capitão ouvi-lo, muito menos dar ordens a seus superiores. Este Antecedente representa a posição de um agente na cadeia de comando. Um agente sem nenhum ponto de Posto ocupa o grau mais baixo apropriado à organização: um agente júnior na SAD ou na CIA, ou um tenente de 2ª classe na NSA. Embora o personagem com o Posto mais alto esteja tecnicamente no comando dos outros agentes, circunstâncias atenuantes em campo podem bagunçar a cadeia de comando.\nAo lidar com pessoas da mesma agência e de Posto inferior, aplique a diferença de Posto como bônus a qualquer parada de dados Social. Ao lidar com pessoas de fora da agência do personagem, trate o Posto dela como dois pontos mais baixo.\n• Um agente especial na SAD ou um tenente de 1ª classe na NSA.\n•• Um agente especial sênior na SAD ou um capitão na NSA.\n••• Um agente especial encarregado na SAD ou um major na NSA.\n•••• Um chefe de seção na SAD ou um coronel na NSA.\n••••• Um diretor regional na SAD ou um general na NSA.
Requisitions	Você é mestre da burocracia, capaz de preencher os formulários certos para pôr as mãos em equipamento especial, de balas de prata a um caoscópio. Você começa cada história com uma reserva de pontos para gastar em equipamento igual à sua pontuação neste Antecedente. Uma vez que o equipamento seja consumido ou destruído, acabou — e todo equipamento requisitado que sobreviver precisa ser devolvido no fim da história. Você pode guardar seus pontos de Requisição até precisar de um item ou serviço específico, mas não pode adquirir um único item que custe mais do que (seu Posto + 2). Alguns exemplos de equipamento que pode ser requisitado estão nas pp. 155-157.\nOs jogadores podem optar por somar pontos de Antecedente para um estoque compartilhado de equipamento. Veja pp. 118-119 de V20 para mais informações sobre Antecedentes somados.\n• Você possui uma peça de equipamento no valor de um ponto de Requisição.\n•• Você possui um item que vale dois pontos de Requisição, ou dois itens de um ponto de Requisição.\n••• Você possui um ou mais itens que somam três pontos de Requisição.\n•••• Você possui um ou mais itens que somam quatro pontos de Requisição.\n••••• Você possui um ou mais itens que somam cinco pontos de Requisição.
Artifacts	Artefatos são itens de forte potência sobrenatural. Este Antecedente permite que você comece o jogo com um artefato assim em sua posse. Ou ele foi uma herança de família, ou um mentor do Arcanum o legou a você, ou você o encontrou cedo em sua carreira e o Arcanum ainda não o requisitou para "estudo mais aprofundado".\nO Narrador deve criar algo adequado a você com base nos pontos neste Antecedente. Converse com ele sobre o que você quer. Artefatos verdadeiramente lendários (como Durandal, a espada de Rolando, ou o cálice de Kai Khusrau) são objetos de grandes demandas e não podem ser comprados com este Traço. Alguns exemplos de artefatos possíveis estão apresentados na p. 157.\nOs jogadores podem optar por somar pontos de Antecedente para um artefato compartilhado. Veja pp. 118-119 de V20 para mais informações sobre Antecedentes somados.\n• Um artefato menor\n•• Um artefato útil\n••• Um artefato de poder significativo\n•••• Um artefato muito cobiçado\n••••• Um artefato de poder incrível
Library	Arcanistas frequentemente dedicam a vida inteira à pesquisa e acumulam bibliotecas tremendas ao longo de suas carreiras; os que vivem perto de Casas Capitulares com bibliotecas antigas e bem desenvolvidas se saem ainda melhor. Arcanistas que precisam pesquisar um fato específico em bibliotecas reduzem o número de dificuldade dos testes de pesquisa por este Antecedente (observe que isso não pode ser combinado com o acesso ao Axis Mundi).\nOs jogadores podem optar por somar pontos de Antecedente para uma biblioteca compartilhada. Veja pp. 118-119 de V20 para mais informações sobre Antecedentes somados.\n• Dificuldade reduzida em 1\n•• Dificuldade reduzida em 2\n••• Dificuldade reduzida em 3\n•••• Dificuldade reduzida em 4\n••••• Dificuldade reduzida em 5
Ancestors	A memória ancestral em humanos não passa de bobagem pseudocientífica. Para os Garou, que conseguem entrar em contato com os espíritos de seus antepassados, ela é um fato da vida. Muitos lobisomens carregam parte das lembranças de um ancestral distante; alguns até permitem que seus antepassados tomem seus corpos.\nUma vez por sessão, o jogador de um Garou com este Antecedente pode rolar seu Antecedente Ancestrais (dificuldade 8, ou 10 se estiver tentando contatar o espírito de um ancestral específico). Cada sucesso permite ao personagem aumentar em um qualquer Habilidade para os fins de um único teste, mesmo que ele não tenha nenhum ponto na Habilidade — e ele não sofre a penalidade por não possuí-la. Por exemplo, o jovem Emil, um habitante das planícies, precisa escalar um penhasco imenso para socorrer sua matilha. Emil tem Ancestrais 4 e Esportes 0. Ele chama seus antepassados para guiá-lo, e o jogador de Emil rola quatro dados com dificuldade 8. Ele obtém três sucessos. Emil contata seu tetravô Domador de Rochedos, que o guia pela face lisa até o topo. Agora o jogador tem uma pontuação efetiva de Esportes 3 para fazer o teste de escalada. Se o Garou tivesse Esportes 2, sua parada de dados efetiva seria 5. Todos os efeitos duram pelo resto da cena.\nEmbora seja mais difícil contatar um ancestral específico, o contato bem-sucedido fornece conselhos úteis ou visões precognitivas, a critério do Narrador.\nUma falha crítica num teste de Ancestrais pode indicar que o personagem fica catatônico pelo resto da cena, sobrepujado pelas lembranças de milhares de vidas. Alternativamente, o espírito ancestral se recusa a devolver o corpo. Quanto tempo o ancestral permanece depende do Narrador.\n• Você tem visões breves e nebulosas do passado distante.\n•• Você se lembra de rostos e lugares de vidas passadas tão bem quanto se lembra dos da sua primeira infância.\n••• Você põe nomes nos rostos dos seus ancestrais.\n•••• Ancestrais conversam com você regularmente.\n••••• Seus ancestrais acompanham suas aventuras com interesse e vêm aconselhá-lo com frequência.
Fetish	Você possui um fetiche — um objeto físico no qual um lobisomem prendeu um espírito. O espírito concede uma série de poderes ao fetiche, de modo que eles são muito importantes para os Garou. Coisas assim são valiosas, e outros Garou (ou outros seres sobrenaturais) podem cobiçá-las. Uma série de fetiches de exemplo está apresentada na p. 221.\n• Você possui um fetiche de Nível Um.\n•• Você possui um fetiche de Nível Dois ou dois fetiches de Nível Um.\n••• Você possui um ou mais fetiches somando três níveis.\n•••• Você possui um ou mais fetiches somando quatro níveis.\n••••• Você possui um ou mais fetiches somando cinco níveis.
Kinfolk	Parentes são humanos e lobos por outro lado normais, descendentes de Garou sem terem herdado seu dever espiritual. Por este Antecedente você mantém contato com um número de Parentes. Embora os Parentes sejam membros normais de suas espécies na maioria dos aspectos, eles são imunes ao Delírio, o que lhes dá a duvidosa vantagem de poder olhar para um lobisomem na forma Crinos. Eles sabem que você é Garou e estão dispostos a ajudá-lo como puderem, embora a maioria não ocupe posições de poder (tais pessoas são consideradas Aliados). Redes de Parentes são um modo valioso de os lobisomens lidarem com o mundo humano sem arriscar frenesi ou exposição. Alguns Parentes podem ser aparentados a você diretamente, enquanto outros são contatos que você fez pelo seu septo.\nParentes podem ser somados entre a matilha.\n• Dois Parentes\n•• Cinco Parentes\n••• 10 Parentes\n•••• 20 Parentes\n••••• 50 Parentes
Pure Breed	Os Garou dão grande valor à ancestralidade, e o lobisomem que descende de antepassados renomados tem vantagem definida na sociedade Garou. Este Antecedente representa sua linhagem, suas marcas, seu porte e outras características de nascimento. Outros Garou reverenciam lobisomens com pontuação alta em Raça Pura como heróis de outrora trazidos à vida — e espera-se que tais lobisomens façam jus ao papel. Quanto mais alta sua Raça Pura, maior a probabilidade de você impressionar conselhos de anciãos ou receber hospitalidade de tribos estrangeiras. Cada ponto de Raça Pura acrescenta um dado extra a desafios formais (como desafios de Posto) e a testes Sociais envolvendo outros Garou (mesmo Ronin ou Dançarinos da Espiral Negra).\nRaça Pura é uma combinação nebulosa de linhagem e herança espiritual. Um personagem com Raça Pura alta se parece e se porta como um membro arquetípico de sua tribo — no entanto, se ele não ingressar nessa tribo, todos os benefícios de Raça Pura são retirados pelo totem dela. Muitos lobisomens com Raça Pura conseguem traçar sua ascendência diretamente, enquanto outros lembram ancestrais distantes que não podem ser ligados a eles sem um grau de exatidão genealógica que se perdeu entre os Garou.\nAlgumas tribos dão mais valor à boa linhagem do que outras, mas Raça Pura é quase universalmente respeitada. É um traço místico, e os lobisomens sabem por instinto de quem é o sangue particularmente puro. É claro que os Garou esperam que os de sangue puro façam jus aos padrões estabelecidos por seus nobres ancestrais. Eles desaprovam quem não pode ou não quer aceitar o desafio.\n• Você tem os olhos do seu pai.\n•• Seu avô fez fama na Batalha do Vau Sangrento, e você carrega esse nome com orgulho.\n••• Sua linhagem é abençoada com pilares da Nação Garou, e o sangue mostra.\n•••• Você poderia estar vestido de mendigo e ainda assim imporia respeito.\n••••• Os maiores dos heróis vivem em você.
Rites	Rituais são parte importante da vida Garou. Este Traço indica quantos ritos o personagem conhece no início do jogo. A pontuação representa níveis de ritos, de modo que um personagem com quatro pontos neste Antecedente pode ter um rito de Nível Quatro, um de Nível Um e um de Nível Três, ou qualquer outra combinação. Lembre-se de que, para aprender um rito, o personagem precisa de uma pontuação no Conhecimento Rituais pelo menos igual ao nível do rito em questão. Embora o Posto não seja necessariamente um fator, muitos Theurges exigiriam uma razão bastante convincente para ensinar um rito de Nível Cinco a um Garou de Posto 1. Observe que dois ritos menores podem ser comprados no lugar de um rito de Nível Um.\n• Você conhece um nível de ritos.\n•• Você conhece dois níveis de ritos.\n••• Você conhece três níveis de ritos.\n•••• Você conhece quatro níveis de ritos.\n••••• Você conhece cinco níveis de ritos.
Totem (Werewolf)	Totem é um Antecedente que se aplica diretamente à matilha do personagem, e não ao indivíduo. Ao contrário de outros Antecedentes somados, a matilha gasta todos os pontos que os membros investiram neste Traço para determinar o poder do seu totem.\nCada totem tem uma pontuação de custo em Antecedente; a matilha precisa gastar esse valor para se aliar a ele. Alguns totens estão dispostos a emprestar grandes poderes a seus adeptos; seus custos em pontos são correspondentemente maiores. Veja Totens de Matilha (p. 373) para uma lista de totens possíveis. Além dos bônus de Totem, todos os totens iniciais têm uma base de oito pontos para dividir entre Fúria, Força de Vontade e Gnose. O totem também começa com os Encantos Sentido do Airt e Reconstituição. Além de conceder poder, os totens começam um tanto distantes da matilha e têm pouca influência entre os espíritos, a menos que os jogadores comprem uma ligação mais próxima com pontos de Antecedente. Com tempo, interpretação e pontos de experiência, os totens de matilha podem crescer em poder conforme a matilha cresce em Posto e influência. Alguns totens podem até se tornar totens de septos inteiros ou — em circunstâncias lendárias — de tribos inteiras.\nA maior parte dos poderes que os totens concedem está disponível para apenas um membro da matilha por vez. No fim de cada turno, o Garou com o poder declara a quem ele pode ser passado no turno seguinte (supondo que ela não o mantenha). Depois de gastar o custo inicial do totem, os jogadores podem gastar quaisquer pontos de Antecedente restantes para aumentar a força e as capacidades do totem.\nCusto Poder\n1 Por três pontos para gastar em Força de Vontade, Fúria ou Gnose\n1 O totem pode falar com a matilha sem o benefício do Dom: Fala com Espíritos.\n1 O totem sempre encontra os membros da matilha.\n2 O totem está quase sempre com os membros da matilha.\n2 O totem é respeitado por outros espíritos.\n2 Por encanto possuído\n3 Por membro extra da matilha que pode usar os poderes do totem no mesmo turno\n4 O totem está ligado misticamente a todos os membros da matilha, permitindo comunicação entre eles mesmo a grandes distâncias.\n5 O totem é temido pelos agentes da Wyrm. Ou os lacaios da Wyrm fogem da matilha, ou fazem o possível para matá-la.\nO custo listado é em pontos de Antecedente, que podem ser comprados com experiência (veja Gastando Pontos de Experiência, p. 244) à taxa de dois pontos de experiência por ponto de Antecedente. (Portanto, três pontos de Fúria custariam dois pontos de experiência.) O Narrador só deve permitir aumentos nos poderes do totem quando isso couber na história, como quando os membros da matilha sobem de posto, quando um novo membro se junta a ela ou quando os membros ganham uma nova compreensão sobre a natureza do seu totem. Quando o totem é ligado a um espírito mais poderoso, o espírito maior pode conceder o fortalecimento de seu servo (o totem da matilha) em troca de um grande serviço prestado a ele pela matilha.
Arcane	Você domina a fina arte de desaparecer. Quer isso envolva um truque nada simples, a capacidade de nublar a mente dos homens, perturbadores sensoriais nanotecnológicos ou algum poder sem nome de obscuridade, você tem talento para se perder. Especialmente na era das câmeras de celular, dos bancos de dados globais, dos rastreadores eletrônicos, das amostras de DNA e dos monitores de circuito fechado em cada esquina, o Arcano — ou sua versão Tecnocrata, a Camuflagem — é um Traço útil de se ter. Registros se perdem; câmeras falham ou gravam imagens borradas no seu lugar; as pessoas se lembram de “Um cara… ou uma garota, sei lá — não tenho certeza mesmo.” Embora esse talento não seja invisibilidade propriamente dita, ele ajuda você a se misturar às multidões, borra seus traços diante das câmeras e permite que escorregue pelas frestas de um mundo cada vez mais vigiado.\nPara os magos místicos, o Arcano é uma dobra da realidade causada por flutuações de energia metafísica, como ecos ou Ressonância. No que diz respeito à Tecnocracia, este é um fenômeno perfeitamente explicável… e eles voltarão com uma explicação razoável assim que uma delas atender aos rígidos critérios de divulgação de informação. A União prefere manter o rastro de indivíduos misteriosos, como o Agente Secreto John Courage, que manifestam esse efeito de Camuflagem; fazê-lo, porém, é mais fácil de declarar do que de conseguir.\nEm termos de jogo, você soma seus pontos de Arcano/Camuflagem como dados extras em todos os testes ligados a Furtividade. Seus oponentes reduzem suas paradas de dados de Percepção ou Investigação nesse mesmo valor sempre que alguém tenta localizá-lo. Esse benefício dura enquanto você permanecer discreto. Em combate, as pessoas veem você normalmente, embora vídeos ou fotos daquela luta continuem borrados. Um personagem Camuflado que sair correndo aos gritos e se exibindo será notado, embora as testemunhas provavelmente discordem sobre a descrição exata dele depois que o evento passar. O efeito de Arcano/Camuflagem não esconde traços realmente memoráveis. Um sujeito de cabelo roxo e tatuagens no rosto vai ser notado, mesmo que as pessoas discordem sobre o tom de roxo ou sobre os padrões das tatuagens.\nX Você é tão óbvio quanto qualquer outra pessoa.\n• Você se mistura às multidões.\n•• Sua presença escorrega da memória.\n••• Você é aquela pessoa de quem ninguém se lembra direito.\n•••• Registros, fotos e até lembranças de você são poucos e difíceis de achar.\n••••• Você é como um fantasma neste mundo, conhecido apenas por aqueles em quem quer confiar.
Avatar	O Despertar define o mago. Quer ela o chame de algum deus interior místico, quer da Iluminação cientificamente explicável da consciência superior, é o Avatar ou Gênio que permite a um obreiro da vontade fazer o que faz. Alguns Avatares, porém, são mais potentes e eficazes que outros. Este Traço mede seu eu Desperto, reflete a capacidade dele de mover e reter Quintessência e determina o quão real ele é na percepção do seu personagem.\nTodo personagem mago tem um Avatar de algum tipo; a menos que você compre ao menos um ponto neste Traço, porém, sua capacidade de realmente fazer algo com sua magia é extremamente limitada. Embora seus testes de conjuração sejam baseados em Arete, e não no Avatar, sua personagem não conseguirá usar Quintessência para auxiliar suas magias. A capacidade de um mago de absorver ou empregar Quintessência é baseada no Traço Avatar. (Veja a entrada do Traço Quintessência, pp. 331-333.) Seu eu superior, também, é fraco – mais brasa do que fogueira. Uma pontuação alta de Avatar/Gênio, por outro lado, reflete um eu superior cuja personalidade distinta parece muito real ao mago em questão.\nX Um Avatar efêmero, dificilmente capaz de magia.\n• Uma presença notável que lhe permite absorver ou gastar um ponto de Quintessência.\n•• Uma presença dinâmica que lhe permite absorver ou gastar dois pontos de Quintessência.\n••• Uma entidade perceptível que lhe permite absorver ou gastar três pontos de Quintessência.\n•••• Um espírito potente que lhe permite absorver ou gastar quatro pontos de Quintessência.\n••••• Uma poderosa força de Iluminação que lhe permite absorver ou gastar cinco pontos de Quintessência.
Backup	Você pode chamar a cavalaria e esperar ajuda quando precisar… numa medida limitada, de todo modo. Graças à sua filiação a alguma organização, você consegue solicitar Reforços e fazer com que uma pequena equipe de gente útil apareça e resolva o problema. Ao contrário dos Aliados, essas pessoas são em boa parte anônimas, têm perícias limitadas e são mais ou menos descartáveis. Essencialmente, elas vêm cuidar de tarefas simples e depois se dispersam de volta para a organização à qual todos vocês pertencem.\nOs Reforços vêm de um grande contingente de pessoal habilidoso, porém não Desperto. A relação deles com os personagens dos jogadores é basicamente de conveniência, sem lealdade especial envolvida. Embora possam arriscar a vida em nome do mago, a ajuda não é pessoal. Essa gente está só fazendo seu trabalho.\nOs Reforços costumam chegar como um bando de brutamontes armados que entram para cobrir a fuga de um mago. Quaisquer tarefas (ou sacrifícios) importantes são responsabilidade do mago – os reforços não estão ali para carregar peso. Em outras situações, o Antecedente pode representar outros tipos de pessoal de apoio: recepcionistas, estudantes, roadies, motoristas, paramédicos, até prostitutas. Um Rei ou Rainha da Selva pode ser capaz de bradar por auxílio e atrair um grupo apropriado de animais, supondo que o personagem tenha uma razão narrativa para tal lealdade. O tipo de auxílio depende da organização, da situação e do papel do mago dentro daquele grupo. Um astro do rock Extático poderia chamar prostitutas e roadies, ao passo que um Terno Preto traria policiais, repórteres ou uma equipe de limpeza. E, embora seja fácil desdenhar da importância de estudantes, recepcionistas ou blogueiros, vale lembrar que a sociedade em geral depende mais de informação do que de violência. Um repórter eloquente pode fazer mais, no grande esquema das coisas, do que uma dúzia de sujeitos armados.\nO pessoal típico de Reforços tem Traços na faixa de 1 a 3, com uma ou duas Perícias notáveis. Os animais são pequenos (pássaros, ratos, morcegos, cães ou gatos domésticos etc.) e os espíritos são entidades menores de propósito único (espíritos mensageiros, elementais de brisa e assim por diante). Agentes de Reforço mais qualificados – mercenários, ninjas, ciborgues, espíritos menores ou grandes animais predadores, por exemplo – custam o dobro dos agentes típicos, mas têm Traços na faixa de 3 a 5, capacidades incomuns ou potencial de combate sério. Na prática, esses agentes “temporários” de elite tornam-se Aliados pela duração de uma única missão e depois somem de volta para de onde quer que tenham vindo.\nPara obter este Antecedente, o personagem precisa fazer parte de uma organização maior – uma gangue, a polícia, uma divisão das forças armadas, a Tecnocracia e assim por diante. Seja qual for sua ligação com esse grupo, o mago precisa cumprir deveres ocasionais em nome do grupo que envia a assistência. Se ele não cumprir sua parte do acordo, se seus Reforços tendem a sofrer baixas pesadas ou se ele abusa dos agentes e do grupo deles de outra forma, este Antecedente pode ser reduzido ou retirado.\nExemplos de equipes de Reforço, e os tipos de mago que elas atendem, incluem:\n• Todos: Estudantes, motoristas, recepcionistas, mensageiros, técnicos de laboratório, ativistas políticos, comerciantes, trabalhadores braçais, socorristas, membros de culto, capangas.\n• Agentes da Autoridade: Policiais e detetives, militares, repórteres, socorristas, equipes de limpeza.\n• Celebridades: Fãs, roadies, assistentes pessoais, fotógrafos, equipe de estrada, jornalistas, maquiadores.\n• Clero: Acólitos, clero menor e leigo, curandeiros, devotos da sua religião.\n• Ciborgues: Mecânicos, técnicos, soldados, “temporários” cibernéticos.\n• Gente feral: Animais, curandeiros, pajés, anciãos tribais, nativos da região apropriada.\n• Gângsteres e Justiceiros: Membros de gangue, prostitutas, policiais aliados, gente da rua, viciados, jornalistas, criminosos de pequeno porte.\n• Hackers: Técnicos, blogueiros, “temporários” hackers, ativistas políticos, anarquistas, trans-humanistas, especialistas de TI.\n• Artistas marciais: Curandeiros, filósofos, alunos de artes marciais, lutadores “temporários”, devotos do seu caminho espiritual.\n• Magos ritualistas: Ocultistas, cultistas, acólitos, acadêmicos, assistentes amedrontados, aspirantes a aprendiz, diabretes menores ou “temporários” espirituais.\n• Eruditos: Assistentes de pesquisa, bibliotecários, blogueiros, acadêmicos, ex-alunos, pós-graduandos.\n• Cientistas: Técnicos, auxiliares de pesquisa, robôs, assistentes “temporários” deformados ou aprimorados.\n• Xamãs: Devotos, espíritos menores, animais, ativistas ou defensores armados da sua cultura.\n• Espiões e Assassinos: Informantes, membros de gangue, agentes infiltrados, equipes de limpeza.\n• Subculturais: Artistas, neotribalistas, músicos, curandeiros, blogueiros, especialistas em psicoativos, brutamontes da sua subcultura.\n• Magnatas: Subordinados corporativos, capachos, puxa-sacos, pessoal de escritório, jornalistas, seguranças.\n• Bruxas: Animais, devotos, adeptos da Nova Era, ativistas pagãos, curandeiros, espíritos menores.\nEste Antecedente pode passar de cinco pontos – veja (p. 301). Para exemplos de personagens e animais de Reforço, veja o Apêndice I, (pp. 618-639).\nX Você está por conta própria, garoto!\n• Dois agentes típicos.\n•• Quatro agentes básicos ou dois “temporários” qualificados.\n••• Seis agentes.\n•••• Oito agentes ou quatro “temporários”.\n••••• 10 agentes.\n••••• • 12 agentes ou seis “temporários”.\n••••• •• 14 agentes.\n••••• ••• 16 agentes ou oito “temporários”.\n••••• •••• 18 agentes.\n••••• ••••• 20 agentes, ou 10 “temporários”.
Certification	Numa era em que se precisa de licença para cada maldita coisa imaginável, as certificações certas podem lhe poupar um mundo de aborrecimentos. Com este Antecedente, sua personagem tem documentos oficiais que lhe permitem exercer alguma atividade regulamentada: caçar, dirigir, operar maquinário pesado, praticar medicina, possuir certas armas e assim por diante. Em geral, atividades assim envolvem risco, exigem treinamento especial, afetam a sociedade em geral, ou uma combinação das três coisas. Certificações simples, como uma licença de pesca, são fáceis de obter, ao passo que atividades realmente perigosas ou complexas exigem níveis mais altos de certificação.\nA menos que sua personagem tenha conseguido obter a licença sem o treinamento devido, você precisará de ao menos um ponto numa Habilidade relacionada para cada ponto neste Antecedente; uma licença médica, por exemplo, exigiria pelo menos quatro pontos em Medicina. Supondo que sua personagem tenha as perícias apropriadas (ou tenha pago as propinas apropriadas), você pode conseguir certificações para identidades alternativas (veja Identidade Alternativa, acima) e refletir um personagem com os documentos certos sob vários nomes.\nCertificações oficiais trazem certo grau de visibilidade. Elas podem ser conferidas pelas autoridades e, embora uma licença de armamento pesado possa lhe permitir possuir equipamento sério, ela também garante que você será uma das primeiras pessoas que a polícia vai procurar quando alguém cometer um crime com armamento desse tipo!\nX O de sempre – carteira de motorista, documento de identidade, nada de especial.\n• Licença de caça, alvará comercial, passaporte para um país aberto etc.\n•• Certificado de professor, licença de terapia corporal, certificação PADI, contador registrado, carteira de motorista de caminhão ou de moto, porte básico de arma de fogo etc.\n••• Porte de arma oculta, licença para descarte de materiais perigosos, ordenação religiosa, certificação de salva-vidas, licença de detetive particular, brevê de piloto privado etc.\n•••• Licença de armas Classe C, profissional de medicina ou direito com registro no conselho, licença de piloto profissional, agente de inteligência do governo etc.\n••••• Imunidade diplomática, licença para matar.
Chantry	No mundo perigoso dos Despertos, é sempre boa ideia ter alguns associados de mentalidade parecida e uma fortaleza com uma segurança razoável. Desde a Era de Ouro da Feitiçaria, esses lugares têm sido chamados de Convênios: centros onde um grupo de magos aliados demarca território, consolida recursos e concorda em ajudar e defender uns aos outros quando preciso. Anos depois, a Ordem da Razão adotou essa ideia e construiu a União Tecnocrática em torno desse princípio. No século XX, os magos das Tradições chamam esses lugares de Capelas, a União os chama de Constructos, e outros magos os chamam pelo nome que soar culturalmente apropriado (templo, loja, mesquita etc.).\nEm termos de jogo, uma Capela ou Constructo é uma base de operações. Um personagem com este Antecedente pertence a uma base assim e tem certos benefícios do grupo que a mantém, além de responsabilidades para com ele. A maioria dos agentes Tecnocratas pertence a um Constructo por padrão – é simplesmente assim que a União opera. Os magos místicos têm mais escolha nessas coisas, mas muitos deles pertencem a Capelas por praticidade. Há força nos números, afinal.\nComo as regras de criação de personagem de Mago pressupõem que os personagens iniciantes são novos no jogo dos Despertos, um personagem com este Antecedente começa como membro de baixa patente de uma fortaleza já estabelecida. Ela tem o benefício de pertencer a um grupo de pares mais velhos e experientes (que provavelmente são personagens conduzidos pelo Narrador), mas começa no fim da hierarquia. Os anciãos a põem para fazer recados e tarefas pela Capela, e ela não tem peso político dentro do grupo. Crescer além desse estágio é uma das chaves da jornada de um mago jovem.\nUm grupo de magos místicos também pode criar sua própria Capela, opção que não está aberta aos agentes Tecnocratas. (A União desaprova esse individualismo.) Somando pontos entre os membros, o grupo pode reunir os recursos necessários para construir um lugar próprio. Em termos de jogo, esses pontos de construção refletem tempo, dinheiro, favores, trabalho e outras coisas gastas no processo de estabelecer a fortaleza. (Um sistema de construção baseado em pontos foi publicado em The Book of Chantries, mas esse sistema foi descartado desde então.) Quanto mais pontos o grupo reunir, maior a Capela pode ser.\nEspelunca Segura reserva de 10-20 pontos\nSantuário Pequeno reserva de 21-30 pontos\nCapela Mística reserva de 30-70 pontos\nFortaleza reserva de 71-100 pontos\nCentro de Poder reserva de 101+ pontos\nUma Capela ou Constructo pode assumir a forma que parecer apropriada. Uma pode ser um bosque rural; outra pode ser um cinema abandonado; a terceira pode ser um laboratório louco isolado; e a quarta se instala num prédio comercial, numa casa comunal viking, num escritório de advocacia ou numa oficina mecânica. Capelas e Constructos de nível baixo têm alguns recursos mundanos – algumas proteções mágicas, um sistema de segurança, talvez um punhado de auxiliares não Despertos, serviços de comunicação e assim por diante. No nível de Capela Mística, o lugar pode ganhar alguns adornos paranormais: piscinas de vidência, portais para Reinos do Horizonte, guardiões espirituais, esse tipo de coisa. Fortalezas e Centros de Poder têm recursos mundanos e mágicos/hipertecnológicos extensos; lugares assim devem ser detalhados junto ao Narrador e exigem investimentos enormes de tempo, poder, trabalho e material.\nA estabilidade dessa reserva depende da cooperação e da sobrevivência contínuas dos contribuintes. Se um mago sai ou é morto, seus pontos se perdem. Se o grupo inteiro se fragmenta, todos os pontos se perdem e a Capela se dissolve. Os membros sobreviventes podem juntar pontos de experiência e cobrir a diferença da contribuição perdida. Do contrário, aquela Capela se junta às muitas irmandades e fortalezas quebradas espalhadas pela história dos magos.\nA propósito, outros Antecedentes ligados à Capela precisam ser comprados separadamente. Os seguintes Antecedentes podem ser acrescentados a uma Capela: Aliados, Arcano, Reforços, Culto, Familiar, Influência, Biblioteca, Mentor, Nodo, Patrono, Lacaios, Recursos, Espiões e Maravilha. Para detalhes sobre como combinar pontos de Antecedente em um Traço compartilhado, veja Antecedentes Somados, (pp. 301-302).\nX Nenhum lugar a que chamar de lar.\n• Um ponto de reserva ou filiação a uma Espelunca minúscula.\n•• Dois pontos de reserva ou filiação a um Santuário pequeno.\n••• Três pontos de reserva ou filiação a uma Capela ou Constructo médio.\n•••• Quatro pontos de reserva ou filiação a uma Fortaleza.\n••••• Cinco pontos de reserva ou filiação a um Centro de Poder.
Cult	Qualquer mago com carisma pode ter amigos; este Culto, porém, vai além da mera amizade. Esses devotos confiam em você e o reverenciam tão profundamente que, quando reunidos e dirigidos, conseguem emprestar sua crença aos seus rituais.\nA natureza do seu culto não importa. Você pode ser uma figura religiosa com uma congregação, um artista com fãs especialmente devotados, um professor cujos alunos literalmente o reverenciam, ou qualquer outro arranjo parecido. O que importa é a crença: seu culto o aceita como alguém que realiza maravilhas, e eles querem fazer parte disso… e por isso fazem.\nComo detalhado em Aliados, Assistentes e em Cultos e Agindo em Conjunto (Capítulo Dez, p. 532 e pp. 542-543), um grupo de assistentes que compartilha uma crença comum soma à parada de dados do conjurador num ritual feito com a ajuda deles. Rituais assim podem envolver tanto Artes místicas quanto tecnomagia, desde que todos participem. Na maioria dos casos, todos os personagens envolvidos precisam ocupar o mesmo espaço físico durante o ritual; uma exceção possível pode ser feita a um grupo em rede ligado por magia da Mente ou por tecnologia de conferência (uma LAN party, uma videoconferência e assim por diante). Ainda assim, os ajudantes precisam ter convicção absoluta e estar livres – ao menos naquele momento – de distrações externas.\nOs membros do culto são Adormecidos típicos: nada especialmente habilidosos ou realizados além de sua fé absoluta em você. Ajudantes poderosos são Aliados, Reforços, Lacaios ou outros personagens importantes. Estes, porém, têm alguma razão vital para acreditar no que você faz. Do seu lado, então, você precisa corresponder à confiança deles. Se quer essa confiança, ao menos pareça ser a pessoa que eles esperam que você seja. Se a fé deles vacilar, você perde os benefícios deste Antecedente.\nÉ possível ter um culto maior, é claro – um evangelista popular pode ter centenas de devotos. Depois de certo ponto, porém, eles só conseguem ajudá-lo até certa medida. O nível de cinco pontos deste Antecedente oferece o benefício máximo para um culto.\nX Nenhum culto.\n• Culto minúsculo: 3-7 pessoas. Some um dado à parada de dados de um ritual conjurado com a ajuda do grupo.\n•• Culto pequeno: 8-12 pessoas. Some dois dados a rituais conjurados quando o grupo estiver reunido.\n••• Culto moderado: 13-17 pessoas. Some três dados a rituais conjurados na presença do grupo inteiro.\n•••• Culto grande: 18-22 pessoas. Some quatro dados a rituais conjurados com o grupo por trás.\n••••• Culto enorme, entre 23-30 pessoas. Some cinco dados a rituais conjurados quando o culto inteiro estiver reunido.
Demesne	A mente de um mago é seu castelo. Ali ela pode se afastar de tudo e ir para um mundo de sua própria feitura. Tratados clássicos e renascentistas falam de palácios da memória, nos quais uma pessoa constrói uma estrutura em sua mente como auxílio à meditação, ao estudo, à reflexão e, claro, à memória. Moldados a partir da consciência de quem os ergue, esses constructos não têm forma física, mas oferecem um tipo de refúgio. Com este Antecedente, você tem um lugar assim.\nCosmologicamente, um Domínio Onírico existe na Maya como um Reino do Sonho semipermanente inspirado por sua mente adormecida. Esse Reino pode ser algo que você criou de propósito com o Talento: Sonho Lúcido, ou pode existir num lugar conjurado pela sua imaginação subconsciente. De um jeito ou de outro, ele segue as deixas da sua consciência e exibe elementos de significado pessoal para você. Sua mente pode erguer um templo que ninguém pode profanar, um campo de flores em honra ao seu amado, uma galeria de imagens que imortalizam pessoas ou lugares dos quais você quer se lembrar… se você consegue sonhar, consegue criar… embora talvez não controle sua criação depois que o Domínio Onírico existir.\nEsse Domínio Onírico pode não ser um lugar agradável. Pesadelos, Silêncios, pensamentos suicidas e outras neuroses sombrias também podem gerar um Domínio Onírico. Talvez você queira moldar um reino de pesadelo, seja como campo de provas, purgatório ou reflexo do seu amor por filmes de terror. Agradável ou não, o Domínio Onírico pode ser pequeno, imponente ou vasto. Você mesmo pode não saber o quão amplo ele consegue ser. Nossas mentes, afinal, são cheias de surpresas…\nEm termos de jogo, a pontuação do Antecedente reflete o grau de controle que você tem sobre esse lugar depois que ele se estabelece. Em pontuações baixas você pode visitar o Reino, mas não comandá-lo; em níveis mais altos você determina quase cada detalhe do seu Reino. (Novamente, veja a entrada de Sonho Lúcido, p. 294.) Defina a aparência e a natureza do seu Domínio Onírico, provavelmente em colaboração com seu Narrador… que fatalmente vai acrescentar alguns elementos próprios.\nAo sonhar ou meditar, seu personagem pode visitar seu Domínio Onírico com um teste bem-sucedido de Percepção + Domínio Onírico. A dificuldade depende da sua situação: dirigir-se até lá em circunstâncias normais seria dificuldade 5 ou 6, ao passo que tentar alcançá-lo em circunstâncias aflitivas (digamos, sob tortura ou outras provações) iria de dificuldade 7 a 9. Depois de chegar, a consciência do personagem está livre para vagar pelo Domínio Onírico. Embora sofrimento físico ou mental possa perturbar o Reino, ele continua sendo um espaço familiar – ainda que nem sempre acolhedor.\nNão há nada de físico num Domínio Onírico. Você não vai até lá fisicamente e não pode tirar de lá nada físico. Em vez disso, o viajante envia sua forma astral para o Domínio Onírico, deixando o corpo para trás; para detalhes, veja Viagem Astral nos Capítulos Quatro e Nove, (p. 87) e (pp. 476-478). Dito isso, você não precisa de Mente 3 ou mais para entrar no seu próprio Domínio Onírico – o Traço de Antecedente cuida dos arranjos de viagem. Um mago capaz de viajar astralmente, porém, pode sair do Domínio Onírico e alcançar outros Reinos do Sonho ou Astrais a partir dele.\nNo Domínio Onírico, sua aparência reflete seu estado mental. Se você está calmo, está em sonho lúcido, ou conseguiu projetar sua forma astral ideal, você tem a aparência que quiser. Em outras circunstâncias, sua forma visitante pode denunciar qualquer estresse, medo ou insegurança que você esteja enfrentando no mundo físico. Um teste bem-sucedido de Raciocínio + Domínio Onírico (ou Sonho Lúcido) permite que você ajuste sua aparência naquele momento, no entanto… e testes parecidos podem ajudá-lo a mudar também a paisagem onírica. Mudanças grandes, é claro, exigem vários sucessos – veja acima as dificuldades possíveis.\nComo o próprio Domínio Onírico reflete o estado mental de quem o criou, você também pode confrontar questões internas dentro das fronteiras do Reino do Sonho. Um teste bem-sucedido de Percepção + Domínio Onírico permite que você desemaranhe conflitos subconscientes e descubra o que está acontecendo sob a superfície. Numa nota relacionada, você pode tentar acessar lembranças que talvez estejam escondidas pelo Domínio Onírico. Nesse caso, role Inteligência + Meditação ou Domínio Onírico (o que for maior), com a dificuldade e o número de sucessos baseados na obscuridade daquela informação. O nome da sua última namorada seria fácil de achar, mas o nome do garoto que sentava ao seu lado na terceira série seria bem mais difícil de lembrar.\nUm mago hábil na Mente (isto é, Mente 3 para um sujeito adormecido, Mente 4 para um acordado) pode atrair a consciência de outras pessoas para dentro do seu Domínio Onírico também. Se a pessoa não quiser entrar no Domínio Onírico, faz-se uma disputa de Força de Vontade contra Força de Vontade (veja Ações Resistidas no Capítulo Oito, p. 390), e o vencedor alcança seu objetivo. Quem estiver lutando contra o sonho pode rolar a cada poucos turnos para deixar o Domínio Onírico; até que o teste tenha sucesso, porém, o personagem fica preso. Mais uma vez, não se trata de uma armadilha física, embora estar preso no pesadelo alheio possa ser bastante aterrorizante…\nSe seu mago cair num Silêncio, você pode rolar sua Força de Vontade (dificuldade 9) para entrar no seu Domínio Onírico; ali ele continua preso na paisagem mental, mas ao menos é um território familiar. Alguns testes bem-sucedidos de Percepção + Domínio Onírico podem levá-lo de volta para fora. Veja Silêncio no Capítulo Dez, (pp. 554-561).\nX Nenhum Reino do Sonho digno de nota.\n• Visitante ocasional do Reino. Você tem um nome para ele e reconhece algumas características importantes.\n•• Visitante regular, você já viajou bastante pelo Domínio Onírico.\n••• Em seus sonhos, você conhece muito bem esse lugar.\n•••• Este é o seu Reino e, embora você não comande cada característica ou habitante dele, todos o conhecem e o reconhecem como alguém com autoridade ali.\n••••• Senhor ou Senhora do Domínio Onírico, você conhece e comanda este Reino como se fosse seu reino… porque é.
Destiny	Você é um Escolhido, destinado a cumprir um papel vital no drama cósmico. Profecias insinuam sua grandeza vindoura; a análise estatística aponta para a sua importância. E o mais importante: você sabe que está fadado a ser especial. Quando as coisas parecem sombrias, você pode recorrer a esse saber para atravessá-las.\nUma vez por sessão, você pode recorrer a esse senso de destino se estiver diante de um desafio duro ou de um aperto. Se tiver gastado todos os seus pontos de Força de Vontade antes dessa crise, pode rolar sua parada de dados de Destino contra dificuldade 8. Cada sucesso obtido permite que você recupere instantaneamente um ponto de Força de Vontade. Com essa confiança restaurada, você pode driblar a derrota ou a morte, vivendo mais um dia para cumprir os planos do Destino.\nEm algum momento, porém, você enfim encarará seu destino final. Naquele dia, o Narrador declara: “É o seu Momento de Destino. Encare ESTA crise sozinho!” A partir daí, seus testes especiais acabaram. Seja o que for que o Destino reservou para você, cabe a você cumprir esse destino. Se por acaso você sobreviver àquele encontro e realizar algo memorável, este Antecedente desaparece, talvez para ser substituído por outro Antecedente (a critério do Narrador) que reflita a mudança dramática de vida por que você passou. Se você falhar, fica com a certeza de que o Destino bateu à porta e você não deu conta da tarefa.\nX Você não é especialmente importante.\n• Um destino menor; role um dado.\n•• Você é importante; role dois dados.\n••• Você tem peso; role três dados.\n•••• Você está destinado a grandes coisas; role quatro dados.\n••••• Um dia desses você será uma lenda; role cinco dados.
Dream	O conhecimento é tudo para um mago. Sendo os condutos para a consciência cósmica que podem ser, certos magos conseguem acessar informação que não estudaram nem praticaram pessoalmente. Depois de tomar algum tempo para meditar (ou, no caso dos Tecnocratas e de outros obreiros da vontade de mentalidade científica, para fazer uma Hiperleitura), esses magos podem se conectar temporariamente à riqueza de conhecimento e experiência que existe por aí, canalizando Traços de Habilidade que normalmente não possuem.\nEm termos de história, seu personagem toma um curto período de tempo para se concentrar numa situação específica. Quanto mais elaborada a situação, mais tempo leva para meditar sobre ela. A forma da concentração depende do foco do mago e pode ir de uma sessão de BDSM a uma noite dura de biblioteca. Um erudito pode se enfiar nos livros e se perder no estudo para uma prova que se aproxima; uma vidente pagã pode caminhar pela mata, buscando os espíritos daquele lugar. Spider Chase pode girar fogo enquanto Zafira Angelita reza pela orientação de Deus.\nEm termos de jogo, role Percepção + Sonho (dificuldade 6) para obter revelações sobre a questão em pauta. Desde que seu personagem não tenha sido interrompido durante sua prática meditativa, ele pode recorrer a certa quantidade de conhecimento flutuante que trate da situação. Se o teste de Percepção + Sonho tiver sucesso, você pode substituir sua pontuação de Sonho por outra Habilidade relacionada ao objeto da concentração dele. Se o personagem normalmente não tem aquela Habilidade, ainda assim pode usá-la para lidar com a situação numa única tarefa ininterrupta, supondo que tenha meditado sobre um assunto relacionado naquele dia; se tiver a Habilidade, pode usar a pontuação de Sonho em vez dela – um Traço não se soma ao outro.\nComo exemplo, digamos que Spider enfrente uma luta séria contra um oponente que sabe muito bem o que faz. Sua Briga fraca não vai dar conta, então ela medita enquanto gira fogo. Spider tem quatro pontos em Sonho. Sua jogadora faz um teste bem-sucedido de Percepção + Sonho e, assim, durante aquela luta – e apenas por ela – Spider se vê com quatro pontos de Artes Marciais, uma Habilidade que normalmente não possui. Depois que a luta acaba, a perícia de Spider some; por mais que tente, ela não consegue lembrar o que acabou de fazer.\nEste Antecedente não é confiável. Você pode receber uma Habilidade que não esperava e não consegue segurar o que sabe – é mais uma sensação do que uma certeza. A Habilidade concedida pelo Sonho dura pela duração de uma tarefa necessária – uma luta, uma prova, uma reunião de diretoria, uma corrida e assim por diante – e só pode ser usada para cumprir aquela tarefa. Sonho só pode ser usado uma vez por dia e, embora o jogador possa dizer o que gostaria de aprender, é o Narrador quem toma a decisão final sobre a Habilidade conferida por aquele Sonho.\nX Você não tem essa conexão especial com a consciência coletiva.\n• Você capta fragmentos nebulosos de informação relacionada. Um dado para a tarefa.\n•• Percepções úteis se apresentam durante um transe. Dois dados para a tarefa.\n••• Suas meditações produzem resultados sérios. Três dados para a tarefa.\n•••• A partir de um transe, você consegue extrair pedaços impressionantes de conhecimento. Quatro dados para a tarefa.\n••••• Você tem linha direta com a consciência coletiva. Com tempo para se concentrar, consegue captar coisas fenomenais. Cinco dados para a tarefa.
Enhancement	A hipertecnologia Iluminada consegue realizar coisas incríveis, e poucas são mais assombrosas (ou, para alguns magos, mais profanas) do que a modificação de tecido vivo com o poder das máquinas. Tais aprimoramentos melhoram (ou profanam) a obra da Natureza, criando mutações mais ou menos permanentes – membros cibernéticos ou biomods de engenharia genética que dão ao sujeito poderes muito além das capacidades normais.\nUm personagem Aprimorado tem uma de três opções:\n• Um ciborgue tem dispositivos biomecânicos integrados ao corpo: ossos de Primium, garras retráteis, sensores de infravermelho e assim por diante. A pontuação do Antecedente dá a esse personagem certa quantidade de Dispositivos de Aprimoramento cibernéticos, ao custo de pontos permanentes de Paradoxo.\n• Uma pessoa biomodificada tem modificações orgânicas permanentes enxertadas, cultivadas ou de outro modo implantadas em seu corpo. A pontuação do Antecedente funciona como a cibernética, com Paradoxo permanente, mas com algumas vantagens sobre a modificação mecânica.\n• Um ser de engenharia genética tem certos aprimoramentos físicos que o tornam mais forte, mais rápido, mais resistente, mais inteligente, mais perceptivo ou mais bonito do que um espécime típico da espécie. A pontuação do Antecedente eleva os Atributos relacionados acima de seus máximos normais, ao custo de defeitos genéticos permanentes.\nEssas três opções não podem ser combinadas. Um único personagem pode ter apenas uma, não as três. Cada opção tem certas regras e limitações:\n• Cibernética: Esses dispositivos transformam você num ímã de Paradoxo. Em termos de jogo, você tem pontos permanentes de Paradoxo somados à sua Roda de Paradoxo; esses pontos nunca vão embora, e todo Paradoxo adicional que você acumular se soma a eles. Assim, os contragolpes de Paradoxo podem ficar muito feios. Ciberimplantes são essencialmente máquinas afinadas ao seu corpo. Ciborgues que irritam seus inventores têm os implantes removidos, o que costuma ser um processo terminal. Essas entidades também são investimentos ambulantes para seus criadores, que vigiam muito de perto o comportamento e a localização desses recursos humanos. As lições de Frankenstein não passaram despercebidas a quem constrói ciborgues, e eles muitas vezes instalam dispositivos de segurança para reduzir esse tipo de infortúnio. No mínimo, costumam ir a extremos ridículos para recuperar um ciborgue desgarrado… ou para destruí-lo. Quanto aos efeitos da magia baseada em Vida sobre humanoides cibernéticos… bem, não é bonito. Tais feitiçarias fazem o tecido orgânico rejeitar os dispositivos mecânicos. Magias de Vida infligem dois níveis adicionais de dano agravado a ciborgues se ultrapassarem a contramagia deles. Como proteção, os ciborgues da Tecnocracia recebem Contramedidas de Primium, descritas em Biotecnologia no Apêndice II, (p. 659). Ciborgues de seitas não Tecnocratas, porém, estão meio ferrados.\n• Biomods: Esta forma de mutação genética ou de modelagem da carne instala essencialmente modificações permanentes no corpo do personagem. Ao contrário da cibernética mecânica, esses mods não podem ser desinstalados nem rejeitados pelo corpo. (Podem, é claro, ser cortados ou removidos cirurgicamente.) O dano extra da Esfera da Vida, portanto, não se aplica aos biomods, embora os pontos permanentes de Paradoxo ainda se apliquem a biomods evidentes. Como os aprimoramentos de engenharia genética, os biomods também obrigam o personagem a assumir um Defeito Genético por nível no Traço de Antecedente.\n• Engenharia genética: Ao contrário dos aprimoramentos mecânicos, a engenharia genética em geral não é evidente. A menos que um bioconstructo geneticamente modificado levante um carro ou rebata balas no peito, ele costuma passar por um ser humano normal. Ainda assim, a compreensão imperfeita do tecido orgânico – ou simplesmente a arrogância de quem quer dominá-lo – deixa seu próprio legado: loucura, doença e assim por diante, representados nas regras pelos Traços de Defeito Genético, descritos no Apêndice II, (pp. 648 e 651).\nOs seguintes Atributos – e nenhum outro! – podem ser elevados por Aprimoramentos: Força, Destreza, Vigor, Aparência, Percepção, Inteligência e Vitalidade. Esses pontos adicionais de Traço podem elevar os Traços normais de um personagem até 8 e podem ser divididos entre vários Atributos diferentes… por exemplo, três em Força e dois em Vigor.\nGraças a seus efeitos poderosos e a suas propriedades incomuns, o Traço Aprimoramento é mais caro que o usual. Este Antecedente custa DOIS pontos por ponto, em vez do usual um ponto. Essas modificações são essencialmente Dispositivos embutidos, de modo que este Antecedente não pode ser compartilhado, requisitado nem somado. Ele pode ser aumentado com pontos de experiência, desde que haja por perto outro personagem que saiba trabalhar com as tecnologias associadas. Não recomendamos permitir que personagens de jogador comprem este Antecedente acima da pontuação máxima de 5. Certos personagens coadjuvantes poderosos podem ter modificações mais extensas, mas Aprimoramentos tão extremos devem ficar fora do alcance dos seus jogadores.\nEm geral, o Antecedente Aprimoramento se aplica apenas a personagens Tecnocratas. Com a aprovação do Narrador, porém, outros personagens de base tecnológica (Eteritas, Adeptos Virtuais, ciberpagãos etc.) podem receber esses mods também. Há uma ressalva, no entanto: a União passou décadas aperfeiçoando essas tecnologias, ao passo que cientistas loucos individuais foram no improviso. É perfeitamente apropriado obrigar personagens não Tecnocratas a assumir Defeitos adicionais ou a sofrer outras penalidades de jogo por causa de seus Aprimoramentos.\nPara detalhes sobre Aprimoramentos e seus Defeitos relacionados, veja novamente as seções de Biotecnologia e Defeitos Genéticos no Apêndice II, (pp. 648-651) e (pp. 657-661).\nX Nenhuma modificação especial.\n• +1 ponto de Atributo, ou 3 pontos para Dispositivos. Um ponto de Paradoxo ou Defeito Genético.\n•• +2 pontos de Atributo, ou 6 pontos para Dispositivos. Dois pontos de Paradoxo ou Defeitos Genéticos.\n••• +3 pontos de Atributo, ou 9 pontos para Dispositivos. Três pontos de Paradoxo ou Defeitos Genéticos.\n•••• +4 pontos de Atributo, ou 12 pontos para Dispositivos. Quatro pontos de Paradoxo ou Defeitos Genéticos.\n••••• +5 pontos de Atributo, ou 15 pontos para Dispositivos. Cinco pontos de Paradoxo ou Defeitos Genéticos.
Familiar	Aliados animais continuam sendo parte integral da mística do mago clássico. Quem nunca ouviu falar do gato da bruxa, do corcel telepático, do irmão-lobo ou do assistente de laboratório feito de peças avulsas e engenhosidade? A Tradição chama essas entidades de familiares, e a maioria das Nove Tradições costuma usar esse nome também. Outros grupos, como de hábito, usam nomes próprios: assistentes, irmãos, feras-almas, animais espirituais e assim por diante.\nEmbora a Tecnocracia não reconheça oficialmente esse desvio de protocolo em suas fileiras, sabe-se que certos Tecnocratas – especialmente entre os Progenitores, a Nova Ordem Mundial e a Iteração X – empregam Companheiros: bichos aprimorados ciberneticamente, experimentos de bioengenharia, clones e assim por diante. Animais de laboratório têm sua inteligência e suas capacidades ampliadas pelas maravilhas da hiperciência, e humanos cultivados em tanques, de pele perfeita e traços deslumbrantes, povoam os escritórios e bordéis dos chefões do Sindicato. Lá nas franjas nebulosas onde o protocolo vira mera sugestão, Engenheiros do Vácuo trabalham ao lado de alienígenas amigáveis(?) e de criaturas terrestres tecnologicamente modificadas. Esses Companheiros, é claro, não têm nada a ver com aqueles familiares supersticiosos – tal comparação seria praticamente traição! E, no entanto, é curioso o quanto Companheiros e Familiares têm em comum. Em termos de jogo, claro, são basicamente a mesma coisa. Os Tecnocratas definem suas cerimônias de vínculo e seus procedimentos de alimentação de outro modo, mas o Traço de Antecedente funciona igual para as duas definições.\nO papel principal de um Familiar/Companheiro envolve companhia. Magos levam vidas estranhas que muitas vezes os afastam das interações humanas normais e, assim como as pessoas desejam animais de estimação de várias espécies, os magos desejam a companhia de entidades que compreendam essas vidas estranhas que levam. Pode parecer esquisito povoar seu laboratório com camundongos hiperinteligentes (e francamente insano enchê-lo de macacos hiperinteligentes!), mas quando a esquisitice define seu cotidiano, esses companheiros parecem perfeitamente apropriados. Com pouquíssimas exceções, essas criaturas têm pelo menos inteligência de nível humano, níveis enigmáticos de percepção e sabedoria arcana e ao menos uma ou duas capacidades físicas além do que se esperaria de um animal ou pessoa normal.\nQue tipo de Familiar ou Companheiro você tem? Isso depende da sua abordagem da vida e da magia. Familiares/Companheiros comuns para vários tipos de mago incluem:\n• Megafauna carismática: Lobos, ursos, jacarés, águias, falcões, macacos, grandes felinos, bois, bisões, cavalos, cervos, renas etc. (Xamãs, bruxas da natureza, artistas marciais, clero, feiticeiros e assim por diante.)\n• Animais pequenos, porém capazes: Camundongos, ratos, gatos e cães domésticos, coelhos e lebres, corvos, corujas, raposas, pombos, papagaios, macacos, cobras etc. (Bruxas urbanas ou rurais, gente da rua, místicos suburbanos, cientistas loucos, acadêmicos, santos e assim por diante.)\n• Feras de ataque: Cães grandes, grandes felinos domesticados, aves de rapina, serpentes, aranhas etc. (Bruxas, Ternos Pretos, agentes da autoridade, militares, magos de guerra etc.)\n• Máquinas: Robôs, andróides e outros assistentes mecânicos. (Vários tipos de tecnomante.)\n• Servidores: Clones; serviçais esquisitos; “pessoas” incrivelmente fortes, atraentes ou capazes que parecem estranhamente obedientes e um pouco mais, e ao mesmo tempo menos, que humanas. (Executivos, celebridades, criminosos, cientistas loucos, bruxas urbanas, videntes, líderes de culto, tentadores decadentes, Infernalistas etc.)\n• Coisas mortas: Zumbis, esqueletos animados, partes do corpo desmembradas e ainda assim “vivas” – cabeças, mãos etc. (Necromantes, feiticeiros, líderes de culto, meninos de rua e outros magos do lado sombrio.)\n• Constructos: Golems, ciborgues, animais tecnologicamente aumentados, monstros costurados a partir de corpos antes mortos etc. (Cientistas loucos e outros tecnomantes; magos ritualistas da velha escola os fazem de argila, pedra e assim por diante.)\n• Seres híbridos: Sereias, centauros, sátiros, unicórnios e assim por diante. (Eles se sentem atraídos por místicos de alto mito, feiticeiros, bruxas da natureza, cientistas loucos, Marauders etc.)\n• Alienígenas: Cinzentos, Monstros de Olhos Esbugalhados, Horrores de Além do Espaço e do Tempo. (Engenheiros do Vácuo, Eteritas, cientistas loucos, cultistas enlouquecidos, nerds solitários esquisitos, Ternos Pretos etc.)\n• Diabretes: Diabinhos, bichinhos demoníacos, criaturinhas assustadoras etc. (Infernalistas, feiticeiros, bruxas assustadoras, líderes de culto etc.)\n• Servidores espirituais: Elementais, servos invisíveis, fantasmas menores, espíritos da natureza, epifelinos etc. (Xamãs de todo tipo, videntes, feiticeiros, bruxas etc.)\n• Feras de dados: Programas encarnados na Teia Digital. (Tecnomantes baseados na internet de todos os tipos.)\nSeja qual for a forma que seu associado assuma, o Familiar/Companheiro tem mente e consciência próprias, com agendas e desejos que você pode presumir mas nunca conhecer de verdade. Há sempre algo vagamente alienígena neles, e nem mesmo as maiores Artes da Mente conseguem penetrar por completo o processo de pensamento de tais entidades.\nEm termos de jogo, este Antecedente – como Aliados e Mentor – reflete um personagem ligado ao jogador, mas criado e conduzido pelo Narrador. Além da companhia, esse personagem confere vários outros benefícios ao seu mago:\n• Conselho: O Familiar/Companheiro tem acesso a certos tipos de informação e pode oferecer percepções ao mago associado. Em geral isso funciona como um punhado de Conhecimentos – Cosmologia, Enigmas, Ocultismo e possivelmente alguns outros – a partir dos quais o Familiar/Companheiro pode oferecer sugestões ao seu mago. A parada de dados desse Traço equivale a um dado por ponto no Antecedente. Digamos, por exemplo, que Spider Chase tenha uma tarântula azul de Familiar 3. Spider precisa de um conselho sobre um enigma, o Narrador rola três dados, e a tarântula tece o conselho numa teia.\n• Empatia: O mago e seu Companheiro partilham um laço emocional e cada um consegue sentir o que o outro está sentindo. Para esconder esses sentimentos, o personagem precisa passar num teste de Manipulação + Lábia, usando a Força de Vontade do outro personagem como dificuldade. Mesmo assim, o outro parceiro vai perceber que o personagem está tentando esconder algo.\n• O Festim de Urtigas/Anulação de Paradoxo: Quando um contragolpe de Paradoxo iminente ameaça o mago do Companheiro, ou quando esse mago absorve quantidades perigosas de energias de Paradoxo, o Familiar pode absorver certa quantidade dessas energias. Enquanto o Companheiro ficar perto do seu mago, normalmente dentro de uns 10 metros, ele pode drenar alguns pontos do Traço Paradoxo do mago ou consumir um contragolpe pendente. O Familiar pode reter até cinco pontos de Paradoxo por ponto no Antecedente; a aranha de Spider, então, poderia reter até 15 pontos de Paradoxo. O Familiar anula esses pontos à taxa de um ponto por semana. Se o Paradoxo exceder a capacidade do familiar – digamos, 15 de Paradoxo para a aranha de Spider – então todo o montante de Paradoxo explode num contragolpe horrível que afeta igualmente o mago e o Familiar. Veja Contragolpe Físico, também conhecido como “a Queimada”, em O Efeito Paradoxo, no Capítulo Dez, (p. 551). A propósito, os Familiares não gostam nem um pouco desse tipo de coisa, e podem se encher (por assim dizer) de um mago que os faça “comer urtigas” com frequência demais. Um Familiar fica bastante rabugento quando está empanturrado de Paradoxo, e pode romper o vínculo ou se rebelar de outro modo se seu mago continuar usando-o como bateria de Paradoxo.\nAlimentação de Quintessência: Em troca desses benefícios, o Familiar exige certa quantidade de Quintessência ou Tass por semana. Bichos místicos devoram energias mágicas mamando no mago, banhando-se em sua aura ou partilhando de outro modo contato físico ou metafísico. Companheiros tecnológicos comem petiscos ricos em Quintessência (isto é, Tass), absorvem Quintessência por contato físico (afeto, fusões mentais, sexo e assim por diante) ou são recarregados pelas máquinas hipertecnológicas do mago. Em termos de jogo é tudo a mesma coisa: o mago oferece Quintessência e o Companheiro se alimenta dela. Sem Quintessência, sem Familiar; o Companheiro descontente vai embora e o mago perde todos os benefícios ligados a ele.\nOs Familiares também apreciam presentes, favores, afeto e assim por diante. A natureza dessas oferendas depende de cada Companheiro e pode ser esquisita, arbitrária ou francamente horripilante.\nMagos espertos protegem seus Familiares… e com boa razão. Se um Familiar morre, o mago associado perde automaticamente todos os benefícios daquela relação, mais um ponto permanente de Força de Vontade e mais dois pontos de Quintessência por nível no Traço de Antecedente. Se isso custar mais Quintessência do que o mago tem a oferecer, os pontos adicionais de Quintessência viram pontos de Paradoxo. Se alguém esmagasse a tarântula de Spider, por exemplo, ela perderia seis pontos de Quintessência; se tivesse apenas dois pontos para começar, ganharia também quatro pontos de Paradoxo. Moral da história: não deixe ninguém esmagar seu Familiar!\nUm vínculo Familiar/mago começa com uma cerimônia de invocação apropriada. Xamãs fazem jornadas de visão, bruxas chamam uma auxiliar, cientistas loucos fabricam seus Companheiros por tecnologias heterodoxas e assim por diante. Independentemente dos detalhes, o mago e seu Companheiro concordam em partilhar um vínculo estreito. Enquanto ambas as partes sobreviverem e honrarem os termos daquele acordo – termos que exigem certos compromissos e sacrifícios do mago – o vínculo permanece intacto.\nEste Antecedente cobre um tipo especial de Companheiro; outros bichos de companhia sem as propriedades especiais do Antecedente contariam como Aliados ou como um Totem. Para as fichas de vários seres, veja o Apêndice I e, para uma coleção de familiares e as regras de criação de tais personagens, veja o suplemento de Mago 20 Gods, Monsters, and Familiar Strangers.\nX Nenhum bicho especial.\n• Seu Companheiro tem acesso a alguns fragmentos esparsos de informação útil. (Exige um ponto de Quintessência por semana e pode absorver até cinco pontos de Paradoxo.)\n•• Você tem um Companheiro bem legal. (Exige dois pontos de Quintessência por semana e pode absorver até 10 pontos de Paradoxo.)\n••• Um Companheiro magnífico partilha com você sua sabedoria e sua lealdade. (Três pontos de Quintessência por semana e até 15 pontos de Paradoxo.)\n•••• Você é agraciado com a presença (se nem sempre com o bom comportamento) de uma criatura esperta e miraculosa. (Quatro pontos de Quintessência por semana e até 20 pontos de Paradoxo.)\n••••• Seu Familiar provavelmente sabe mais que você, pode ser bastante exigente e tem uma personalidade muito franca. (Cinco pontos de Quintessência por semana, pode reter até 25 pontos de Paradoxo e vai encher muito o seu saco quanto às duas coisas.)
Legend	A imaginação coletiva da humanidade se concentra em você. Embora talvez você não seja de fato uma reencarnação do Rei Artur ou de Biggie Smalls, você evoca essas figuras num nível primal. As pessoas o veem como uma lenda e, por isso, esperam coisas lendárias de você. Como resultado, você funciona como um Nodo ambulante, capaz de recarregar sua própria Quintessência – e possivelmente a Quintessência de outras pessoas também – ao fazer jus à lenda associada a você.\nEm termos de história, escolha uma lenda e depois modele seu personagem a partir de alguns elementos familiares daquela figura. Chapeuzinho usaria um moletom carmesim e sairia vagando por onde não devia; Popeye falaria esquisito, comeria espinafre e arranjaria muita briga. Nossa era midiática fabrica lendas, então seu modelo pode ser um personagem da cultura pop, embora o poder dessas lendas não seja muito profundo. Quanto mais você fizer jus à lenda, mais energia ela lhe empresta.\nEm termos de jogo, você pode rolar seu Antecedente Lenda no máximo uma vez por história. Cada sucesso restaura um ponto de Quintessência na sua reserva. (É sábio escolher uma pontuação alta de Avatar se você tem este Antecedente.) A dificuldade desse teste depende de quão conhecida é aquela lenda no lugar onde você está; encarnar Sun Tzu pode lhe render enorme prestígio numa academia militar chinesa, mas o cidadão americano médio diria algo como “Sun QUEM?”. A dificuldade mínima do teste é 6; se sua Lenda for obscura, pode chegar a 9.\nUma vez por história, você também pode infundir Quintessência em itens – transformando-os em Tass – se eles tiveram algo a ver com você fazendo jus à sua lenda. Um Colt .45 usado por um Jesse James moderno, por exemplo, adquiriria certa energia por associação. Itens assim têm uma aura potente; até os Adormecidos sentem algo especial na guitarra de Jimi Hendrix. Personagens capazes de usar Quintessência podem acessar esse Tass para seus próprios fins. Cada ponto neste Antecedente permite que você infunda um único objeto com o valor total da sua pontuação em Quintessência, ou que impregne um ponto de Tass em cada objeto, um por ponto no Antecedente. Lenda 5, então, encheria um único item com cinco pontos de Quintessência ou impregnaria um ponto de Quintessência em cinco itens separados. Uma vez usado, esse Tass acaba até a próxima história.\nOutros personagens Despertos também podem recarregar seus Avatares a partir de você, se e quando assumirem um papel ativo na sua lenda. Um amante de James Dean, um companheiro de bebedeira de Janis Joplin, um mago que partilha a Távola Redonda de um Lancelote reencarnado – esses personagens também podem desfrutar dos benefícios desse efeito de Nodo ambulante, desde que tenham participado da lenda ao longo daquela história.\n(Tecnocratas também podem ter este Antecedente; aquele Lancelote reencarnado pode ser um ciborgue com uma personalidade particularmente nobre e uma vida onírica bastante ativa.)\nObjetos ou animais podem ter o Antecedente Lenda, com todos os poderes da Lenda de um personagem. Nesse caso, o elemento de “fazer jus à lenda” exige que outras pessoas acreditem na ligação deles com aquela lenda. A Stratocaster Sunburst de Hendrix pode ser uma Lenda por direito próprio, objeto de reverência para os amantes de música em toda parte. Um mago que pusesse as mãos naquela guitarra poderia recarregar seu Avatar tocando o instrumento… o que explica por que certos objetos se tornam ativos disputados entre quem sabe o que eles são, e por que gente continua matando búfalos e cervos brancos sempre que eles aparecem. Objetos e animais lendários, porém, devem continuar sendo propriedade do Narrador. Se o Narrador permitir que um personagem adquira aquele objeto ou animal, ele se torna uma Maravilha ou um Aliado.\nEm todos os casos, aquela Quintessência carrega também uma Ressonância lendária. A fumaça de um baseado passado pelo Monsieur Zig Zag vai evocar os anos 1960 mesmo em 2015, e ecos fracos de Ahiii-ahiii-ahhhh!!! seguem a trilha de um Homem Sem Nome. O machado de Lizzie Borden deixa as pessoas enjoadas mesmo que a verdadeira Lizzie Borden não tenha matado ninguém com ele. Essa força da crença gruda na essência de um Traço Lenda. Quem é tocado por uma lenda sabe que fez parte de algo extraordinário.\nEste Antecedente funciona bem com estes Antecedentes: Destino, Vidas Passadas e Totem, e também com certas Qualidades e Defeitos. Obviamente, você precisa de uma razão convincente para reivindicar o Antecedente Lenda. Simplesmente parecer com Jim Morrison não basta – você precisa ser Jim Morrison em todos os sentidos que importam. Muita gente se diz “os novos Beatles” ou “o próximo Jesus Cristo”, mas a conexão precisa ser mais funda que isso. Este Antecedente bebe de um poder sublime vindo do reino dos arquétipos. A menos que esse poder corra verdadeiro e se manifeste de forma clara e constante, você não passa de mais um impostor, não do artigo genuíno.\nX Nenhuma conexão lendária.\n• Uma lenda obscura (Gretel a Esperta, Abu Hassan) ou uma figura menor da cultura pop (Betty Boop, Grumpy Cat).\n•• Uma lenda menor (Simbá, o Marujo, Dom Quixote) ou uma figura relevante da cultura pop (Janis Joplin, o Gato de Cheshire).\n••• Uma lenda famosa (Guy Fawkes, Shaka Zulu) ou um ícone da cultura pop (Batman, Elvis).\n•••• Uma lenda importante (George Washington, Gerônimo, Chapeuzinho Vermelho).\n••••• Uma lenda universalmente popular (Cinderela, o Rei Artur, a Mona Lisa).
Node	Num mundo em que a magia parece escassa, você tem acesso a um milagre: um Nodo onde pode meditar para restaurar sua Quintessência interior ou colher Tass, energia solidificada, em várias formas. Talvez você tenha de lutar para manter esse lugar só seu, porém – lobisomens, espíritos e magos rivais estão sempre querendo acrescentar lugares assim às suas coleções. O Nodo pode não ser obviamente um sítio mágico; a maioria não é. Para quem entende dessas coisas, no entanto, os Nodos se destacam como faróis de energia cobiçados igualmente por místicos e Tecnocratas.\nNa grande tradição das religiões e dos impérios de toda parte, os Nodos tendem a ser convertidos aos propósitos dos grupos que os reivindicam. A Tecnocracia manda equipes higienizarem Nodos místicos e depois ergue fortalezas, laboratórios ou usinas de energia sobre a instalação anterior. Magos místicos consagram esses territórios a seu próprio modo, erguendo templos sobre clareiras, igrejas sobre poços e shoppings ou laboratórios de informática sobre o solo sagrado antes honrado por um grupo rival. Em suma, os Nodos são uma das frentes mais feias da Guerra da Ascensão. Mesmo magos aliados, como Coristas Celestiais e Verbena, não estão acima de reaproveitar os espaços sagrados uns dos outros… tudo pelo bem maior, é claro!\nComo menciona o Capítulo Três, os Nodos têm Ressonância vinda do tipo de energia que os formou. O Tass de um dado sítio carrega essa Ressonância consigo, e a forma que esse Tass assume segue a natureza do Nodo. Um Nodo forjado por uma batalha pode irradiar fúria e tristeza, encarnadas em sangue, ossos e cinzas; uma fonte de esperança parece revigorante e limpa, com Tass de água pura; mas um laboratório frankensteiniano parece gótico e ameaçador, com Quintessência em forma de raios saltando entre geradores e capturada em baterias, como Tass, para uso posterior. A Barreira tende a afinar em torno dos Nodos místicos, mas engrossa nos Tecnocratas, a menos que você esteja usando procedimentos de Ciência Dimensional em vez de magia espiritual.\nComo Traço de Antecedente, este Nodo representa um local mantido pelo seu personagem e talvez por alguns amigos. Você pode somar pontos de Antecedente para comprar um Nodo maior, embora seu grupo precise de uma razão razoável e narrativa se quiser começar a crônica com um lugar de grande poder. Seu Nodo produz certa quantidade de Quintessência ambiente e não explorada que seu Avatar pode absorver enquanto você medita naquele ponto por algum tempo, mais um pouco de Tass que pode ser coletado em forma sólida e usado depois em outro lugar. As quantidades exatas de Tass e de Quintessência livre dependem da natureza da sua crônica: o Nodo de uma saga de alta fantasia pode produzir até cinco ou 10 pontos de Quintessência por semana para cada ponto no Antecedente, ao passo que numa crônica de “a magia está morrendo” os Nodos produziriam apenas um ou dois pontos de Quintessência por semana para cada ponto no Traço. No fim das contas, é o Narrador quem determina o valor semanal de um Nodo. Para crônicas da era industrial, sugerimos dois pontos por semana por ponto no Traço – metade em Quintessência livre, metade em Tass. Seja qual for sua forma, esse suprimento de Quintessência é finito. Se você absorver tudo no seu Avatar ou coletar tudo como Tass, aquele Nodo precisa repor sua energia antes de poder ser usado de novo.\nOs lobisomens pensam nos Nodos como caerns: espaços sagrados abençoados por sua deusa-lua primordial. Movidos por fervor religioso, eles tendem a reivindicar os Nodos para si quando podem. Embora tais criaturas evitem as fábricas frias do poder Tecnocrata, um mago ou cabala com um Nodo místico pode receber visitas grandes e peludas querendo discutir uma transação imobiliária…\n(Observação: os níveis de caern foram ajustados em relação às versões antigas das regras para refletir a escala de 1 a 10 deste Antecedente.)\nX Nenhum lugar de poder.\n• Um sítio minúsculo, de pouca importância. (Caern de Nível Um.)\n•• Um pequeno fio de energia metafísica. (Caern de Nível Um.)\n••• Um fluxo constante de Quintessência. (Caern de Nível Dois.)\n•••• Uma pulsação de energia, mais quantidades generosas de Tass materializado. (Caern de Nível Dois.)\n••••• Um poderoso manancial de abundância energética. (Caern de Nível Três.)\n••••• • Um Nodo focado, com Tass e energia ambiente refinados por Artes ou ciências do Primórdio. (Caern de Nível Três.)\n••••• •• Uma força considerável de poder metafísico. (Caern de Nível Quatro.)\n••••• ••• Um lugar raro e maravilhoso, transbordando de Força Primordial encarnada. (Caern de Nível Quatro.)\n••••• •••• Um dos mais grandiosos sítios sagrados, ou das mais potentes refinarias, do mundo material. (Caern de Nível Cinco.)\n••••• ••••• Um dos sítios mais raros e preciosos da Terra… e um campo de batalha certo para as forças que quiserem tomar seu poder. (Caern de Nível Cinco.)
Past Lives	A reencarnação continua sendo assunto de debate, mesmo entre os magos. Akáshicos e Chakravanti baseiam toda a sua abordagem da realidade nessa ideia, e ainda assim seus aliados do Coro (para não falar daqueles Tecnocratas ateus) negam o conceito de almas recicladas… e às vezes a própria ideia de alma! Ainda assim, parece haver algo ali… uma essência familiar que certas pessoas conseguem invocar em momentos de necessidade.\nCom este Antecedente, você pode meditar sobre uma vida passada (ou, a critério do Narrador, ter um súbito lampejo de compreensão) para obter ajuda numa situação presente. Talvez o olhar de um adversário imponente lembre você daquela vez em que enfrentou o principal operativo de Stálin, ou aquele livro esquisito lembre o pergaminho alquímico que você estudou em Bizâncio. Se o Antecedente Vidas Passadas entrar em ação, suas lembranças ajudam você com o dilema presente.\nEm termos de jogo, a parada de dados deste Antecedente pode se somar à parada de dados de outra tarefa. Uma vez por sessão, você pode consultar esse poço de memória. Cada ponto em Vidas Passadas lhe dá um dado para rolar contra dificuldade 8; cada sucesso nesse teste lhe dá um dado extra para usar num teste futuro com alguma outra Habilidade. Esses dados podem se somar à parada de dados de uma Habilidade que você já possui, ou então – como o Antecedente Sonho – dar a você uma parada de dados temporária para uma Habilidade que normalmente não tem na ficha. Vidas Passadas não garante sucesso, mas pode emprestar um pouco de perícia extra.\nUma falha crítica num teste de Vidas Passadas põe você no meio de algum trauma de vida passada; por um momento crucial, as lembranças sobrepujam seu personagem e arruínam qualquer chance de sucesso no aqui e agora. Isso é especialmente perturbador se seu mago não acredita em reencarnação! (“Que diabos foi ISSO…?”) Para uma dose extra de graça, anote os detalhes da sua vida passada quando acessar este Traço com sucesso. Tais lembranças provavelmente vão ser úteis de novo algum dia…\nX Nenhuma vida passada digna de nota.\n• Traços fracos de alguma encarnação anterior.\n•• Casos frequentes de déjà vu.\n••• Lembranças definidas de outras vidas.\n•••• Recordação clara de experiências anteriores e de outras vidas.\n••••• Qual é mesmo esta vida aqui?
Patron	No xadrez político das facções da Ascensão, certos jogadores escondem o rosto dos peões. Um desses jogadores se dedicou ao seu bem-estar… ao menos por ora. É bem provável que você não faça ideia de quem é esse patrono, do que ele quer ou de qual será a conta final pelos serviços prestados; mesmo que ache que sabe quem está por trás dessa boa vontade, a verdade continua incerta. Essa pessoa não é um Mentor nem um Aliado, mas um benfeitor secreto cujos verdadeiros objetivos permanecem ocultos… ao menos por ora… da sua compreensão.\nEm termos de jogo, Patrono reflete uma parte poderosa que zela pelos interesses do seu personagem. Só o Narrador sabe quais são os planos dessa parte e qual pode ser o interesse dela no personagem. No começo da crônica, ao menos, esse benfeitor exerce força de maneiras misteriosas: ordens são revertidas, contratos emitidos ou rescindidos, presentes entregues, indiretas soltas e cordas puxadas. A magia não revelará o motivo dessas indulgências – o patrono é esperto demais para se deixar pegar tão facilmente. É claro que há alguma aliança ou terreno comum envolvido, mas a natureza dessa ligação permanece esquiva. Especialmente em labirintos paranoicos como as Ordens Herméticas ou Tecnocratas, essa generosidade misteriosa pode ser bastante desconcertante. Algum dia, você sabe, o patrono virá cobrar suas fichas…\nX Nenhum amigo especial.\n• Um alguém nas sombras puxando cordas de vez em quando.\n•• Um benfeitor prestativo que escolhe permanecer oculto.\n••• Um superior ou ancião que ajuda você por motivos misteriosos.\n•••• Uma parte poderosa que parece favorecer você.\n••••• Um mago ou Tecnocrata de alta patente que parece dedicado ao seu bem-estar… ao menos por ora.
Sanctum	Você tem um lugar onde pode se afastar de tudo – e esse “tudo” é a realidade consensual que trava suas Artes e Ciências Iluminadas. Ah, esse lugar ainda existe no plano terreno e está sujeito ao Efeito Paradoxo. Ainda assim, seu Laboratório ou Santuário é um lugar de poder e privacidade, preparado para atender às suas necessidades e permitir que você aprimore suas habilidades em relativa segurança.\nUm Santuário pode ir de uma pequena horta de ervas com proteções contra intrusos e árvores plantadas para escondê-lo de olhares casuais até pequenos laboratórios cheios de equipamento científico reluzente. Estúdios de artes marciais, lofts de ioga, bosques sagrados, porões, salas de ensaio de banda, coberturas de luxo, estúdios de fotografia, pequenos santuários no alto de montanhas remotas – o Santuário ou Laboratório é o que você quiser que ele seja. Essencialmente, um mago ou grupo assegura o lugar, dedica-o a refletir suas necessidades e desejos e ajusta a realidade daquele espaço aos propósitos dos donos. Um laboratório Progenitor pode reluzir sob luzes estéreis, com superfícies polidas de aço e vidro prontas para servir ao chamado da Ciência. Uma clareira ritual pode se aninhar em meio a florestas densas, com runas antigas talhadas em árvores e pedras dispostas com arte para realçar a natureza mística do lugar. Você pode ter um porão manchado de sangue com cadeiras de ossos humanos; uma garçonnière de sedução ao estilo dos anos 70; uma livraria que só abre à noite; um buraco de hobbit saído de um filme de Tolkien do Peter Jackson – o que agradar ao seu gosto (e couber nos seus recursos) está ao alcance deste Traço de Antecedente.\nEm termos de jogo, este Traço oferece vários benefícios:\n• Um espaço relativamente privado para conduzir experimentos, meditar, praticar suas artes e assim por diante. Mais uma vez, essa privacidade é relativa; agentes Tecnocratas raramente têm lugares assim só para si. A menos que um grupo ou indivíduo seja extremamente rico e bem relacionado, um Laboratório Tecnocrata na verdade pertence à União e é administrado por ela, não pelos agentes. Assim, seus superiores ficam de olho em você mesmo dentro do seu santuário, e a privacidade dele é mais uma cortesia do que algo absoluto.\n• Um estoque de materiais que você pode usar – ervas, caldeirões, diagramas, glifos elaborados talhados no chão, armas de treino de artes marciais, conjuntos de química, telescópios, microscópios, o que for. Esse estoque depende da pontuação do Antecedente e lhe dá acesso constante ao que quer que você precise (dentro do razoável).\n• O espaço ritual especialmente preparado de um Santuário (ou o espaço experimental de um Laboratório) reduz a dificuldade dos rituais ou experimentos realizados naquela área. Essa redução depende da pontuação do Traço de Antecedente, como mostrado adiante.\n• Um efeito de camuflagem protege a localização do lugar. Na prática, o Santuário/Laboratório tem uma pontuação de Arcano/Camuflagem baseada na pontuação de Antecedente do lugar. Você pode considerar esse efeito resultado de proteções mágicas, campos de ocultação, uma aura de banalidade… esse tipo de coisa. Enquanto permanecerem dentro da área protegida, os personagens também desfrutam da proteção desse efeito Arcano. (Um personagem que já tenha o Antecedente Arcano/Camuflagem usa a maior das duas pontuações – a do Santuário ou a do próprio Arcano dele – e não a combinação das duas.)\n• Todos os Efeitos conjurados dentro do Santuário são considerados magia coincidental, desde que sigam a definição de realidade daquele santuário. Clonagem seria coincidental num laboratório da Iteração X ou dos Progenitores; invocar espíritos seria coincidental no solo sagrado de um xamã; uma bruxa poderia conjurar diabretes ou curar ferimentos abertos dentro do seu Santuário; mas o Terno Preto que arrombasse a porta se veria em clara desvantagem ali, porque…\n• Os Efeitos de magos rivais são considerados vulgares no seu espaço. Os procedimentos daquele Homem de Preto vão contra a realidade prevalecente dentro do santuário da bruxa, assim como as magias dela vão contra a realidade estabelecida de um Constructo da NOM. Rivais que usem o mesmo estilo de magia seriam considerados igualmente em casa num Santuário – duas Verbena, por exemplo, que se odeiem mas empreguem os mesmos paradigmas e instrumentos seriam ambas consideradas coincidentais dentro do mesmo santuário; uma Eterita, porém, veria sua ciência esquisita ser vulgar dentro do solo sagrado daquela bruxa, mesmo que fosse aliada de uma das Verbena rivais.\n• Santuários místicos têm um benefício adicional sobre os Laboratórios tecnológicos: a pontuação da Barreira é um nível menor num lugar que tenha sido dedicado à magia do que num lugar semelhante que não o tenha sido. A Barreira num Laboratório tecnomágico, por outro lado – como os usados pela Sociedade de Éter ou pelos Adeptos Virtuais – é um nível maior do que seria de outro modo. E um Laboratório da Tecnocracia tem Barreira 9, exceto no que diz respeito aos procedimentos de Ciência Dimensional, cujos Efeitos são considerados coincidentais num Laboratório Tecnocrata apropriado.\nPor causa desses muitos benefícios, um Santuário custa DOIS pontos de Antecedente para cada ponto de Santuário. Como o Antecedente Aprimoramento, ele oferece uma quantidade incomum de valor por ponto. Se você tiver permissão de comprar Antecedentes com pontos de experiência, o Santuário custa o dobro do preço usual de Antecedente.\nSeja qual for sua natureza, este espaço precisa ser especialmente preparado pelo grupo ou mago que o usa, com manutenção constante (nunca menos de uma vez por mês) para manter o espaço afinado às pessoas que o usam. Um Santuário não pode ter mais de 46 metros quadrados, e a maioria é bem menor que isso… tipicamente um cômodo ou dois. Como este é um espaço pessoal, costuma ser sábio limitar as pessoas que entram e saem do seu Santuário. Movimento demais pode tornar mundano um Santuário, no que diz respeito ao Consenso da realidade.\nX Nenhum espaço especial.\n• Um estoque minúsculo de materiais; nenhuma redução de dificuldade em rituais, embora sua magia seja coincidental aqui. Um ponto em Arcano.\n•• Estoque pequeno de materiais; dificuldades de ritual reduzidas em 1. Dois pontos em Arcano.\n••• Estoque razoável de materiais; dificuldades de ritual reduzidas em 1. Três pontos em Arcano.\n•••• Bom estoque de materiais; dificuldades de ritual reduzidas em 2. Quatro pontos em Arcano.\n••••• Excelente estoque de materiais; dificuldades de ritual reduzidas em 2. Cinco pontos em Arcano.
Secret Weapons	Como cobaia predileta da Divisão Q da Tecnocracia, você tem acesso a tecnologia experimental. Quando um novo Dispositivo chega ao estágio de protótipo, você recebe um briefing dos seus amigos(…?) da Q e depois é mandado a campo para ver o que a coisa faz.\nSendo um Antecedente que se aplica APENAS a agentes de campo Tecnocratas, este Traço lhe dá brinquedinhos novos de tempos em tempos. A pontuação do Traço reflete o tipo de brinquedo a que você tem acesso numa dada missão. Como acontece com Requisições, esses Dispositivos não pertencem a você – a Divisão Q os quer de volta, de preferência intactos, junto com um relatório completo sobre como o Dispositivo funcionou em suas mãos. Tomara que você tenha coisas boas a dizer; se as coisas correrem mal… bem, ao menos a Divisão Q vai saber o que não fazer da próxima vez.\nAgentes favorecidos recebem equipamento melhor. O problema é que você nem sempre sabe ao certo o quanto é favorecido. Quando você se prepara para uma missão, seu Narrador faz um teste de Traço Social + Armas Secretas. (O Traço em questão depende do tipo de relação que seu personagem tem com o representante da Divisão Q: Carisma na maioria dos casos, Manipulação se o agente tentar burlar o sistema e Aparência se o agente for especialmente atraente para o representante.) A dificuldade depende do que o representante da Divisão Q acha do seu agente. Um teste falho significa que o representante não tem nada para você desta vez; um ou dois sucessos rendem algo de valor duvidoso, e três sucessos ou mais garantem coisas boas. Uma falha crítica reflete um artefato defeituoso – ou passado a você de propósito por um representante insatisfeito, ou mandado a campo antes de todos os problemas terem sido resolvidos. Como esse teste é secreto e feito pelo Narrador, você não saberá o resultado até usar o equipamento em campo. Obviamente, compensa estar de bem com o representante local da Divisão Q!\nX Agente comum – nada de brinquedinhos para você!\n• Você consegue itens pequenos de valor trivial: canetas, lanternas, barras de nutrição etc.\n•• Eles mandam itens pequenos de utilidade limitada: sensores, fontes de energia, pílulas energéticas etc.\n••• Você começa a receber coisa boa: armas pequenas, coletes à prova de balas, suprimentos médicos etc.\n•••• Como agente de confiança, você conhece as manias de vários armeiros da Divisão Q, porque eles procuram você quando seus brinquedos especiais precisam ser testados. Esses itens costumam ser úteis, mas cheios de defeitos capciosos e talvez perigosos.\n••••• Você recebe todo tipo de coisa cara e legal: armaduras, armas, equipamento de transporte avançado e assim por diante. Agora tome cuidado, 007!
Spies	Uma coleção de passarinhos em vários ninhos mantém você bem informado. Esses informantes não são necessariamente seus amigos – podem, de fato, odiá-lo com a intensidade ardente de mil sóis. No momento, porém, você tem algo que eles querem: dinheiro, sexo, drogas, magia, o que for. Em troca dessa indulgência, eles lhe contam o que sabem.\nEspiões vêm em muitas formas: associados descontentes, funcionários desiludidos, fãs entediados, viciados desesperados, acólitos leais à sua causa, gente que lhe deve favores, pessoas que estariam em apuros profundos sem você, oportunistas que gostam da cor do seu dinheiro, amantes que querem ficar em seus bons termos… Certos cientistas loucos e Tecnocratas têm até bichos especiais ou robôs minúsculos que lhes trazem relatórios. Seja qual for sua relação com esses espiões, porém, eles podem se voltar contra você se você não tomar cuidado. Dinheiro, magia, drogas melhores, ameaça de tortura – tudo isso e mais pode passar seus espiões para o serviço de outra pessoa. E, mesmo que permaneçam leais a você, seus espiões podem ser enganados com dados falsos ou impressões erradas do que está realmente acontecendo. Eles só sabem o que conseguem ver.\nEm termos de sistema, este Traço permite que você desencave informação (Inteligência + Espiões); espalhe desinformação, distrações e mentiras (Manipulação + Espiões); impressione pessoas à distância (Carisma + Espiões); ou perceba ameaças em potencial antes que se concretizem (Percepção + Espiões). Um verdadeiro mestre de espiões pode comandar bem mais de cinco pontos neste Traço, o que explica a influência assustadora de certos Herméticos, Tecnocratas, justiceiros e mentes criminosas.\nX Nenhum informante especial.\n• Um ou dois espiões em lugares úteis – a polícia, a Máfia, Wall Street etc.\n•• De quatro a seis informantes em várias áreas úteis.\n••• Um punhado de espiões em lugares úteis, mais alguns em áreas de difícil acesso (o Pentágono, a CIA, a ONU etc.), ou um ou dois em áreas de alta segurança (um Simpósio Tecnocrata, uma Capela das Tradições, uma repartição secreta do governo etc.).\n•••• Infiltrados numa esfera inteira de influência (o submundo, o governo de uma nação, o mercado internacional de ações etc.), ou um punhado deles num Constructo, numa Capela, num clã de vampiros, numa tribo de lobisomens e assim por diante.\n••••• Olhos e ouvidos por todo o mundo dos Adormecidos, ou vários contatos no reino sobrenatural.\n••••• • Você tem uma pequena indústria de notícias ou uma agência de inteligência na folha de pagamento, e ela tem alguma noção dos assuntos sobrenaturais também.\n••••• •• Além das centenas de contatos que você tem no mundo mortal, você tem um bocado de “amigos” espalhados pelo reino sobrenatural.\n••••• ••• Você tem uma agência de inteligência inteira reunindo e processando informação para você.\n••••• •••• O Grande Irmão.\n••••• ••••• O Grande Irmão em escala global.
Status (Mage)	Respeito é importante. Felizmente, você goza de certo grau de respeito dentro do grupo que escolheu. Este Antecedente reflete sua reputação geral entre seus pares Despertos – Adeptos Virtuais, Templários, Progenitores etc. Nos níveis mais altos de Status (4 e 5), essa reputação se estende a grupos afiliados (todas as Tradições, Ofícios Díspares, Convenções da Tecnocracia) e pode se estender também para fora da sua facção. (“Ouvi falar bastante do senhor, Sr. Leonard – mesmo aqui nós ouvimos falar do senhor…”)\nEm termos de história, o Status lhe dá certa dose de respeito por parte dos magos associados. Isso, por sua vez, lhe garante alguma deferência: as pessoas abrem portas para você, o tratam pelo nome e título que você prefere, mandam convites para eventos especiais e assim por diante. Se você precisar de um pequeno favor, ou se envolver numa disputa, o Status dá algum peso à sua causa.\nEm termos de jogo, você pode somar este Antecedente à sua parada de dados em testes Sociais ao lidar com seus pares; uma Adepta Virtual admirada, por exemplo, somaria quatro dados aos seus testes Sociais entre os Adeptos. Esse bônus cai pela metade (arredondado para cima) entre magos de uma seita diferente, porém aliada; a mesma Adepta receberia um bônus de dois dados entre as outras Tradições. Você não recebe esse bônus entre inimigos ou estranhos, embora eles possam reconhecê-lo em termos de história. (“Nossos arquivos sobre a senhora, Srta. Vasquez – ou talvez eu deva chamá-la de ‘Voodoo’ – são muito… impressionantes…”)\nObviamente, o Status precisa se basear em algo que você faz ou fez. Uma maga recém-chegada não vai ter Status 5 – ela terá de conquistá-lo. Este Antecedente reflete uma reputação entre magos, não entre Adormecidos ou outras entidades, embora certos seres bem informados (como vampiros ou senhores espirituais) possam reconhecer um mago de Status 4 ou 5. O ideal é que este Antecedente seja concedido pelo Narrador como recompensa por suas ações ao longo da crônica. Você também pode perder Status por não fazer jus a ele; um agente conhecido pela covardia não vai impor respeito por muito tempo…\nX Nenhum status especial.\n• Reconhecido; seus pares reconhecem seu nome quando ele é citado.\n•• Digno de crédito; você é considerado notável.\n••• Respeitado; sua palavra tem peso.\n•••• Admirado; a maioria das pessoas do seu grupo o admira.\n••••• Reverenciado; você é considerado um exemplo dos princípios do seu grupo.
Totem (Mage)	Muito antes de a tecnologia nos dar deuses pequenos, os xamãs firmavam pactos com espíritos auxiliares. Cada lado de tais pactos recebia algo em troca: o xamã ganhava auxílio quando necessário, e o espírito ganhava um aliado humano para os assuntos terrenos. Hoje em dia, um punhado de pessoas se lembra desses pactos. O Antecedente Totem reflete um acordo desse tipo da sua parte. APENAS xamãs ou curandeiros de algum tipo podem escolher este Traço de Antecedente.\nOs totens, no entanto, são muito mais que ajudantes convenientes. Cada totem é um poderoso arquétipo espiritual – uma entidade com muitas formas e faces. Coiote não é simplesmente um animal; é um trapaceiro mítico, libidinoso e esperto, embora não especialmente sábio. Ser um dos escolhidos de Coiote é embarcar num caminho de travessura e mau comportamento que solapa a autoridade e quebra limites. Um xamã acolhido por Coiote torna-se um agente da desordem, cujas peças recebem auxílio do próprio Coiote.\nOs espíritos totêmicos não estão no ramo de ajudar seres humanos; na verdade, hoje em dia eles nem costumam gostar de gente. Para obter o favor de um totem, a pessoa precisa procurar esse espírito numa exaustiva jornada de visão ou atrair a atenção dele encarnando a essência do totem em seu cotidiano. Aquela xamã de Coiote pode já ser um pouco coiote de saída: astuta e escorregadia, com uma veia antiautoritária de quilômetros… Se for assim, talvez ela tenha tido a atenção de Coiote esse tempo todo! De um jeito ou de outro, a xamã que quiser se vincular ao seu totem espiritual terá de viajar até o mundo dos espíritos (provavelmente enquanto atravessa uma provação na vida real) para impressionar aquele totem com sua devoção em potencial.\nAo contrário dos feiticeiros que obrigam os espíritos à obediência, uma xamã ligada a um totem não exige um pacto. Nem cultua o espírito como se ele fosse um deus. Em vez disso, ela se torna parente do espírito – essencialmente uma prima, irmã ou filha. Dito isso, o vínculo xamã/totem pode ser conflituoso, briguento, até insultuoso. Os totens tendem a ser bem ásperos nas beiradas… e o mesmo vale, aliás, para a maioria dos xamãs. As duas partes se entendem no jeito enigmático, às vezes bruto, que as famílias costumam usar… e, como parentes, conseguem dizer volumes uma à outra quase sem falar.\nEm termos de história, o espírito totêmico se torna uma combinação de Aliado e Patrono, ajudando sua xamã quando isso convier aos desejos do totem. Como outros personagens aliados, esse espírito quer certas coisas em troca. Normalmente, esses desejos combinam serviço (“Vá caçar as pessoas que mataram meus filhos-lobo”) com um interdito (“Não mate lobos nem permita que outras pessoas os matem, a menos que eles ataquem você primeiro”). Os dois elementos dependem da natureza do totem – Barata, por exemplo, não vai mandar você caçar coelhos nem proibi-lo de beber álcool. Em troca, o totem infunde um pouco de sua essência – seu toque ou marca – em seus escolhidos. Uma pessoa com totem Lobo tem um aspecto feroz porém nobre, mas quem é jurado a Barata é um sobrevivente duro, ainda que sujo.\nEm termos de sistema, cada ponto em Totem lhe dá uma ligação mais próxima com uma entidade espiritual: quanto maior a pontuação, mais profundo o vínculo. O Antecedente custa DOIS pontos por ponto (como Aprimoramento e Santuário) e confere uma série crescente de benefícios:\n• Comunicação: Um totem sempre consegue se comunicar com seus escolhidos. Em geral, porém, isso envolve presságios, sonhos e sussurros no seu ouvido. Os totens raramente conversam com seus parentes humanos, a menos que o vínculo seja especialmente intenso (em termos de jogo, Totem 4 ou 5). Seu totem pode ficar falante num sonho, mas não espere que isso vire hábito. Os espíritos costumam esperar que os humanos sejam burros… e a comunicação enigmática elimina os fracos. Se você não consegue entender o que o totem está dizendo, afinal, por que ele deveria se dar ao trabalho de falar com você?\n• Aparição: Seu totem se manifesta, seja numa forma que só você consegue ver ou – nos níveis mais altos – numa manifestação de animal espiritual. Essas manifestações têm aproximadamente os traços dos animais correspondentes, embora um Totem de cinco pontos possa ser bem mais poderoso se a situação exigir uma aparição poderosa.\n• Habilidade: Cada espírito totêmico tem certos traços famosos: a esperteza da Raposa, a furtividade do Gato, a ferocidade do Leão e assim por diante. Como resultado, o Antecedente Totem lhe dá dados adicionais para somar a uma Habilidade ligada à natureza daquele espírito. Se você não tem essa Habilidade para começar, claramente não é digno da atenção do totem! Para se vincular a um espírito totêmico, você precisa partilhar algo da natureza dele.\n• Sabedoria: Os totens ensinam a seus parentes especiais como lidar com os mundos espirituais. Em termos de jogo, isso se traduz em pontos em Cosmologia, Ocultismo (com especialidade em Espíritos), ou ambos.\n• Marca do Totem: Como dito acima, um totem partilha um pouco de sua natureza com a xamã… e a xamã provavelmente já exibia um pouco dessa natureza antes do vínculo. Depois que o vínculo se torna oficial, o comportamento e a aparência dela favorecem ainda mais a natureza do totem. Quem trabalha com espíritos vai conseguir notar a ligação do totem com sua xamã (“Você tem o jeito de Corvo…”) com um teste bem-sucedido de Percepção + Consciência. Nos níveis altos deste Antecedente, porém, até os Adormecidos percebem; podem não saber o que estão vendo, mas a xamã lhes parece estranha. (“Moça, o que é esse crânio de coiote na sua mochila… e você não penteia o cabelo NUNCA?”)\nPor causa das diferenças entre xamãs humanos e lobisomens xamânicos, este Antecedente difere do Antecedente de mesmo nome de Lobisomem: O Apocalipse. (É também uma revisão do Antecedente apresentado em The Spirit Ways, que se parecia com o de Lobisomem.) Como acontece com Antecedentes como Fama, Recursos, Status e assim por diante, você precisa manter seu vínculo totêmico e manter seu parente espiritual satisfeito. Do contrário, pode perder pontos neste Traço… possivelmente perdendo Totem por completo. Este Antecedente funciona bem com Aliados, Bênção, Familiar e Lenda; pode estar ligado a certas Qualidades ou Defeitos também. Esses Traços, é claro, ainda precisam ser comprados separadamente.\nComo dito acima, apenas personagens xamânicos ou curandeiros podem ter o Antecedente Totem. Os Tecnocratas – sendo mortos para os espíritos – jamais podem se vincular a um espírito totêmico, com duas exceções específicas: O Homem e A Máquina. Certos tecnomantes voltados aos espíritos, porém, podem se vincular a totens de orientação tecnológica. Herméticos, Coristas e outros tipos monoteístas e de alto ritual são em geral considerados mandões ou antagônicos demais para conquistar o afeto de um espírito totêmico. Para uma variedade de guias espirituais possíveis e suas características associadas, veja a seção Espíritos Totêmicos do Apêndice I, (pp. 633-636).\nX Nenhum vínculo com espírito totêmico.\n• Seu totem aparece em sonhos e visões e oferece um dado adicional à sua parada normal para uma Habilidade (Esportes, Furtividade, Sobrevivência etc.) ligada à natureza do espírito totêmico.\n•• O totem fala com você, oferecendo conselhos e presságios enigmáticos ocasionais, mais dois dados que podem ser usados naquela Habilidade relacionada.\n••• Seu guia espiritual aparece na sua vida desperta, embora só para você e para outras pessoas capazes de ver espíritos. O totem lhe dá conselhos, manda presságios, ocasionalmente manifesta um animal espiritual para tarefas fora de combate, concede dois dados para usar naquela Habilidade relacionada e lhe dá um ponto em Cosmologia ou Ocultismo.\n•••• Um vínculo poderoso permite que seu totem se manifeste em forma sólida. Esse espírito oferece conselhos e presságios frequentes, dá a você três dados para usar na Habilidade apropriada, confere dois pontos em Cosmologia ou Ocultismo e pode ajudá-lo numa situação desesperada de combate (como faria um Aliado) em troca de um favor enorme depois. Entre espíritos e gente que lida com espíritos, você é claramente favorecido pelo seu totem e exibe sinais óbvios desse vínculo na aparência e no comportamento.\n••••• Seu totem ama você! Em sonhos, visões, presságios e em forma sólida, esse espírito oferece companhia e auxílio frequentes. Você recebe três dados para a Habilidade apropriada, soma dois pontos em Cosmologia e em Ocultismo dos Espíritos e pode receber ajuda em situações desesperadas. Seu vínculo com aquele espírito é óbvio para qualquer um e marca você como uma pessoa muito estranha, primal e provavelmente intimidadora.
Wonder	Uma maravilha, com qualquer outro nome, continua tão doce… e você tem uma. O que é uma Maravilha? Talvez seja um Talismã místico imbuído de poder mágico; um Fetiche cujas propriedades estranhas vêm de um espírito preso em sua forma; ou um Dispositivo Tecnocrata ou de ciência esquisita, moldado pela Ciência Iluminada em algo que transcende a tecnologia mortal. Em termos de jogo, uma Maravilha é simplesmente um item com Efeitos de Esfera próprios. Embora tais itens, com poucas exceções, em geral só funcionem para magos, a forma e a função da Maravilha dependem das pessoas que a criaram e dos métodos envolvidos em sua criação.\nDesde que seu Narrador concorde, uma Maravilha pode ser qualquer coisa: um galho de carvalho entalhado com runas nórdicas, um canhão de plasma, um SUV robótico, um cartão bancário que desvia dinheiro de todas as contas daquele banco, uma guitarra encantada, uma caneta de pena de coruja que escreve em qualquer língua humana… a forma e a função da Maravilha podem, dentro de certos limites, ser o que você quiser. Certos termos (Fetiche, Dispositivo etc.) definem tipos específicos de item. A seção Caixa de Brinquedos do Apêndice II (veja pp. 651-653) traz detalhes, regras e uma coleção de Maravilhas de exemplo.\nAs Maravilhas podem ser temperamentais… especialmente os Fetiches, cujos espíritos guias têm personalidade própria. Mesmo os Dispositivos, porém, podem parecer estranhamente teimosos, como pode atestar qualquer um com um carro ou computador enjoado. Eles tendem a ter efeitos estranhos sobre quem os usa, especialmente sobre magos que dependem de Maravilhas do jeito que Elric de Melniboné depende de sua espada Stormbringer. Em muitos casos, as Maravilhas têm histórias elaboradas sobre sua criação, seu passado e seus feitos. Se seu personagem começar o jogo com uma Maravilha, elabore uma história e uma descrição interessantes daquele item e depois passe-as ao seu Narrador para aprovação e desenvolvimento. É bem provável que sua Maravilha tenha segredos que você não vai conhecer. No fundo, uma Maravilha é mais do que um simples “item mágico”; é um milagre em forma material – prova sólida da realidade da magia.\nX Nenhum item de poder.\n• Uma Maravilha com um poder pequeno – isto é, uma Maravilha que vale de 1 a 3 pontos.\n•• Uma Maravilha com um ou dois poderes, provavelmente com alguma Quintessência e um Arete próprio. (4-6 pontos.)\n••• Uma Maravilha com alguns poderes notáveis ou um poder respeitável. (7-9 pontos.)\n•••• Uma Maravilha com poderes impressionantes ou um Efeito poderoso. (10-12 pontos.)\n••••• Uma Maravilha com poderes formidáveis ou um único Efeito devastador. (13-15 pontos.)
