# merit_flaw_body_pt.tsv - corpo PT de cada qualidade/defeito (SPEC T751, I21, V210)
#
# colunas: nome_EN canonico <TAB> corpo_PT. O \n de 2 chars e QUEBRA DE PARAGRAFO -
# gen_merit_data.ps1 o troca por linha em branco ao montar o bloco 3 de I21.
# Nome da entrada e titulo do livro NAO traduzem (I100e); so p. -> pag., e o gerador faz isso.
# Vocabulario travado nos 4 pares de descricao que a ficha ja carrega: Kindred=Cainita,
# Storyteller=Narrador, dice pool=parada de dados, Willpower=Forca de Vontade, e os nomes
# cruzados de qualidade/defeito vem de research/merit_flaw_pt.tsv.
#
Ability Deficit	Por alguma razão, você ficou aquém do seu potencial. Talvez seja jovem demais para ter aprendido muito sobre a vida (uma excelente razão para um mago-criança ter este Defeito); ou levou uma existência protegida, afiando seus Conhecimentos mas carecendo de Talentos. Você pode ser um construto que deixou o laboratório há pouco tempo, ou ser fisicamente frágil demais para ter dominado grande coisa em Talentos ou Perícias. Certamente há alguma razão de história por trás dos seus Traços deficientes, e essa causa terá outros efeitos sobre a crônica também.\nEm termos de jogo, este Defeito subtrai cinco pontos de uma das suas categorias de Habilidade (Talentos, Perícias ou Conhecimentos) e limita seus Traços iniciais naquela categoria a três pontos ou menos, mesmo que você gaste pontos livres para elevá-los. (Você pode, é claro, elevá-los depois que a crônica começar.) Como dito acima, este é um bom Defeito para crianças Despertas, construtos e outros que ainda não tiveram a chance de "ser tudo o que podem ser".\nPara detalhes sobre magos jovens, veja Magos-Crianças no Capítulo Dois, pp. 115-116.
Absent-Minded	Hã… o que era mesmo aquilo que você estava tentando lembrar? Droga… Este Defeito reflete uma memória e um senso de conexão dispersos – nada tão perigoso quanto uma Perturbação completa (Mage 20, pp. 648-650), mas ainda assim uma desconexão angustiante e ocasionalmente arriscada.\nEm termos de sistema, seu Narrador frequentemente vai pedir rolagens de Inteligência para lembrar coisas como nomes, rostos, detalhes de missões e por aí vai. Em termos de história, você vive dando branco, confundindo pessoas com outras, embaralhando dados, deixando projetos pela metade (ou totalmente abandonados), esquecendo de alimentar seu familiar e cometendo erros de julgamento potencialmente perigosos. Embora você não vá esquecer coisas vitais como seu nome, os elementos do seu foco mágico ou Traços vitais do personagem (Talentos, Perícias e Conhecimentos), o resto escapa da sua cabeça com uma regularidade frustrante. E quando essa cabeça comanda os poderes da Magia Verdadeira, esses lapsos podem ter consequências fatais.
Addicted to Vampire Blood	Sua personagem precisa constantemente da euforia que só o sangue de vampiro proporciona. Fora isso, ela se sente vazia e apática. Esse hábito é dos mais perigosos e só pode ser vencido por abstinência completa (e, provavelmente, com não pouca terapia). Sempre que sua personagem tiver acesso à vitae de um Cainita e quiser resistir ao impulso de beber, o Narrador pode exigir uma rolagem de Autocontrole. Se ela não provar sangue de vampiro por mais de uma semana, você sofre +1 de dificuldade progressiva nessas rolagens até que ela mate a sede. Defeito Físico
Addiction	Você sofre de um vício em alguma substância, que agora precisa estar presente no sangue que você bebe (ou você entra em frenesi automaticamente, como no Defeito Exclusão de Presa). Pode ser álcool, nicotina, drogas pesadas ou simplesmente adrenalina. Essa substância sempre o prejudica de alguma forma (veja "Venenos e Drogas", p. 301, para detalhes).
Aging	Você não é mais tão ágil quanto era. Reduza em um ponto um Atributo Físico à sua escolha. Um Atributo não pode cair abaixo de um por causa deste Defeito. Você pode adquiri-lo aos 40 anos e mais uma vez a cada década depois disso. Mental
Albino	O albinismo ocorre quando um grupo de genes normalmente recessivos se torna dominante, levando à falta de pigmentação da pele. Embora em geral inofensiva, a aparência de um indivíduo albino pode ser assustadora, sobretudo para quem não conhece a condição. Ela se caracteriza por uma pele extremamente pálida e íris vermelhas.\nO albinismo era visto com grande desconfiança na maioria das culturas antigas, a ponto de ainda hoje pessoas com a condição serem evitadas e postas de lado, e consideradas mau presságio em muitas partes do mundo. Embora seja inofensiva do ponto de vista fisiológico, ela faz o indivíduo se destacar. Isso pode reduzir a capacidade de um carniçal de se misturar à multidão sem a ajuda de um disfarce. Por outro lado, quem carrega o Defeito Albino também pode transformar o medo alheio em fonte de intimidação, principalmente se o seu carniçal ou revenante tiver uma reputação que não possa ser ignorada.\nAo escolher o Defeito Albino, tenha em mente que sua pele é altamente suscetível a queimaduras solares, por ter pouca ou nenhuma pigmentação para refletir os raios UV nocivos do sol.\nUsado por: todos os carniçais e revenantes Modificações de Vicissitude
Amnesia	Você é incapaz de lembrar qualquer coisa sobre seu passado, sobre si mesmo ou sobre sua família (seja ela mortal ou vampírica), embora esse passado possa muito bem voltar para assombrá-lo. Suas origens e as circunstâncias por trás da amnésia cabem ao Narrador determinar, e ele é encorajado a torná-las o mais interessantes possível.
Anachronism	O tempo passou por você… ou talvez ainda não tenha alcançado você. Suas crenças, personalidade, maneirismos, moda e expectativas estão radicalmente fora de compasso com o mundo ao seu redor. Isso pode ser um afetamento deliberado da sua parte ("Os Velhos Tempos eram melhores que hoje" / "Por que esperar o futuro chegar se você pode se tornar o futuro?"), um soluço temporal ligado à Esfera do Tempo ou um Defeito de Paradoxo, o resultado de uma longevidade paranormal ou de uma viagem no tempo para trás, a manifestação de uma vida passada (ou futura) especialmente insistente… diabos, talvez nem você saiba direito por que é assim, mas é, e o resto do mundo não consegue deixar de notar.\nO valor deste Defeito depende do tamanho da encrenca em que seus anacronismos o metem:\n(1 ponto) Você parece um pouco esquisito e potencialmente ofensivo ("Por que eles não estão sentados no fundo do ônibus? Não existe lei sobre isso?"), exibindo manias de um passado ou futuro reconhecivelmente diferente, mas não radicalmente atrás ou à frente da época atual. Some +1 à dificuldade para entender a tecnologia e os modos de comportamento atuais.\n(2 pontos) Você é uma relíquia de uma era claramente anterior, ou o arauto de uma seriamente avançada. O que você diz, veste, espera e acredita está perturbadoramente fora de sintonia com o que o cerca e pode criar problemas consideráveis… especialmente quando você discursa sobre bobagens como política, costumes sociais, sexualidade e lei. A tecnologia atual o confunde, seja por ser inexplicavelmente avançada, seja por ser assombrosamente primitiva. Some +2 à dificuldade de todo esforço para compreender sua época atual, incluindo rolagens sociais que dependam de se dar bem com as pessoas desta era.\n(3 pontos) Você vem de um tempo tão distante que a era atual lhe parece tão alienígena quanto você parece às pessoas dela. Diabos, você pode nem falar inglês (traço comum de quem existiu antes da expansão da influência britânica e americana nos anos 1800), ou falar sua língua com um sotaque e expressões que essencialmente a transformam em outro idioma (pense em Shakespeare, ou no romance Laranja Mecânica, de Anthony Burgess). Suas expectativas quanto a tecnologia e costumes sociais divergem de forma selvagem, e você pode facilmente se meter em apuros sérios. Some +3 às rolagens apropriadas, e você pode ser incapaz de processar certas coisas (dirigir, política, informática atual etc.) por completo.\nSupondo que você tenha a chance de se aclimatar ao que o cerca, este Defeito pode ser reduzido com pontos de experiência. Até lá, seus companheiros terão muita coisa a explicar em seu nome!
Ancestral Soil Dependence	Sua carne anseia por uma terra natal que você nunca viu. A voz de Kupala castiga seu sono diurno se esse anseio não for atendido. A terra de um lugar importante para você como mortal não basta; além dela, você precisa de dois punhados do solo maculado do leste europeu, da terra ancestral dos Tzimisce. Este Traço se manifesta com mais frequência nos filhos dos koldun e no ramo do Clã que se acredita descender de Yorak. Pode até se manifestar em filhos gerados gerações depois de seus ancestrais terem se mudado. Personagens Abraçados no leste europeu não podem escolher este Defeito (já dependem do solo local).
Animate Shadow	Sua sombra não é meramente a ausência de luz no formato do seu corpo; é uma entidade viva e maldosa, com vontade própria. Ela ataca amigos e inimigos por igual, rasgando o cenário e rosnando para quem passa. Além de ser um problema assustador, você perde dois dados em todas as rolagens Sociais com Lasombra que saibam da sua condição.
Anosmia	Sua vida no esgoto tirou seus sentidos de olfato e paladar. Isso significa que você não se abala nem com o pior fedor ou o sabor mais repugnante. Significa também, porém, que você jamais consegue ter sucesso em qualquer rolagem de Percepção que dependa de gosto ou cheiro. E isso não o torna imune de forma alguma a ataques de gás ou venenos; você só não vai perceber que eles estão ali.
Apostate (Dark Ages)	Não há pecado em mudar de Estrada. Contudo, a maneira como você mudou foi espetacular e ofensiva. Você denunciou publicamente sua antiga Estrada e discursou contra as falhas dos preceitos dela. Como era de se esperar, isso lhe rendeu a ira dos que seguem sua antiga Estrada, mas também deixou desconfiados os membros da nova. Você precisa trabalhar o dobro para ganhar o respeito dos seus pares. Fique atento, também, aos que possam buscar vingança.
Apprentice	A maioria das sociedades metafísicas, a Tecnocracia inclusive, adota um sistema de mentor/aprendiz. Nos primeiros anos de um membro, um mais velho é designado para ensinar — ou escolhe ensinar — um recém-chegado inexperiente. Já nos últimos tempos de filiação, espera-se que o mais velho transmita sua experiência à geração seguinte. Além dos programas de treinamento habituais de cada grupo, um novo recruta muitas vezes acaba sob os cuidados de um membro experiente. E, no caso deste Defeito, você tirou a sorte grande.\nQuando você toma um aprendiz, passa a ser responsável por alguém (qualquer que seja o título formal dele) que torna sua vida difícil. Você não pode simplesmente pôr essa pessoa na rua: precisa oferecer disciplina, orientação, treinamento e, muitas vezes, uma estrutura de apoio (teto, comida, espaço de pesquisa e assim por diante) para que o novato se torne um membro bem-sucedido da sua seita. Um aprendiz, porém, não é um vaso de planta; mesmo os mais cooperativos exigem tempo e atenção, e os atos deles – bons e nem tanto – se refletem no seu próprio status social. Os mais problemáticos, por extensão, podem empurrar um mentor rumo à solidão rabugenta.\nComo Defeito, este Traço reflete a variedade de aprendizes possíveis e o efeito que eles têm sobre a sua vida:\n(1 ponto) Um aluno ideal, cooperativo e dedicado, que ocupa muito pouco do seu espaço e do seu tempo, faz boa figura por você e parece ansioso por aprender, sem discutir muito.\n(2 pontos) Um aluno típico, que precisa de um bom tanto de acompanhamento; comete deslizes ocasionais de protocolo e disciplina; e consome uma quantidade razoável de tempo, espaço e paciência. Ainda assim, é atento e mais ou menos respeitoso, e lhe dá motivos de sobra para se orgulhar.\n(3 pontos) Um aluno bastante desnorteado, cuja presença consome tempo e atenção consideráveis. Este aprendiz pode ser desastrado, inconveniente, lerdo e vez ou outra problemático em situações sociais e exercícios de treinamento. Ele tem futuro, mas vai dar muito trabalho fazê-lo realizar seu potencial.\n(4 pontos) Um aluno seriamente desafiador, cujo comportamento e dedicação deixam muito a desejar. Este aprendiz pode ter talento, mas o fardo começa a pesar mais que os benefícios de instruí-lo.\n(5 pontos) Um imbecil obstinado, arrogante e desrespeitoso, cuja presença dá mais trabalho do que vale. Perigoso para si mesmo e para todos ao redor (você inclusive), ele é uma vergonha para a sociedade que vocês dividem. Por que mesmo você está treinando essa pessoa? Talvez um dia haja luz no fim do túnel, mas vai custar muito trabalho e sacrifício até que esse aprendiz seja algo além de uma perda do seu tempo.\nDe novo: esta é uma pessoa pela qual você é responsável. A menos que dedique bastante tempo, atenção e frequentemente recursos financeiros a melhorar a condição dele, seu aprendiz pode piorar com o tempo. Por outro lado, você pode conseguir moldar um aprendiz problemático até virar um exemplo para a sua sociedade. Do ponto de vista de regras, você pode reduzir o valor deste Defeito com trabalho dedicado – o encrenqueiro obstinado de cinco pontos pode acabar virando o aluno ideal de um ponto se você investir tempo, esforço e interpretação nisso. Narradores: permitam que o jogador compre a redução deste Defeito com experiência quando ele se esforçar para endireitar um aprendiz problemático, mas sintam-se à vontade também para agravar os inconvenientes do Defeito se o jogador deixar as coisas se arrastarem demais.\nApesar das preconcepções usuais sobre idade e experiência, um aprendiz pode ser mais velho que seu mentor. Ele pode ter pertencido originalmente a outra seita (digamos, um Verbena que desertou para a Nova Ordem Mundial ou para os Bata'a) e ter a cabeça cheia de ideias sobre como as coisas "deveriam" ser feitas – ideias que vão contra os seus ensinamentos. Ou pode ser um mago novo que Despertou na meia-idade e, por isso, tem dificuldade em receber ordens de um mago experiente que ele considera um garoto. Até os melhores alunos erram, e por isso nenhum nível deste Defeito vem sem dor de cabeça – afinal, é por isso que ele é um Defeito!\nMais uma vez, este Traço baseado em personagem representa um personagem de Narrador completo, cuja personalidade, necessidades, problemas e agendas fazem dele muito mais que uma lista de pontos numa ficha. Num grupo de interpretação experiente, você pode deixar outro jogador conduzir esse aprendiz, como personagem de apoio ou como o mago principal dele. Nesses casos, é claro, o aluno será menos poderoso e experiente que o professor, a menos que tenha começado sua vida Desperta como mago de outro grupo. De todo modo, o aprendiz deve ser parte importante da crônica, e pode até acabar virando o centro da história (como na saga Harry Potter) se o aprendizado der certo. Um aprendizado podre, por outro lado, ainda pode render a esse personagem um papel de destaque na crônica: o de antagonista cuja história próxima com o mago só torna a briga mais feia para todos os envolvidos.
Arcane Curse	Por causa dos seus estudos ou dos de outra pessoa, você sofre de uma maldição mágica. Pode ser uma aversão ou alergia, ou mesmo um efeito mágico estranho. O nível do defeito depende de quanto a maldição o debilita. Curar a aflição pode ser impossível, ou exigir algum tipo de missão ou pesquisa avançada.\n1 ponto: uma esquisitice pequena, como um traço animal ou uma cor de olhos estranha.\n2 pontos: um problema perceptível, como sua magia carregar uma mácula ou padrão que a torna imediatamente reconhecível, ou plantas murcharem na sua presença.\n3 pontos: algo problemático, como pessoas adoecerem na sua presença ou animais atacarem você.\n4 pontos: um empecilho preocupante, como desenvolver a fraqueza de outro Clã.\n5 pontos: potencialmente mortal, como o luar ser tão perigoso para você quanto a luz do sol.
Artificially Aged	Você é um carniçal ou revenante menor de idade que foi moldado pela carne para parecer um adulto mais velho e maduro. Sua verdadeira maturidade ainda está longe, no futuro, mas você aparenta uma ou duas décadas a mais que sua idade real. Enquanto permanecer carniçal, seu corpo não envelhecerá.\nPor causa dos horrores infligidos ao seu corpo e à sua mente jovens, sua personagem talvez nunca se reconcilie com o que lhe aconteceu. Fisicamente, você pode passar por alguém bem mais velho, mas mental e emocionalmente ainda é uma criança. Assim, você provavelmente encontrará dificuldades na maioria das situações sociais, e seu Narrador pode exigir que você subtraia um ou mais dados das paradas de dados Sociais.\nUsado por: como a Qualidade Modificação de Vicissitude, este Defeito só pode ser adquirido a critério do seu Narrador.
Aura of the Typhon	Alguma coisa rasteja sob a sua pele, enrodilhada na sua própria essência — algo que faz os Lupinos o espreitarem por algum propósito medonho que você não compreende. Os uivos deles seguem seus passos. Você capta vislumbres de movimento borrado e o brilho de olhos e dentes no escuro. Eles chegam mais perto a cada noite. O que querem de você?
Bad Sight	Sua visão é defeituosa. As dificuldades de qualquer rolagem que envolva enxergar aumentam em dois. Como Defeito de um ponto, a condição pode ser corrigida com óculos ou lentes de contato; como Defeito de três pontos, ela é severa demais para ser corrigida.
Banshee-in-Waiting	A Fuga está aos poucos empurrando você para a loucura. Se sua Força de Vontade temporária chegar a 0, você automaticamente ganha uma perturbação que jamais poderá ser removida. Outras perturbações adquiridas por outros meios podem ser removidas normalmente. Você pode acumular no máximo três dessas perturbações permanentes por perder sua Força de Vontade antes de ser consumido por ela. Se acontecer uma quarta vez, você se perde imediatamente na Fuga e vira um personagem sob controle do Narrador, caminhando na direção que a música mandar e matando tudo o que cruzar seu caminho.
Beacon of the Unholy	Você irradia uma maldade palpável. Membros do clero e mortais devotos sabem por instinto que há algo terrivelmente errado com você, e reagem de acordo.
Beast Within	Você tem um temperamento verdadeiramente infernal: tão violento que parece um vulcão dentro da alma. Como um lobisomem ou um vampiro, você está sujeito ao temido frenesi, que o transforma numa máquina de fúria incandescente. Sob estresse intenso, você arrisca perder cada fiapo de iluminação que possui. Levado a esse extremo, você desencadeia os poderes mais imediatamente destrutivos ao seu alcance — e que se dane a "vulgaridade"! Todos ao seu redor viram alvo, e as consequências só importam para você depois que a tempestade interior passa.\nEm termos de sistema, este Defeito o lança em fúrias letais como o Traço Furioso/Atavismo de Estresse apresentado em Mage 20, p. 644. Em vez de rolar sua Força de Vontade para evitar o frenesi, porém, você rola seu valor de Avatar mais um dado, usando sua Força de Vontade como dificuldade. Se, por exemplo, o jovem Vyper Trabia sofre do Defeito Besta Interior, com Avatar 4 e Força de Vontade 5, o jogador de Vyper rola cinco dados contra dificuldade 5 quando aquele estabanado Akáshico está sob estresse feroz. Uma falha nessa rolagem manda Vyper para uma fúria berserk. Pois é, isso provavelmente acontece com bastante frequência. Os amigos de Vyper não ficam por perto quando as coisas desandam.\n(Se você usar o Traço opcional de Ressonância descrito no Capítulo Dois, pode substituir a parada de dados da fúria pela sua Ressonância mais alta, mais um dado. A dificuldade continua sendo seu Traço de Força de Vontade, e sua Ressonância mais o dado extra deve ao menos igualar, se não superar, seu Traço de Avatar. Nesse caso, a Ressonância em questão precisa ser algo caprichosamente instável – Selvagem, Primal, Feroz e assim por diante – e não uma energia calma e centrada. Para detalhes, veja Quatro Sabores de Ressonância, pp. 136-138.)\nComo o Avatar pode ser visto como sua Besta interior, um personagem com Essência de Padrão não pode adquirir este Defeito. Ele serve melhor a Essências Dinâmicas, embora um Avatar Questionador ou Primordial também possa alcançar fúrias assustadoras. Um mago em fúria não consegue usar rituais nem ferramentas complicadas; só os métodos de ataque mais diretos – mágicos ou não – funcionam. Embora magos raramente sofram lapsos tão grotescos de autocontrole, um Carniçal Desperto (como na Qualidade), um ciborgue, um Vitorioso, um Parente de Metamorfo (de novo, como na Qualidade) ou um metamorfo animalesco podem carregar essa monstruosidade desumana.\nPara traços de personagem igualmente bestiais, veja o Defeito Mental: Mente Feral (p. 52) e a Prática Expandida de Animalismo no Capítulo Três, pp. 197-199.
Bedeviled	Ah, seu pobre coitado! Um poder misterioso decidiu sacanear você, e é perfeitamente capaz de transformar sua vida numa crônica de desgraças. Miséria e reveses são seu pão de cada dia; se as coisas começam a melhorar, você começa a olhar para cima, procurando a bigorna inevitável descendo em direção à sua cabeça. Isso vai muito além de simples azar ou de uma maldiçãozinha qualquer. Seu inimigo enigmático é um desgraçado dedicado, e seja lá o que for (não é necessariamente um diabo de verdade, embora certamente pareça um para você!), essa força tem recursos aparentemente ilimitados e um senso de humor bem doentio; em resumo, é o seu Narrador típico.\nDefeito baseado em história, este Traço miserável basicamente dá ao Narrador licença para escalar sua personagem como protagonista de um Livro de Jó do século XXI. (E, de novo, dê uma olhada em Tragédia.) Deve haver alguma lógica por trás dessa sacanagem metafísica, é claro, mas a origem das suas agonias, e o modo como você poderia acabar com elas, é assunto que o Narrador sabe e você tem de descobrir… se tiver a sorte de viver o bastante.
Bestial	Você é mais próximo dos animais que dos humanos, e isso aparece. Além da fraqueza do Clã Nosferatu, você tem outra: sempre que entra em frenesi, ganha uma característica animal, como na fraqueza do Clã Gangrel (V20, p. 55).\nCom permissão do Narrador, características animais adquiridas em definitivo podem justificar a compra de certas Qualidades depois da criação do personagem, como Membros de Lagarto (p. 160) ou Fauces Monstruosas (pp. 160-161). Nesse caso, o Narrador pode simplesmente concedê-las ou exigir gasto de pontos de experiência (por exemplo, o dobro do valor em pontos da Qualidade). Defeitos semelhantes também podem ser adquiridos, mas não rendem pontos livres nem de experiência adicionais.
Betrayer's Mark	Embora você seja leal à Casa e ao Clã Tremere, por algum motivo carrega a marca dos antitribu (veja o quadro na p. 216). Pode ser que tenha voltado ao Clã depois de deixar a Sabá, ou que tenha participado da Vaulderie sem saber ou como parte de uma operação disfarçada. Seja qual for a razão, a marca deixa os outros Tremere desconfiados de você. Você terá de se esforçar muito mais para provar seu valor, e poucos no Clã lhe confiarão posições de poder e responsabilidade.
Bigot	Você odeia pra caramba aquela gente, seja lá quem "aquela gente" for. Aquela gente provavelmente também não gosta de você. Certo, talvez você não deixe seus sentimentos evidentes, mas sua convicção de que aquela gente é feita de encrenqueiros inferiores que são Tudo o Que Há de Errado com o Mundo, Caramba, transparece nas suas ações e decisões mesmo que você não diga nada disso em voz alta. Esses preconceitos determinam sua escolha de amigos e inimigos, guiam suas crenças, influenciam sua política e tendem a vazar em momentos inconvenientes se você perder a cabeça. (Veja Pavio Curto, acima.) Você pode até mudar de ideia algum dia, mas por ora o fanatismo é a lente pela qual você vê o mundo… e, especialmente para magos, esse tipo de coisa significa muito para o mundo em geral.\nApesar da visão convencional (e não incorreta) do fanático como racista, machista e homofóbico raivoso, gente supostamente liberal também pode ser fanática; os piores fanáticos, aliás, costumam ser os cheios de razão, cujas alegações de mente aberta são desmentidas por um preconceito silencioso e implacável contra aquela gente. Versões mais antigas deste Defeito o avaliavam em apenas dois pontos; no século XXI, porém, o fanatismo tem mais chance de lhe render encrenca quando é revelado, sobretudo na internet ou na mídia de massa… a menos, claro, que você esteja concorrendo à presidência ou falando em nome de gente que compartilha suas opiniões, caso em que você vira santo para uns e demônio para outros.\nVale notar que fanáticos costumam ter razões compreensíveis para seus preconceitos. Elas podem nascer de mágoas pessoais, viés cultural, ansiedades raciais, proclamações das escrituras, traumas psíquicos, choques de gênero, paradigmas filosóficos e – especialmente no mundo de Mage – distinções físicas e metafísicas entre "nós" e "eles". Essas razões provavelmente soam como besteira para a maioria das pessoas, mas continuam perfeitamente justificadas para o fanático em questão.\nVale notar também que este Defeito não deve de forma alguma ser tomado como licença para maltratar seus colegas de mesa. Como em outros temas para público adulto, os preconceitos de um personagem podem virar gatilho de tensões reais dentro do grupo e, por isso, devem ser tratados com cuidado, como descrito nas seções Problemas e Gatilhos de Mage 20, pp. 344-345.
Bizarre Hunger	Você prefere – talvez até precise – comer merda esquisita… possivelmente no sentido literal da expressão. Talvez tenha feito um voto, sofrido uma maldição, sido tratado (ou criado) com rituais profanos ou hiperciência arcana, ou sido iniciado numa irmandade oculta com… exigências interessantes de admissão. Em todo caso, você precisa consumir substâncias que podem ser degradantes, desagradáveis, caras ou francamente ilegais.\nQuanto mais inconveniente a substância, mais este Defeito vale:\n(2 pontos) Fácil de conseguir, ainda que não tão fácil de engolir (papel, ovos crus, fezes etc.).\n(3 pontos) Desagradável, arriscada e talvez ilegal de consumir (carne podre, água de pântano, cannabis crua e afins).\n(4 pontos) Rango especializado, imundo, criminoso e/ou caro (sangue humano, poções ou refeições feitas sob encomenda e coisas do tipo).\n(5 pontos) Você realmente não deveria comer essas coisas… mas precisa (humanos vivos, lodo tóxico, pó de ouro, concocções altamente especializadas com aparência de comida e outras formas semelhantes de sustento).\nPara cada ponto no seu Traço de Vigor, você aguenta um dia sem satisfazer sua exigência alimentar especial. Depois disso, perde um nível de vitalidade por dia até consumir sua substância particular ou então morrer de fome ou sede, sofrer a punição de um voto não cumprido, ou suportar quaisquer outras consequências que resultem de negar sua fome bizarra.\nPara um Traço companheiro relacionado (e provavelmente essencial), veja a Qualidade física: Estômago de Ferro, p. 36. E, para um instrumento de foco possivelmente relacionado, veja a entrada Canibalismo dos Instrumentos Expandidos do Capítulo Três, pp. 206-207.
Black and White	O mundo é, na verdade, uma coleção de tons de cinza, mas sua personagem não o vê assim. Para ela, tudo é claro como preto no branco. Ela pensa em termos de pessoas a favor ou contra, quente ou frio, bom ou mau, fácil ou impossível, burro ou genial. Essa mentalidade fechada pode custar caro à sua personagem em oportunidades perdidas, mal-entendidos e sub ou superestimação dos outros. Em situações sociais em que a perspectiva sentenciosa da sua personagem entra em jogo, as dificuldades das rolagens correspondentes aumentam em um.
Black Sheep	Você pertence a uma linhagem prestigiosa, tida como exemplo por outra seita — ou ao menos era assim antes de você aderir ao Movimento Anarquista. Você envergonhou seu senhor, seu avô e talvez ainda mais acima na linha; agora chegou a hora de pagar. Seus antigos irmãos de ninhada querem trazê-lo de volta ao rebanho, nem que seja para limpar a mancha da reputação deles, e se recusam a reconhecer sua independência. Seu senhor e seu avô não poupam esforços para tornar a vida difícil para você e para qualquer Anarquista que lhe dê abrigo. Este defeito combina os efeitos de Ressentimento do Senhor e Caçado como um Cão, de modo que esses defeitos não podem ser adquiridos junto com Ovelha Negra. (Para mais informações sobre eles, veja as pp. 490 e 492 de V20, respectivamente.)\nAlém disso, muitos membros do Movimento Anarquista desconfiam ativamente de você só pela sua linhagem, acreditando que seja um agente duplo. Todas as rolagens sociais envolvendo seus companheiros Anarquistas sofrem +2 de dificuldade.
Blacklisted	Por ter se indisposto com algum Poder Constituído, você virou pária junto a algum segmento das Massas. O resultado afeta suas chances de emprego, sua posição social, sua situação legal, seu crédito, checagens de antecedentes, possibilidades de aluguel e outros elementos importantes de existir no mundo cotidiano.\nApresentado originalmente como Antecedente Adverso de Certificação, este Defeito afeta sua situação oficial regional, nacional e talvez internacional. O grau em que você foi banido profissionalmente depende do valor do Defeito:\n(1 ponto) Trivial – ficha de motorista ruim, suspeito de furto em lojas, banido de um sindicato local.\n(2 pontos) Menor – ficha criminal por contravenção, carteira suspensa.\n(3 pontos) Significativo – advogado cassado, clérigo destituído, filiação política impopular, baixa desonrosa das forças armadas.\n(4 pontos) Grave – condenado por crime, agressor sexual fichado, lista de vigilância do governo, registro médico revogado.\n(5 pontos) Pária – lista dos mais procurados do FBI, suspeito de terrorismo, pedófilo condenado, declarado legalmente incapaz ou insano.\nUma inclusão na lista negra de quatro ou cinco pontos também acaba no banco de dados de vigilância da Tecnocracia – um lugar bem perigoso para um mago estar! E, embora os Despertos normalmente não consultem as autoridades mundanas antes de recrutar ou fazer alianças com os seus, um mago que teve problemas graves com essas autoridades provavelmente terá problemas com magos também… especialmente se esses problemas incluírem crimes como terrorismo ou pedofilia, que certos magos levam muito, muito a mal.
Blind	Você não enxerga. Personagens podem compensar a perda da visão ficando mais atentos aos outros sentidos, mas pistas e imagens visuais estão perdidas para eles. As dificuldades de todas as rolagens baseadas em Destreza aumentam em dois. Curiosamente, vampiros com Percepção da Aura (Auspícios 2) ainda conseguem usar essa habilidade, embora a informação seja interpretada pelos outros sentidos. Por outro lado, vampiros que precisam de contato visual para usar poderes como Dominação contra você sofrem apenas uma penalidade para fazê-lo (veja o quadro na p. 152). Mental
Blood Feud	A hostilidade entre famílias revenantes como os Grimaldi e os Zantosa é bem conhecida em toda a Sabá. As rivalidades entre Brujah e Ventrue vez ou outra transbordam para o comportamento de seus carniçais nas cidades da Camarilla. Brigas entre famílias revenantes são comuns demais, e essas rixas se arrastam há tanto tempo que alguns membros talvez já tenham esquecido como a discussão começou. Uma Rixa de Sangue pode ser recente, mas o mais provável é que uma rivalidade mortal venha fervendo há décadas, se não séculos.\nNem toda desavença ou rivalidade entre famílias ou facções, porém, é considerada Rixa de Sangue. Uma Rixa de Sangue é o que acontece depois que uma ofensa ou um dano escalam a alturas impossíveis, e a causa inicial da discussão só pode ser reparada quando as duas dívidas forem quitadas, muitas vezes com violência. Membros da família chegam a jurar vinganças para ferir a família rival na primeira oportunidade. Como a própria natureza da rixa, a violência que as duas famílias causam pode ir de cortar pneus a cortar gargantas.\nEmbora a Rixa de Sangue se aplique especialmente a membros de certas famílias revenantes, este Defeito também pode valer para Clãs rivais numa cidade. Carniçais leais podem se ofender com um deslize ou buscar vingança por uma afronta ao seu Domitor, e esse sentimento pode escalar até o ódio e o desejo de matar. Um carniçal Gangrel pode se envolver numa disputa amarga por território ou domínio com os servos de um Primogênito Toreador. Traições e insultos suficientes podem ser trocados ao longo do conflito para que discussões tensas explodam em brigas ferozes. Em geral, porém, para existir uma Rixa de Sangue é preciso mais que uma simples rivalidade entre as duas partes. Numa Rixa de Sangue, vários membros de cada lado devem estar dispostos a lutar pelo insulto ou pela afronta. O ódio entre os dois lados cresceu com o tempo, e os chamados por vingança têm peso.\nQuando confrontado com a possibilidade de que seu rival esteja por perto, sua personagem precisa fazer um teste de Frenesi com -2 de dificuldade. Se tiver sucesso, ela consegue controlar a fúria cega causada pela sede de vingança.\nSe falhar no teste, você se sentirá compelido a agir de acordo com sua obsessão por vingança. Pode procurar e confrontar seu rival. Pode atacar alguém parecido com ele, sabotar seu carro ou atacar sua namorada. Pode até incitar as pessoas ao redor a entrar na briga junto. Como você age a partir desse ódio é escolha sua, mas uma falha garante que a Rixa de Sangue será renovada.\nVocê pode gastar um ponto de Força de Vontade para adiar o momento do frenesi por um turno. Contudo, quanto mais adiar a sua sede de vingança, maiores as chances de que o rival aja de acordo com a dele.\nUsado por: revenantes com rivalidade clara com outra família, ou carniçais de Clãs, linhagens ou Seitas em guerra.\nPara adquirir este Defeito, você precisa acertar com o Narrador com qual família (ou Clã) é a Rixa de Sangue e quanto o personagem sabe sobre a causa dela. Você também precisa escolher um rival específico do lado oposto, profundamente envolvido na rixa ou na sua origem.
Blood Hunted	Você virou alvo de uma caçada de sangue, e voltar à sua cidade natal significa morte. Por quatro pontos, este Defeito significa que apenas sua cidade natal está proibida para você. Por seis, significa que a Camarilla inteira uiva pela sua vitae. Este Defeito só pode ser adquirido por vampiros da Camarilla.
Blood Magick	Suas Artes exigem sangue… especificamente, o seu próprio sangue. E, embora muitas práticas empreguem pequenos cortes rituais ou sangrias, este grau de sacrifício exige uma quantidade lesiva de fluido vital a cada vez que você lança uma magia.\nCom este Defeito (rotulado por engano como Qualidade no suplemento Sorcerer, Revised Edition), você sofre um nível de vitalidade de dano contundente inabsorvível sempre que emprega um Efeito. Em termos de história, você se corta, rasga desenhos na própria pele ou se fere de outro modo o bastante para verter o sangue exigido. Isso pode se acumular rápido se você estiver lançando muita magia sem se dar chance de curar, já que o dano contundente logo vira dano letal (veja Tipos de Ferimento em Mage 20, p. 406). Enquanto isso, sua sangria parece bem nojenta e evidente (muitas vezes de forma vulgar) e tende a sujar tudo. Seus companheiros podem apreciar o resultado da sua magia, mas talvez tenham objeções aos métodos que você usa… ainda mais porque a magia de sangue tem uma fama bastante ruim entre todas as práticas, exceto as mais primais.
Blood Weakness	A linhagem começou como um experimento para fabricar um Cainita a partir de linhagens diversas. Eles aperfeiçoaram o processo alquímico, mas em algum ponto do caminho uma fraqueza de um ancestral pegou. Ela se manifestou no seu Abraço. Além das fraquezas que você já possui, você também possui a fraqueza dos Gangrel (V20, p. 55) ou a dos Tzimisce (V20, p. 71). Por quatro pontos, escolha uma das duas. Por sete, você tem as duas. Gárgulas Guerreiras com a versão Gangrel da Fraqueza de Sangue podem ganhar características animais e características de pedra num mesmo frenesi.\nAlém disso, escolha uma das quatro Disciplinas disponíveis para as Gárgulas. Para você, essa Disciplina é considerada fora de Clã e custa a quantia mais alta de pontos de experiência para ser elevada.
Blood-Hungry Soul	Numa encarnação anterior, você foi um carniçal escravizado por um vício profano em sangue vampírico. Agora precisa resistir ao chamado daquela vida passada voraz e à fixação dela na vitae inebriante dos Cainitas.\nQuanto mais funda a sua sede por essa satisfação maldita, mais este Defeito vale:\n(2 pontos) Você recorda as tentações gloriosas do sangue, mas lembra delas como uma escolha ruim de muito tempo atrás. Se a oportunidade surgir, porém, precisará de uma rolagem de Força de Vontade (dificuldade 5) para resistir ao impulso de perseguir de novo aquele vício. Se sucumbir mais uma vez nesta vida, a dificuldade para resistir às tentações seguintes sobe para 6 toda vez que a chance de consumir esse sangue reaparecer.\n(3 pontos) A tentação é mais forte. Agora a rolagem para resistir ao primeiro gole é 6, e a para resistir aos petiscos carmesins seguintes vira 8.\n(5 pontos) Você está mal. Muito mal! Obcecado pelas lembranças do glorioso sangue místico, você precisa vencer dificuldade 8 para resistir aos velhos hábitos, e dificuldade 10 a cada tentativa de negar essa sede depois de ter recaído no vício maldito.\nIsso não vai acabar bem… Veja o quadro Magos, o Laço de Sangue e os Efeitos da Vitae, p. 76, para os efeitos de longo prazo desses vícios fatais.
Body Trail	Seja porque o Nagaraja é desleixado demais e propenso a ignorar detalhes durante suas mortes, seja porque gosta especialmente de deixar uma assinatura em cada uma delas para mandar um recado, os outros podem usar isso para rastreá-lo. Toda vez, há objetos na cena do crime que podem levar direto até ele, obrigando-o a viver olhando por cima do ombro. A polícia está sempre a um passo de prendê-lo, ou os assassinos da Camarilla o têm na mira. Em todo caso, deixar um rastro é uma coisa terrível. Para cada pessoa que ele mata durante uma mesma história, a dificuldade dos testes de Sobrevivência para rastreá-lo cai em 1. Essa penalidade é zerada no começo de uma nova história… se ele sobreviver até a próxima, claro.
Botched Presentation	Quando seu senhor o apresentou ao Príncipe da cidade, você fez feio. Agora está convencido de que Sua Majestade o odeia (odiando ou não). Você precisa ter sucesso numa rolagem de Força de Vontade (dificuldade 7) só para ficar diante do Príncipe ou de um de seus representantes devidamente autorizados sem sair correndo, gaguejar ou fazer papel de bobo de outro jeito. Este Defeito só pode ser adquirido por vampiros da Camarilla.
Bound (Mage)	O Mentor sempre disse para você não fazer barganhas com entidades estranhas. Mas você escutou? Nada. Agora está enterrado até o pescoço em dívida com alguém cujo poder faz o seu parecer minúsculo, e suas chances de escapar da servidão são risíveis, na melhor das hipóteses. Assombrado pela ideia do pagamento por vir, você vive de tempo emprestado e sabe que o pior ainda está por vir…\nÀs vezes conhecido, com pequenas variações, como a Barganha de Fausto, Vinculado põe sua personagem na posição faustiana de receber algo interessante em troca de algo considerável – a vida dela, a alma dela, mil anos de servidão ou destino igualmente horrível que ninguém em sã consciência arriscaria. Ainda assim, ocultistas são famosos por pensar no curto prazo, e pactos literalmente diabólicos são moeda corrente no mundo mágico. Os detalhes desse acordo cabem a você e ao seu Narrador; talvez você tenha recebido Qualidades e/ou Habilidades em troca da dívida (compradas com os pontos deste Defeito), escapado de uma situação terrível ("Você quer sair desta armadilha mortal, caro feiticeiro? Muito bem – o que tem a me oferecer?"), salvado alguém importante para você ("Claro, trago sua mãe de volta da beira da morte – vamos discutir os termos deste favor…") ou perdido de outro modo um impasse com uma entidade de Outro Mundo (veja a seção Convocação, Vínculo, Barganha e Proteção em How Do You DO That?, pp. 91-95).\nComo o Defeito Destino Sombrio (abaixo), esta dívida lança um ar de mau agouro sobre a parte da crônica que cabe à sua personagem. Neste caso, porém, sua ruína pode ser evitada se você der um jeito de escapar do pacto. Enquanto isso, seu credor cobrará favores ocasionais – nada grande o bastante para quitar a dívida (a menos que a entidade precise de um serviço considerável e concorde em perdoar a obrigação maior), mas feitos que podem acender novas histórias ou complicar as que já existem. Apesar da tradição, essa dívida não precisa ser um pacto de alma com um diabo – uma promessa ao seu deus (ou aos emissários diretos dele) pode ser tão terrível quanto uma feita ao Coisa-Ruim!
Bound (Vampire)	Você está preso pelo laço de sangue a outro vampiro. Seu regente pode não tratá-lo mal, mas o fato é que sua vontade não é inteiramente sua. Saber disso o corrói, ainda que você se veja perdido em devoção ao seu mestre vampírico. Vampiros da Sabá não podem adquirir este Defeito.
Bound to the Clan	Você fez mais do que apenas beber do sangue dos anciões. Seja como punição, seja por escolha, você ficou completamente preso pelo laço de sangue ao Clã Tremere. Não consegue agir contra o Clã, e tudo o que faz acaba servindo aos Tremere. Você pode não gostar, mas não consegue evitar. Claro que, vinculado ao Clã, você não pode ser vinculado a nenhum indivíduo. Muitos Tremere mais velhos têm este Defeito, já que no passado era comum vincular por completo os novos Tremere.
Branded	Você foi julgado culpado por um Tribunal das Tradições, que Marcou seu Avatar com um sigilo indicando seu crime. Quem consegue ver esse sigilo reconhece que você é um criminoso de algum tipo, e quanto pior a Marca, mais grave o crime e mais dura a reação. Nem toda reação será negativa; mas, considerando o tipo de gente que se simpatizaria com um criminoso conhecido, você realmente quer a boa vontade dessas pessoas?\n(3 pontos) Marca temporária por um Crime Menor (veja abaixo), que desaparece em um a três meses. Ao fim desse período, o Defeito some. Esta Marca aumenta a dificuldade das suas rolagens sociais em +1 com magos das Tradições "médios" e +2 com os especialmente cumpridores da lei.\n(4 pontos) Marca duradoura por um Crime Menor. Ela dura um ano ou mais e o marca como um infrator bastante notório. A dificuldade das suas rolagens sociais sobe +2 entre a maioria dos magos que reconhecem o significado da Marca, e +3 entre os que levam a sério essas ofensas e punições.\n(5 pontos) Marca duradoura por um Crime Grave, que não desaparecerá por pelo menos nove anos e pode ser essencialmente permanente. Ela aumenta a dificuldade das suas rolagens sociais em +3 para qualquer personagem que se importe minimamente com a justiça das Tradições e com quem sofre suas punições. Certos grupos vão persegui-lo para puni-lo ainda mais, e outros o considerarão carne de primeira para seus esforços de recrutamento.\nPara detalhes sobre crimes e punições das Tradições, veja as entradas sobre Crimes e Punições do Capítulo Quatro, na seção Entre as Tradições, pp. 213-219.
Brittle Body	Seu cadáver já desfigurado não lida tão bem quanto deveria com as exigências físicas de ser um Cainita. Seus ossos quebram em horas inoportunas, sua pele rasga se você se move rápido demais, e você precisa ter cuidado toda noite. A versão de 2 pontos deste defeito lhe dá +2 de dificuldade em todas as rolagens Físicas, por causa da natureza delicada do seu corpo. A versão de 4 pontos significa que você também carrega o dano físico por mais tempo que os outros Cainitas. Você ainda cura níveis de vitalidade normalmente, mas qualquer penalidade em dados permanece até a noite seguinte, quando você desperta. Isso vem somado à penalidade nas rolagens Físicas.
Broken Antitribu	Você é uma das coisas mais lastimáveis que existem — um Assamita antitribu que ainda padece sob a Maldição Tremere. Você se juramentou à Sabá, mas não pode cometer diablerie e só consegue tomar vitae de Cainita já transubstanciada pela Vaulderie. Por isso, a dificuldade de todas as rolagens Sociais contra outros membros da Sabá é +2.
Bulimia	Você tem fome de sangue e, como todo vampiro, acaba se alimentando, mas a ideia ainda o deixa enjoado. Talvez você simplesmente não tenha nascido para uma eternidade sugando sangue, ou tivesse em vida um distúrbio alimentar que o seguiu para o outro lado da mortalidade. Seja qual for a razão, você não segura o sangue. Sempre que se alimentar, faça uma rolagem de Vigor com dificuldade 8. Se falhar, você vomita o sangue fresco antes que ele seja absorvido pelo corpo, espalhando-o por toda parte (constrangedor na melhor das hipóteses, uma quebra da Máscara na pior). Note que o sangue tomado em frenesi é absorvido normalmente, embora isso traga seus próprios riscos.
merit|Cannibal	A maioria dos vampiros não consegue comer comida e, mesmo os que conseguem forçá-la goela abaixo, não tiram sustento dela. Como eles, você continua sem estômago para a porcaria que a maioria dos mortais come. Carne humana, por outro lado, lhe dá enorme prazer. Ela pode ser assada, frita ou até crua, e você ataca sem cerimônia — e ainda tira sustento dela. Até outros vampiros olham torto para os Cainitas que devoram a própria presa, embora os Dunsirn aplaudam seu respeito pela tradição.\nAlém dos pontos de sangue que todo humano pode fornecer, você pode canibalizar um mortal e obter ainda mais. Um humano médio rende até sete porções de carne (uma por nível de vitalidade). Cada porção lhe fornece um ponto de sangue.
flaw|Cannibal	Embora a família revenante Bratovich seja conhecida pela depravação, o desejo de consumir carne humana não se limita a ela. Historicamente, mortais recorreram ao canibalismo em tempos de guerra ou fome, mas também comeram a carne dos mortos como parte de cerimônias religiosas para honrar os caídos. A imensa maioria das culturas, porém, considera a prática bárbara e antinatural.\nTornar-se Canibal é pôr sua personagem em risco de ostracismo e morte. Há vários distúrbios físicos que podem ser transmitidos pelo consumo de carne ou órgãos infectados. Na maior parte das vezes, essa infecção é indetectável por meios normais, não médicos. Se você comer carne humana como carniçal, a vitae já ingerida provavelmente é forte o bastante para anular os efeitos na maioria dos casos. Se, porém, seu carniçal for privado de alimentações futuras, a infecção se instalará à medida que o corpo voltar ao seu estado e idade naturais.\nUma personagem com o Defeito Canibal em geral só se alimenta da carne dos vivos ou dos mortos em particular. A maioria dos canibais não é feita de animais raivosos: são astutos e muito inteligentes. Sabem que a sociedade moderna condena o canibalismo, mas se sentem compelidos a praticá-lo mesmo assim. Por isso costumam ter o cuidado de agir em lugares e horários em que eles e suas vítimas não sejam descobertos com facilidade. Cadáveres sumidos ou pessoas muito queridas, por exemplo, tendem a ser procurados. Se houver testemunhas que viram o canibal e a vítima juntos, isso pode gerar complicações que ele não está preparado para enfrentar. Uma rolagem de Força de Vontade pode ser exigida para determinar se o canibal consegue exercer controle e discrição suficientes para não deixar pistas.\nO Defeito Canibal pode ser escolhido por qualquer carniçal, ou concedido a uma personagem pelo Narrador como resultado de uma Perturbação. Embora seja muito mais comum entre famílias revenantes, não é exclusivo delas. Por causa do impacto dramático que ele tem sobre carniçais na sociedade moderna, carniçais da Camarilla são desencorajados de adquiri-lo.\nUsado por: revenantes, alguns carniçais da Sabá e independentes
Cannot Embrace	Por alguma maldição, fraqueza ou defeito no seu vampirismo, você é incapaz de gerar prole. Talvez você nem saiba disso até que seja tarde demais e uma vítima esteja sangrando até a morte nos seus braços.
Can't Cross Running Water	Você acredita no velho folclore e não consegue atravessar água corrente a menos que esteja ao menos 15 metros acima dela. Considera-se água corrente qualquer corpo d'água com pelo menos meio metro de largura em qualquer direção e que não esteja completamente parado.
Carrion Presence	Esta aflição representa a verdadeira ligação dos Baali com a decrepitude que sua linhagem comanda. A pestilência é atraída pelos Baali; moscas abandonam suas deliciosas carcaças para circular ao redor do vampiro, ratos sobem por seus membros e guincham louvores, e urubus podem ser vistos girando sobre ele quase o tempo todo. O grau da aflição varia de personagem para personagem, mas não há como se livrar do enxame. Espantar as moscas apenas chama outras para o lugar delas. Embora bastante repugnantes para a maioria, esses vampiros carregam isso com orgulho. A coisa, porém, torna bem difícil lidar com círculos que não sejam Baali.
Cast No Reflection	Você de fato não tem reflexo, como os vampiros das lendas. Isso pode atrapalhar bastante quando você tenta se passar por humano. Vampiros do Clã Lasombra têm este Defeito automaticamente (e você pode ser confundido com um deles se o possuir).
Cast No Shadow or Reflection	Segundo certas lendas, bruxas não projetam sombra. E, embora isso não seja verdade para a maioria dos magos, de algum modo é verdade para você. Talvez você sofra de um Defeito de Paradoxo persistente, manifeste os próprios medos culturais ou tenha feito uma barganha que lhe custou a sombra ou o reflexo. Em todo caso, sua sombra e/ou seu reflexo estão ausentes. Por um ponto, falta uma dessas coisas; por dois, faltam as duas. E, embora a maioria das pessoas não perceba isso conscientemente, elas tendem a se sentir desconfortáveis na sua presença mesmo sem saber por quê. (Máquinas tecnológicas também registram o fenômeno.) Some +1 à dificuldade de todas as suas rolagens de Traços Sociais na maior parte das circunstâncias, e +2 se uma testemunha fizer uma rolagem baseada em percepção (dificuldade 7) e descobrir por que você parece tão estranho.
Catspaw	Você já fez trabalho sujo para alguém do alto escalão da cidade — o Xerife, o Bispo ou até alguém acima deles. Só que, em vez de lhe render prestígio, seus feitos fizeram de você um constrangimento ou um risco. No momento, a preocupação do seu antigo empregador é mantê-lo calado. No longo prazo, é se livrar de você.
Chandala	Ser membro do jati Chandala tem seus dois lados. Você é responsável pelo descarte de cadáveres, além de muitas outras tarefas imundas, mas ao mesmo tempo costuma ser ignorado. Suas rolagens Sociais contra outros Ravnos sofrem +2 de dificuldade.\nVocê não precisa adquirir este Defeito para ser membro do jati Chandala, mas só membros do jati Chandala podem tê-lo.
Child	Você era uma criança pequena (entre cinco e dez anos) na época do seu Abraço, o que deixou seus Atributos Físicos subdesenvolvidos e torna difícil lidar com certos aspectos da sociedade mortal. Você não pode ter mais de dois pontos em Força ou Vigor na criação do personagem, exceto ao elevar Atributos Físicos com pontos de sangue, e as dificuldades de todas as rolagens para dirigir ou liderar adultos mortais aumentam em dois. Personagens com este Defeito também devem adquirir o Defeito Baixinho.
Chronic Depression	Não importa como estejam as circunstâncias externas: você é frequentemente puxado para o desespero. Tudo parece esmagador, sem sentido e, na melhor das hipóteses, uma piada de mau gosto às custas do mundo. Esse sentimento permeia cada aspecto da sua existência: sua atitude, sua saúde física, seus relacionamentos e até – especialmente! – sua relação com a magia e todas as manifestações dela. (Veja as seções de Mage 20 sobre Foco e as Artes, Ressonância, Quietude e as percepções Vidare dos Outros Mundos.) Resumindo: é péssimo ser você.\nMuitas vezes vista como questão puramente psicológica ("Está tudo na sua cabecinha…"), a depressão crônica costuma estar ligada a Impedimentos fisiológicos, como no Defeito Físico de mesmo nome. Este Defeito também pode refletir as sequelas psíquicas de contragolpes de Paradoxo, episódios de Quietude, Coisas Que o Homem Não Deveria Saber, ataques da Esfera da Mente e outras formas de trauma (términos, violações, desastres e afins), embora a depressão induzida por trauma seja mais frequentemente uma manifestação do Defeito TEPT, citado acima. Seja qual for a origem, o elemento psicológico da depressão é inescapável. O peso emocional do desespero constante tende a drenar a vitalidade física, o que por sua vez alimenta mais depressão. Não admira que pessoas cronicamente deprimidas tenham dificuldade em "viver a vida ao máximo". Em certos dias, só levantar da cama sem desabar em choro já é um desafio.\nEm termos de história, este Defeito orienta a interpretação e a descrição da personagem como sugerido acima. Em termos de sistema, ele costuma exigir uma rolagem de Força de Vontade quando sua personagem deprimida precisa se empurrar para além da depressão. Um sucesso significa que ela age sem estorvo. Uma falha soma +2 à dificuldade da tarefa principal em questão, que pode envolver Atributos Físicos (a depressão drena a vitalidade), Sociais (mina as relações com os outros) ou Mentais (névoa mental), conforme a situação. Uma falha crítica significa que a depressão toma conta e a derruba num poço negro e fundo de desespero, no qual ela ficará presa por horas ou até dias.\nVocê pode gastar um ponto de Força de Vontade para empurrar a depressão de lado, evitando a rolagem por completo. Só que, como sabe quem entende a analogia das colheres, mais cedo ou mais tarde os pontos de Força de Vontade acabam. (Para quem não conhece a analogia: é a ideia de que você tem um número limitado de colheres por dia; cada tarefa exige que você entregue uma colher, e logo você fica sem colheres.) O fato de as pessoas se irritarem com a sua Nuvem Negra da Perdição também não ajuda; diabos, você está mais irritado com essa porcaria do que qualquer um! Então, falando sério – em todos os aspectos da vida, a Cidade da Depressão Crônica não é um lugar divertido… nem mesmo para fãs do Mundo das Trevas.
Clan Enmity	Um Clã em particular quer você morto. Você ofendeu o Clã inteiro, de anciões a neonatos, e por isso todo membro daquela linhagem quer sua cabeça numa bandeja. Os efeitos deste Defeito podem ir de desfeitas e insultos bem públicos a atentados de verdade contra sua não-vida. Você também sofre +2 de dificuldade em todas as rolagens Sociais envolvendo membros do Clã em questão.
Clan Weakness	Apesar de não ter herdado as outras capacidades do seu Clã de origem, você herdou a fraqueza dele. Embora isso possa ser mortal para um vampiro despreparado, um Caitiff esperto pode virar a coisa a seu favor para se misturar melhor ao Clã de origem. Alguns Nosferatu, por exemplo, provavelmente jamais notariam, e poderiam até sair em defesa do Caitiff diante de acusações de fora.
Cloaked in Shadow	Sombras grudam em você o tempo todo. Não são as sombras comuns que qualquer corpo projeta; a escuridão ao seu redor é espessa e pesada, tornando impossível você passar por outra coisa que não algo sobrenatural. Além dessa complicação, a dificuldade das rolagens Sociais com outros vampiros (especialmente os Lasombra) aumenta em um.
Cloistered	Você passou quase toda a sua existência morta-viva nos salões da capela, o que torna a sociedade Cainita algo novo e confuso para você. Você sofre penalidade de -2 dados em qualquer interação social com quem não seja Tremere.
Cold Breeze	Um vento gelado o segue aonde quer que você vá. Ele pode render entradas dramáticas, mas também incomoda os mortais (+1 de dificuldade em todas as rolagens Sociais cabíveis) e o marca como obviamente sobrenatural. Ventos frios varrendo escritórios executivos ou boates lotadas levantam todo tipo de pergunta.
Combat Novice	Sua personagem pode até falar bonito, mas nunca esteve perto de violência de verdade e, quando ela acontece, dificilmente reage bem. Diante de tiroteio; combate óbvio e brutal (sangue derramado, facadas, ossos quebrando); ou qualquer tipo de violência sobrenatural, role Força de Vontade (dificuldade 7). Se a rolagem falhar, a personagem congela no lugar (se a Coragem dela for maior que o Autocontrole) ou foge do local (se o Autocontrole for maior que a Coragem).\nVocê precisa fazer essa rolagem em toda cena em que ela testemunhe algo violento, mas, se acumular cinco sucessos, não são mais necessárias rolagens naquela noite de jogo. Uma demonstração de violência especialmente sangrenta pode zerar esse total, a critério do Narrador.
Compulsion	Um tique mental quase reflexo o empurra para comportamentos compulsivos, muitas vezes inconscientes. Em alguns casos, sobretudo entre magos, esses comportamentos se manifestam como atividades ritualizadas: lavar as mãos, arrumar-se de forma obsessiva, fazer uma tarefa exatamente do mesmo jeito toda vez e assim por diante. Outras compulsões geram manias irritantes (cantarolar, fazer barulhos com a boca, falar em voz alta sem querer etc.) ou atividades potencialmente danosas, como furto em lojas, jogatina ou dar em cima de tudo que se move, que aparecem quando você está sob estresse. (Uma compulsão gravemente prejudicial pode ser tratada como o Defeito Perturbação, citado adiante.)\nCompulsões pequenas costumam ser justificadas com o velho "ela é assim mesmo". Se quiser que sua personagem evite uma compulsão séria, porém, você precisa gastar um ponto de Força de Vontade para adiar o comportamento por um tempinho. Passado esse tempinho (a critério do Narrador), ela se sente compelida de novo a fazer aquilo… a menos que você gaste outro ponto de Força de Vontade… para adiar mais um tempinho…
Compulsive Speech	Cara, cala a boca, por favor! Mas não: você continua falando… e falando… e falando mais um pouco. Essa compulsão pode vir de um hábito social nervoso, de uma personalidade sabe-tudo, de um desconforto com o silêncio ou de algum outro impulso (possivelmente metafísico) de encher o espaço com palavras. Pior ainda: essas palavras muitas vezes trazem observações grosseiras, informações delicadas e outras coisas que seria melhor não dizer. Puxa – você disse mesmo o que eu acho que você disse? Disse, sim. Ai…\nNo que toca a este Defeito, a versão de um ponto significa que você fala demais, enquanto a de dois pontos (também conhecida como Boca Grande) significa que você diz as coisas erradas para as pessoas erradas com certa regularidade, muitas vezes para gente acima de você na hierarquia ou que não tem exatamente os seus interesses no coração. Você pode gastar um ponto de Força de Vontade para manter a boca fechada por uma cena ou duas; mais cedo ou mais tarde, porém, as palavras voltam a jorrar…
Conflicting Loyalties	Embora profundamente leal (provavelmente a ponto de ter a Qualidade Lealdade – veja p. 53), você enfrenta uma crise de compromissos: duas ou mais das partes a quem você é leal estão em conflito, e você fica no meio tentando apoiar todas. Seu melhor amigo pode estar em apuros com a corporação policial em que seu pai trabalhava; seu amante pode ter traído a confiança da sua Convenção; seus Aliados podem ter decidido que seu Mentor precisa cair. E lá está você – encurralado numa situação impossível, tentando fazer o que é certo para todos os envolvidos.\nO valor deste Defeito, como sempre, depende da intensidade do conflito:\n(1 ponto) Uma crise pequena o obriga a se equilibrar entre as lealdades sem trair nenhuma das partes.\n(2 pontos) Um choque considerável faz você mediar situações insustentáveis com uma frequência frustrante.\n(3 pontos) Diferenças irreconciliáveis acabarão por obrigá-lo a escolher entre lealdades, e essa é uma escolha que você não sabe se consegue fazer. Até lá, você trava uma campanha aparentemente perdida para apoiar todos os lados sem trair ninguém.\nA natureza das suas lealdades, relações e disputas deve, é claro, ser definida quando você adquire este Defeito. Seu Narrador vai trazê-las à mesa com frequência suficiente para manter você correndo atrás da melhor solução para um dilema aparentemente impossível.
Conniver	Para a maioria de quem o conhece, você é uma faca permanentemente cravada nas costas de alguém. Essa fama pode não corresponder à verdade (veja os Defeitos Estrangeiro Cultural, Infâmia, Encrenqueiro e Aparência Fichada), mas as pessoas esperam traição da sua parte mesmo quando estão erradas. Subtraia um dado de qualquer parada de dados não mágica que você use ao tentar fazer outros personagens confiarem em você. A penalidade não se estende às paradas de Arete quando você conjura magia da Esfera da Mente (ou de qualquer outra Esfera), mas, se você precisa lançar magia para ser acreditado, então acabou de confirmar aquela reputação.
Conspicuous Consumption	Não basta você se nutrir do sangue dos mortais — você acredita que precisa consumir também o coração, o fígado e outros tecidos ricos em sangue da vítima. Isso, é claro, exige a morte de todas as suas vítimas (a menos que você seja extremamente criativo), o que pode gerar inúmeros problemas para manter a Humanidade (e a discrição). Personagens com este Defeito também devem comprar a Qualidade Comer Alimentos.
Construct	Como a Ordem da Razão ainda não avançou a tecnologia até a engenharia genética ou a clonagem, jogadores que escolherem este Defeito para criar "pessoas" artificiais, como autômatos de relojoaria ou outras criações tecnológicas, devem discutir as implicações com o Narrador. Um envolvimento permanente com os Estreitos provavelmente acompanha este Defeito. Golens Despertos, cadáveres reanimados e outras criações místicas correm o mesmo risco.
Consumption	Há algo faminto dentro de você. Mas o que é? Pedaços do Antediluviano? Sua Vicissitude que deu terrivelmente errado? Seja o que for, está ativo, agindo como um câncer, devorando você de dentro para fora. Seu próprio sangue está tomado por bactérias corrosivas que comem a carne. No começo de cada noite, você sofre um nível de vitalidade de dano letal que não pode ser absorvido nem curado com sangue. A única forma de conter o efeito é ingerir um décimo do seu peso corporal em carne para repor sua carcaça esgotada. Seja matando e devorando a pele de humanos, seja saqueando os recipientes de lixo biológico de clínicas de lipoaspiração atrás da gordura sugada, você precisa da sua ração de carne humana para sobreviver. Se tentar ingerir essa refeição macabra antes que o dano ocorra, você simplesmente a vomita como qualquer outro alimento — isto não concede os benefícios da Qualidade Comer Alimentos.
Contagious	Seu corpo continua morrendo por dentro, e suas entranhas apodrecidas alimentam bactérias nocivas, esporos e até fungos. Mortais que o tocarem ou dos quais você se alimentar precisam fazer uma rolagem de Vigor (dificuldade 9) para não adoecer. A doença os deixa de cama com febre e mal-estar, e a cada semana eles podem repetir a rolagem de Vigor. O Narrador pode reduzir a dificuldade se o alvo estiver recebendo atendimento médico adequado. Com um sucesso, eles se recuperam; se falharem, seguem febris. Ao fim de cada mês em que a vítima continua doente, ela perde um ponto de Vigor; se chegar a zero de Vigor, morre. Se o Nosferatu souber do próprio contágio e infectar alguém por maldade, o Narrador pode pedir uma rolagem de degeneração de Humanidade (ou do Caminho de Iluminação cabível) caso a vítima morra. Criaturas sobrenaturais em geral têm como curar ou sarar esse tipo de doença em si mesmas, e vampiros são imunes a esses germes dos mortos.
Credulous	Você acredita em monstros e conspirações, e seus colegas agentes sabem disso. Essa fama de crédulo faz de você um risco — não importa quanta verdade você de fato conheça. Com a versão de três pontos deste Defeito, você ainda é agente de campo, mas seus colegas ou o ignoram ou zombam abertamente de você. Subtraia um dado de todas as rolagens de Empatia, Investigação ou Liderança ao lidar com a comunidade de inteligência. Se uma criatura sobrenatural estiver procurando um bode expiatório, seu nome está no topo da lista.\nCom a versão de cinco pontos, você está de saída. Recebeu uma tarefa inventada — talvez um estudo de viabilidade para construir um muro na fronteira canadense, ou monitorar a inteligência que sai do escritório da Nova Zelândia. Você não terá apoio nenhum e, se continuar dando trabalho (investigando criaturas sobrenaturais, digamos), gente do alto escalão da sua agência vai arranjar um acidente para calá-lo de vez. Recurso
Crucial Component	Sua prática metafísica exige instrumentos especializados. Não basta você precisar de combustível para o seu Porsche 911 Turbo S turbinado – você precisa da sua própria mistura de combustíveis, preparada de forma especial, ou o carro não anda. Uma simples varinha de sorveira não serve – suas magias exigem um galho entalhado à mão, cortado de uma sorveira sem cicatrizes na alta meia-noite da véspera de Samhain. Em termos de jogo, ao menos um dos instrumentos do seu foco mágico precisa ser criado, colhido ou modificado especificamente para funcionar com suas magias. Nenhuma ferramenta inferior serve.\nQuão difícil é obter ou usar esse componente especializado? Depende do valor do Defeito:\n(2 pontos) Fácil de obter e/ou usar (luz do sol, posturas de ioga, óleo de motor, emoções fortes, um livro fácil de achar na seção de esoterismo da livraria etc.).\n(3 pontos) Difícil de obter, usar ou repor (chamas abertas, a postura Kurmasana, óleo profissional de competição, tristeza genuína, um texto oculto fora de catálogo e assim por diante).\n(4 pontos) Bem difícil de obter, usar e repor (fogo líquido, a pose Vrschikasana, óleo formulado alquimicamente, luto profundo, um exemplar romano legítimo de De Daemonum Socrates, de Apuleio, e outros instrumentos raros e preciosos).\n(5 pontos) Único, obscuro, proibido, incômodo, ou alguma combinação dos quatro (um frasco de fogo solar destilado alquimicamente, uma postura de ioga impossivelmente complexa inventada pelo próprio praticante, óleo lubrificante de hipertecnologia formulado e destilado pessoalmente, o grito sentido de uma mãe enlutada, um Grimório de Honório renascentista ilustrado com xilogravuras e inscrito em pele humana esfolada, e instrumentos igualmente raros).\nQuando usado, o instrumento escolhido funciona como Instrumento Personalizado (Mage 20, pp. 503 e 587) – possivelmente um Personalizado Único, no caso de um componente de cinco pontos. No seu caso, porém, você não consegue empregar de forma alguma a magia ligada àquele instrumento a menos que também possa empregar aquele instrumento específico. Se Lee Ann Milner depende de uma postura de ioga única, a da centopeia vingativa, para empregar certos Efeitos de Forças por meio da sua prática, então Lee Ann está perdida a menos que consiga assumir a postura a tempo de lançar os Efeitos necessários.\nNa versão original deste Defeito, o material estava preso a um Efeito de Esfera específico. Esta versão revisada amarra o Componente Crucial a uma ferramenta que você usa. A mudança torna mais fácil acompanhar o componente e seus usos, empregando as novas regras de foco apresentadas em Mage 20, Capítulo Dez, de modo que o Defeito vire parte integral do jeito como seu mago realiza Efeitos mágicos. Para detalhes sobre Atribuir Práticas e Instrumentos a Efeitos, veja a seção de mesmo nome no Capítulo Três, p. 169.
Cultural Other	Aos olhos da sua sociedade, você é claramente divergente. De má fama. O Outro. As pessoas suspeitam que você tenha comportamento criminoso, ou ao menos duvidoso; as autoridades o importunam ou detêm por pouco ou nenhum motivo, e seus entes queridos provavelmente "queriam que você fosse igual às pessoas normais". Reconheça-se: todo mago é "o outro" em algum grau. No seu caso, porém, essa alteridade ameaça sua vida, sua liberdade e sua felicidade.\nTambém conhecido como Minoria Maltratada, este Defeito reflete o preconceito dentro da sua sociedade. O tamanho e a frequência do problema que ele causa determinam seu valor:\n(1 ponto) As pessoas ao seu redor tendem a importuná-lo de formas pequenas mas perceptíveis (sendo bruscas fora do normal, usando ofensas na sua presença, tomando liberdades desconfortáveis com sua privacidade, seus bens ou seu corpo etc.) e parecem achar que não há nada de errado nisso. Outros podem sair em sua defesa, mas na maioria das vezes não saem.\n(2 pontos) Como acima, mas agora sua família e outros companheiros íntimos acham que você merece ser evitado, envergonhado, insultado e por aí vai, por ser quem ou o que é.\n(3 pontos) Estranhos se sentem à vontade para envergonhá-lo, insultá-lo, evitá-lo e talvez agredi-lo fisicamente por princípio. As autoridades podem intervir, mas provavelmente só o farão se leis importantes forem quebradas… e talvez nem então.\n(4 pontos) As autoridades também discriminam você. Sua casa pode ser revistada, seu emprego pode ser encerrado, você pode ser despejado, roubado ou agredido, e pouquíssima gente vai se importar.\n(5 pontos) Só viver nesta sociedade já é física, social, emocional e legalmente perigoso para a sua segurança, sua sanidade e possivelmente sua vida. Você pode ser preso, escravizado, torturado ou morto com pouca ou nenhuma reação das autoridades.\nAo contrário do Defeito físico Aparência Fichada, esta discriminação não se baseia no corpo. Uma personagem com este Defeito não pode também adquirir Aparência Fichada; se ela se destaca fisicamente e ainda é discriminada socialmente, basta comprar mais pontos neste Defeito.\nEle também não está preso a nenhuma crença, gênero ou etnia; enquanto uma wiccana pode ser Estrangeira Cultural numa cidade cheia de batistas fundamentalistas, um batista fundamentalista pode ser Estrangeiro Cultural num Reino Horizonte de base wiccana. Você pode seguir um credo "herético", pertencer a uma subcultura "de má fama", se identificar como "minoria" sexual/de gênero/étnica/religiosa, ter uma opinião política impopular… qualquer coisa que leve os outros a tratá-lo mal e a saírem impunes pode servir de base para este Defeito.\nDito isso, uma personagem com este Defeito precisa de fato ser maltratada; ser confrontada por uma opinião impopular, ou ter o comportamento criticado, faz parte da experiência humana, enquanto ser revistada pela polícia só por existir é um problema de verdade. Para adquirir este Defeito, sua personagem precisa enfrentar discriminação e ataques reais numa base razoavelmente regular e perigosa. Não: ser xingado na internet não conta, embora um episódio intenso de linchamento virtual – ou seja, exposição de dados pessoais, trotes policiais, destruição de carreira e ameaças sérias à vida e à sanidade – possa contar, a critério do Narrador.\nComo o Estrangeiro Cultural está ligado ao entorno social da personagem, uma mudança radical desse entorno pode atenuar ou eliminar o Defeito. Uma pessoa poliamorosa pode ser discriminada numa cidade e recebida de braços (e pernas) abertos em outra; se essa personagem permanecer num ambiente favorável ao poliamor, o jogador precisa comprar a saída do Defeito ou substituí-lo. Da mesma forma, sua "alteridade" precisa ser algo que as pessoas saibam, ou que possam descobrir com facilidade suficiente para que aquilo vire um grande problema na sua vida. Uma "alteridade" profundamente escondida é um Segredo Sombrio (veja abaixo) até que seja revelada.\nPara ficar claro: este Defeito não representa de forma alguma um julgamento por parte deste jogo, de seus criadores ou – espera-se! – do seu grupo de jogo. Ele existe para refletir os modos como a sociedade mortal (e, muitas vezes, a Desperta) costuma tratar quem foge de suas normas culturais. Sendo quem são e fazendo o que fazem, magos frequentemente se destacam de maneiras que podem ser perigosas para sua saúde social e às vezes física – olá, Tempos da Fogueira! Contudo, se este Defeito parecer redundante no seu grupo, criar tensões reais indesejadas entre os jogadores ou for abusado por personagens (ou jogadores) que estão apanhando por agirem como babacas, sinta-se livre para ignorá-lo ou descartá-lo.
Curiosity	Você simplesmente não resiste a um bom mistério! Uma curiosidade incômoda o arrasta para todo tipo de situação complicada. Com as suas capacidades, você tem uma boa chance de descobrir as coisas, também… o que, especialmente no Mundo das Trevas, não é lá muito saudável. Coisa bem de mago, aliás.\nDiante de uma pista atraente ou de uma circunstância enigmática, faça uma rolagem de Raciocínio para não ceder à tentação. A dificuldade depende da situação: um mistério casual (digamos, a identidade daquela garota intrigante atrás do balcão do Starbucks) seria dificuldade 5, enquanto resistir a um mistério mais convidativo (a identidade de quem deixou uma dúzia de rosas na sua Capela) seria dificuldade 9. Uma vez na trilha, pouca coisa aquém de uma ameaça mortal o faz parar… e essa ameaça mortal pode muito bem incentivá-lo a cavar ainda mais fundo.
Cursed	Você é alvo de uma maldição sobrenatural. A força e o alcance dela dependem de quantos pontos você quiser tomar. Exemplos:\nSe você repassar um segredo que lhe foi confiado, a traição voltará para prejudicá-lo de algum modo. (1 pt.)\nVocê gagueja sem controle ao tentar descrever o que viu ou ouviu. (2 pts.)\nFerramentas quebram ou falham quando você tenta usá-las. (3 pts.)\nVocê está condenado a fazer inimigos daqueles que mais ama ou admira. (4 pts.)\nCada uma das suas conquistas ou triunfos acabará manchada ou fracassará de alguma forma. (5 pts.)
Dangerous Secret	Você acabou sabendo de algo que preferia nunca ter descoberto. Pior ainda: as pessoas sobre quem você tem o podre sabem que você sabe. Pode ser que tenha descoberto o refúgio do Príncipe, ou que há infernalistas escondidos na diocese. Seja o que for, você não tem certeza de a quem contar e, se contar, só deixará os envolvidos no segredo mais empolgados em se livrar de você. Você pode até acabar implicado no segredo e correr o risco de cair junto com eles. Quanto mais potente o Defeito, mais poderosas são as pessoas em questão e mais elas querem aquilo calado.
Dark Aura	Mesmo sem o uso de Auspícios, o Baali parece de algum modo errado para quem interage com ele, emitindo uma aura aterrorizante de doença e poder. A personagem está sempre em ligeira desvantagem ao lidar com outros vampiros ou com os tocados pelo divino, pois eles sentem a depravação da alma dela. Baali com este Defeito sofrem +2 de dificuldade em todas as rolagens Sociais, a menos que estejam usando Intimidação. Para quem usa Auspícios para ver a aura do Baali, ela aparece como uma névoa vermelha e rala em volta da personagem, com olhos vigilantes surgindo aqui e ali dentro dela.
Dark Fate	Você está condenado à Morte Final ou, pior, a sofrer agonia eterna. Não importa o que faça, você não consegue escapar desse destino terrível. Em algum momento da crônica, seu Destino Sombrio o alcançará. Mais medonho ainda é o fato de você ocasionalmente ter visões desse destino, e o mal-estar que essas imagens provocam exige o gasto de um ponto temporário de Força de Vontade para ser evitado; caso contrário, você perde um dado em todas as suas ações pelo resto da noite. Cabe ao Narrador determinar a natureza exata desse destino e quando ele ocorrerá. É um Defeito difícil de interpretar; ironicamente, embora pareça eliminar todo o livre-arbítrio, saber da própria morte pode ser bastante libertador.
Dark Secret	Você guarda algum tipo de segredo que, se viesse à tona, seria motivo de imensa vergonha e faria de você um pária na comunidade Cainita local. Pode ser qualquer coisa, de ter assassinado um ancião a ser membro dos Anarquistas.
Dead Inside	Você não sente nada além de dor e dormência. Enquanto os outros acham motivos para tornar suas vidas dignas de serem vividas, às vezes você simplesmente não sente essa faísca. Uma vez por sessão, o Narrador pode cancelar qualquer ganho de pontos de Força de Vontade.
Deaf	Você não ouve. Embora possa ser mais resistente a algumas aplicações de Dominação, você também não consegue acompanhar mídia eletrônica ou falada, e as dificuldades de muitas rolagens de Percepção aumentam em três.
Deathsight	Tudo parece podre e apodrecido para você. O mundo se apresenta como um cadáver; mortais parecem doentes ou esqueléticos, prédios parecem decrépitos, e seus companheiros Cainitas parecem cadáveres ambulantes em decomposição. Você tem -2 de dificuldade para resistir a todas as rolagens baseadas em Aparência, mas, pelo mesmo motivo, tem +2 de dificuldade em todas as rolagens baseadas em Percepção. Além disso, você acha a interação social difícil e sofre +1 de dificuldade em todas as rolagens baseadas em Social.
Debts	Magos também precisam de dinheiro para funcionar no reino humano. E, no seu caso, você está ferrado financeiramente. Empréstimos estudantis, dívidas de cartão de crédito, pensão alimentícia, perdas no jogo, condenações judiciais, contas médicas, prestações do carro e/ou da casa… as formas de um mago moderno se enterrar em dívidas são tão numerosas quanto os que lucram com elas. E há ainda a possibilidade de manipulação financeira de fontes Despertas – magos ou Gente da Noite que, de propósito ou não, mantêm você quebrado para firmar o domínio que têm sobre você (veja Technocracy: Syndicate, p. 28). Ou talvez você seja simplesmente péssimo nessa coisa de pagar contas. Seja qual for a razão, sua renda vai embora assim que entra. Você pode até ter o Antecedente Recursos, mas o dinheiro não fica muito tempo na sua conta.\nComo Defeito, estas Dívidas representam um valor mínimo que você deve aos credores. Quanto mais você deve, mais o Defeito vale:\n(1 ponto) Dívida mínima (menos de US$ 10.000).\n(2 pontos) Dívida moderada (menos de US$ 50.000).\n(3 pontos) Dívida considerável (mais de US$ 50.000).\n(4 pontos) Dívida esmagadora (mais de US$ 100.000).\n(5 pontos) Dívida avassaladora (mais de US$ 500.000).\nDo nível de três pontos em diante, seus credores empenharão um bom esforço (talvez enorme) para arrancar esse dinheiro de você. Certos credores, como agiotas, começam bem antes disso. As táticas vão de ligações a qualquer hora e cartas de cobrança a processos, retomadas de bens, ameaças, despejo e violência física. Para quem tem renda pequena e/ou irregular, a pressão da dívida e do assédio da cobrança pode causar sofrimento emocional e psicológico intenso… que, por sua vez, afeta a capacidade de ganhar dinheiro… que aprofunda a dívida… que aprofunda o estresse… num ciclo desesperado que pode levar a atos desesperados.
Deep Sleeper	Quando você dorme, é muito difícil despertar. A dificuldade de qualquer rolagem para acordar durante o dia aumenta em dois.
Deformity	Você tem algum tipo de deformidade — um membro malformado, corcunda ou pé torto, por exemplo — que afeta suas capacidades físicas e sua interação com os outros. Uma corcunda, por exemplo, reduziria a Destreza da personagem em dois pontos e aumentaria em um a dificuldade das rolagens ligadas a perícias sociais. Cabe ao Narrador determinar os efeitos específicos da deformidade escolhida.
Degeneration	Seu corpo está se desfazendo. Uma maldição, uma doença, biotecnologia defeituosa, magias corruptoras ou alguma outra aflição apodrece sua forma física e, embora a magia da Vida possa reparar o dano até certo ponto, essa degeneração é permanente enquanto o Defeito não for removido de algum modo.\nNa variação de três pontos, este Defeito representa a incapacidade de curar ferimentos sem a ajuda de magia ou de tecnologia médica. Até ser tratada por Efeitos da Esfera da Vida ou por intervenção médica, a personagem não recupera níveis de vitalidade perdidos por ferimento, doença ou outros fatores.\nNo nível de seis pontos, a personagem sofre um fluxo constante de ferimentos mesmo sem trauma externo. Sempre que estiver com a Vitalidade cheia, ela perde um nível de vitalidade a cada duas semanas até ser curada ou morrer. Como descrito acima, ela não se cura sozinha.\nNo nível de nove pontos, essa perda de Vitalidade é essencialmente dano agravado e só pode ser curada por Efeitos vulgares da Esfera da Vida.\nObviamente, este Defeito não significa nada em aventuras únicas ou campanhas curtas. Ele só deve ser adquirido por personagens (e jogadores) envolvidos em crônicas de longa duração.
Demented Eidolon	Tem alguém dentro da sua cabeça, e não é você. Apesar do seu compromisso com a lógica e a razão, um herege enlouquecido esbraveja dentro do seu crânio, insistindo que o que você faz é magia, não ciência. Essa voz áspera o empurra rumo ao Supersticionismo e ao Desvio da Realidade. Não que você fosse sequer considerar tamanha insanidade. Não mesmo – sério, jamais.\nDefeito para operativos Tecnocratas e outros tecnomantes que se recusam a ver o que fazem como "magia", este Traço põe seu eu consciente contra um Avatar decidido a retomar a identidade de mago. O Eidolon (o termo tecnocrata para Essência) investido no seu Gênio (Avatar) chicoteia esse paradigma de Iluminação rumo a direções Desviantes. Enquanto a maioria dos Gênios Tecnocratas se comporta razoavelmente, este assume um semblante escancaradamente sobrenatural e martela a fortaleza da Razão (e do Processamento Social) que protege você de pensamentos Desviantes. Pode até ser divertido deixar outro jogador assumir o papel do seu Gênio, especialmente durante uma Busca… quer dizer, durante um daqueles interlúdios meditativos que permitem processar os enigmas da Iluminação. Idealmente, este Defeito acompanha um Traço de Gênio (Avatar) de 3 ou mais, e combina bem (do ponto de vista do "drama de interpretação", pelo menos!) com Antecedentes como Vidas Passadas, Destino e Lenda, Qualidades como Alma Gêmea e Avatar Companheiro, e Defeitos como Atavismo e – como era de se imaginar – Destino Sombrio.
Demon-Hounded	Um demônio se afeiçoou a você. Ele aparece em horas estranhas e inconvenientes e lhe oferece subornos de riqueza e poder. Em certos dias, pede favores; em outros, os oferece. Que planos negros o inferno tem para você, para que um de seus servos se dê ao trabalho de incomodá-lo? Com que poderes sinistros você brincou e não deveria ter brincado? Com 1 ponto, o demônio é pouco mais que um diabrete, pedindo favores pequenos ou furtando objetos miúdos. Com 3 pontos, ele é seu igual em força física ou mágica, ou uma ameaça menor disposta a arrastar também seus amigos próximos para o caso. Com 5 pontos, é significativamente poderoso, capaz de ameaçar sua coterie, ou um demônio menor disposto a atormentar seus amigos, sua família e seus conhecidos.
Deranged	Veja Mage 20, pp. 648-650.
Devil's Mark	Seja produto do seu Abraço, seja fruto da exposição a poder infernal ou outro poder profano, você foi marcado com a "Marca do Diabo", uma aberração anatômica que manifesta a mácula demoníaca. Deformidades possíveis incluem, mas não se limitam a: olhos bestiais ou desumanos, cascos, chifres, pele escamosa ou de cor antinatural, uma marca de nascença em forma de sigilo, infestação parasitária, garras, dentes disformes ou membros inúteis (talvez adicionais). Você jamais pode remover ou "melhorar" essas desfigurações, embora magia ou Disciplinas possam escondê-las da vista.\nA Marca do Diabo confere os seguintes efeitos de regra: reduza em um o valor máximo de um Atributo (se o máximo é 5, passa a ser 4), enquanto o custo para elevar esse Atributo aumenta em um (1 + valor atual x 4). Se a marca ficar visível ou for conhecida por uma mortal, ela concede -1 de dificuldade em rolagens de Intimidação ao lidar com ela, mas em troca aumenta em um as dificuldades de todas as outras rolagens Sociais. Os jogadores devem acertar com o Narrador uma Marca do Diabo apropriada e o Atributo Físico que melhor se encaixa nela.
Diabolical Mentor	Seu mentor não era apenas ruim no que fazia – ele se revelou ativamente malévolo. Essa pessoa pode ser um Nephandus de verdade, um Marauder demente, um feiticeiro implacável, um Tecnocrata linha-dura do tipo "chapéu preto e óculos espelhados", um infernalista que vendeu a alma… talvez você nem saiba o que seu mentor realmente é, mas é simplesmente ruim. Obviamente, esse sujeito ferrou com você. Além disso, se você descobriu coisas que ele preferia manter em segredo, isso pode gerar outros Defeitos também: Inimigo, Amaldiçoado e coisas piores…
Discredited	No seu campo de atuação, seu nome está na lama. Talvez você seja um cientista cujas teorias bizarras lhe custaram o respeito dos pares… ou um acadêmico que acabou do lado errado da política departamental… ou um jornalista que pisou fundo demais na linha da credibilidade. Seja lá o que tenha feito (ou tenham dito que fez), seus colegas de profissão o olham de cima. Some +2 à dificuldade das suas rolagens sociais e baseadas em Antecedentes quando tentar fazer esses colegas o levarem a sério. Embora seja um Defeito comum entre os Eterritas, sempre metidos em rusgas, qualquer um que dependa de reputação profissional pode ser desacreditado assim – Herméticos professorais, operativos do Sindicato subindo na hierarquia corporativa, agentes da Torre Branca e outros magos de campos competitivos também podem cair em desgraça.
Disease Carrier	Seu sangue carrega uma doença letal e altamente contagiosa. Ela pode ser qualquer coisa, de raiva a HIV, e Cainitas que bebam do seu sangue têm 10% de chance de também se tornarem portadores. Você precisa gastar um ponto de sangue extra toda noite ao despertar, ou começará a manifestar os sintomas da doença (chance maior de frenesi no caso da raiva, rolagens de absorção reduzidas no caso do HIV etc.).
Disfigured	Uma desfiguração medonha torna sua aparência perturbadora e memorável. As dificuldades de todas as rolagens ligadas a interação social aumentam em dois. Você não pode ter Aparência acima de 2.
Disgrace to the Blood	Seu senhor considera tê-lo Abraçado um erro titânico, e fez questão de contar isso a todo mundo. Você é ridicularizado nas reuniões, alvo de deboche dos seus pares e ativamente desprezado por quem deveria lhe dar orientação. Qualquer pedido ou petição que você faça tende a ser menosprezado pelos amigos do seu senhor, e suas conquistas tendem a ser desmerecidas.
Dogmatic	Olha, é ótimo que você tenha convicções espirituais tão firmes… mas precisa ser tão babaca com elas? Este Defeito representa uma abordagem religiosa, espiritual e/ou filosófica que define suas crenças morais e mágicas. O problema é que suas crenças não se dão bem com as dos outros; em termos de regra, você soma +2 à dificuldade de todas as rolagens sociais que envolvam lidar com gente de crenças diferentes. Mesmo quando você está tentando, droga, se dar bem com aqueles hereges desorientados, as pessoas percebem que você não aprova. Você faz cara feia, discute, tenta converter todo mundo ao seu modo de pensar… não consegue evitar, sério – suas convicções são simplesmente formidáveis! Afinal, você as usa para mudar o mundo, então como poderiam estar erradas?
Domitor Pariah	Seu mestre é um vampiro que, por alguma razão, é malvisto ou até odiado pelos outros membros do seu Clã, linhagem ou Seita. Sem aliados, sua domitora pode ter dificuldade em manter o status e provavelmente vai depender de carniçais como você para suprir suas necessidades básicas. Você pode receber responsabilidades extras, ou ser manipulado para espionar, atacar, defender ou roubar para ela.\nAo escolher Domitor Pária como Defeito, tenha em mente que, se outros vampiros descobrirem a quem você serve, sua vida pode correr perigo. Os fatos que levaram à queda da sua domitora podem ser mantidos em segredo de você, a critério do Narrador, ou você pode tropeçar nos segredos do seu mestre por acidente.\nUma vez que um carniçal entende o quanto a vida pode ser difícil com um Domitor Pária, você pode semear a rebelião apesar da força do seu laço de sangue.\nUsado por: carniçais da Camarilla, alguns carniçais da Sabá
Double Agent	Você trabalha dos dois lados de um muro cheio de espetos; um dia desses vai acabar empalado nele. Talvez você seja um espião do Sindicato no Culto do Êxtase, ou um Eterrita trabalhando com a Iteração X. Nos tempos da Aliança Díspar, você pode pertencer a uma Tradição enquanto passa dados ao seu verdadeiro Ofício. Cedo ou tarde, esse jogo perigoso vai cobrar seu preço. Faça planos, deixe planos de contingência prontos e tente não perecer!\nObviamente, este Defeito precisa ser mantido em segredo dos outros personagens do grupo. Para um drama extra, tente mantê-lo escondido também dos outros jogadores…
Dreadful Mara	Você bebeu algo que ainda vive dentro de você e o odeia, exercendo um controle alarmante sobre seus pensamentos e ações. A cada noite, o Narrador pode converter um único sucesso rolado em 1, o que pode gerar uma falha crítica. A critério do Narrador, a entidade também pode sussurrar conselhos ou insultos, o que pode aumentar a dificuldade nas tentativas de concentração.
Driving Goal	Mesmo para os padrões dos Despertos, você possui (ou é possuído por) uma causa tão intensa que ela guia cada aspecto da sua vida, até e inclusive suas crenças sobre a magia e a Ascensão, e a forma como as pratica. Essa meta, infelizmente, é quase impossível de alcançar individualmente: o colapso da Tecnocracia, o retorno dos Velhos Costumes, a queda da era industrializada e assim por diante. Como mago, você até poderia reunir influência suficiente para liderar um movimento maior que empurre a Realidade rumo à sua meta. O mais provável, porém, é que você se despedace contra ela, como tantos magos antes de você… mas, ora, se uma causa vale tanto a pena quanto a sua, então vale qualquer preço que você tenha de pagar.\nComo Defeito, esta Meta Motivadora orienta as escolhas de interpretação e informa o foco, a lealdade, a magia, o Caminho, a Ressonância, as Buscas, os contragolpes de Paradoxo e praticamente tudo o mais que se possa imaginar sobre a personagem. Você pode dar pausas curtas na sua cruzada (em geral gastando um ponto de Força de Vontade para seguir outro rumo por um tempo), mas cedo ou tarde essa obsessão o traz de volta à meta que precisa perseguir a qualquer custo, até enfim alcançá-la ou se destruir tentando.
Dulled Bite	Por alguma razão, suas presas nunca se desenvolveram por completo, ou podem nem ter se manifestado. Ao se alimentar, você precisa achar outro jeito de fazer o sangue fluir. Sem isso, você precisa obter o dobro do número normal de sucessos para que sua mordida penetre direito. Vários Caitiff e vampiros de alta Geração costumam manifestar este Defeito.
Duplicitous	Carniçais e revenantes com este Defeito têm fama de desleais por causa de suas ações passadas. Você provavelmente já mentiu, trapaceou ou jogou os dois lados um contra o outro num acordo que desandou. A natureza dessas ações torpes, assim como o alvo pretendido, não foi a mesma todas as vezes. Uma carniçal pode, por exemplo, procurar seu domitor e informá-lo de uma transgressão, real ou imaginada, e em seguida sugerir a punição apropriada para o alvo. Essa mesma carniçal pode então inventar histórias mostrando o quanto foi bem-intencionada ao defender o colega carniçal diante do mestre.\nVocê pode ser dissimulado como personagem, mas, ao adquirir este Defeito, isso passa a afetar suas relações e negociações com os outros. Você provavelmente não busca levar vantagem em toda situação, mas os outros esperam que sim. Seus aliados e inimigos ficam na ponta dos pés perto de você, porque não sabem se e quando você os tratará com justiça. Podem até apunhalá-lo pelas costas ou tentar prejudicá-lo primeiro, justamente porque esperam isso de você.\nA influência do laço de sangue afeta a maioria dos carniçais com este Defeito de formas sutis. Embora seu domitor saiba que você é dissimulado, você não agiria de forma direta contra o seu mestre. Em vez disso, pode trair ou passar a perna nos seus aliados para cair nas graças dele e obter recompensas. Seu domitor também pode apontá-lo para um alvo perigoso, usando-o como isca ou para atrair os inimigos dele, aproveitando-se da sua reputação.\nUsado por: todos os carniçais e revenantes Social
Easily Intoxicated	As substâncias derrubam você rapidinho. O avesso de Tolerância a Álcool/Drogas, acima, este Defeito o torna especialmente suscetível à intoxicação. Suas rolagens de Vigor para resistir aos efeitos de drogas ou venenos (mas não de doenças), como descrito na seção Drogas, Venenos e Doenças de Mage 20, sofrem +3 na dificuldade usual. Ao contrário do que se imagina, isso não faz de você um bom candidato ao Culto do Êxtase, porque você não controla as drogas – as drogas controlam você.
Echo Chamber	Você se cerca de pensamento de rebanho. Todas as opiniões sobre temas importantes (política, religião, magia e assim por diante) precisam permanecer uniformes. Nenhuma discordância é permitida dentro dessa câmara de eco, e quem contraria o decreto é posto para fora – muitas vezes à força – e depois evitado, provavelmente difamado. A lealdade ao grupo é medida pela devoção que cada membro demonstra à "verdade" tal como o grupo a entende. Como resultado, essa "verdade" logo se distorce. Como um eco reverberando num espaço fechado, ela vai virando uma deformação da fonte original, ficando mais selvagem e mais extrema até que algo tenha de ceder. Será você esse ponto de ruptura? Que os deuses não permitam…\nEssencialmente um Traço de história, este Defeito corta sua personagem de qualquer informação que contrarie a "verdade" definida pelo grupo. Personagens e dados que discordem dela precisam ser postos de lado, ignorados, silenciados, possivelmente atacados, talvez até destruídos "pelo bem do grupo". Como o isolamento gera distorção, o Narrador deve, aos poucos, tornar "a verdade" mais extrema do que ela era. Qualquer um – especialmente um personagem jogador – que discorde dela deve ser punido pelo grupo; quanto mais extremas as distorções, mais dura a punição. Cedo ou tarde, a "verdade" distorcida vai exigir atos distorcidos também: agressão, tortura, assassinato, terrorismo. Nesse ponto, qualquer personagem que tente se afastar vira inimigo também (podendo receber o Defeito de mesmo nome) – no mínimo evitado pelos antigos amigos, provavelmente desonrado socialmente e potencialmente até agredido por ser traidor da causa.\nEste Defeito reflete um fenômeno social cada vez mais comum no século XXI, ainda que não seja exclusivo da nossa era: um grupo social comprometido com a ortodoxia forçada e com a remoção da dissidência. O grupo em questão pode ser uma ordem religiosa ou militar, uma tribo de ativismo sociopolítico, um escritório corporativo, um centro de estudos, um coletivo artístico, uma subcultura de fãs, um veículo de imprensa, uma seita mística ou um comitê de ação política – qualquer panelinha que tenha "certas verdades como evidentes por si mesmas" e vitais para a própria existência pode virar uma câmara de eco. "Nós" e "eles" é o princípio que governa e, se você não é um de Nós, então é um de Eles.
Echoes	Veja Mage 20, pp. 646-647.
Eerie Presence	Os mortais têm uma consciência inconsciente da sua natureza morta-viva, o que os deixa ansiosos e desconfortáveis perto de você. Por isso, as dificuldades de todas as rolagens ligadas a interação social com mortais aumentam em dois.
Enemy	Você tem um inimigo, ou talvez um grupo deles, que quer prejudicá-lo. O poder do inimigo depende de quantos pontos o jogador quiser gastar (cinco pontos indicam a ira de um Matusalém ou de outro inimigo sobrenatural poderoso).
Enemy Brood	Você fez inimizade com outro grupo de Nosferatu. Ao contrário dos seus inimigos comuns, eles conhecem os lugares que você frequenta e não têm o menor escrúpulo em segui-lo até lá. Eles o mantêm em movimento, caçando-o de esconderijo em esconderijo. Nem os esgotos são mais seguros para você. Se você se mudar para outra cidade, eles usam seus contatos para avisar os aliados e continuar a perseguição. Cedo ou tarde, você vai ter de derrubá-los para se livrar deles.
Escaped Target	Você havia escolhido um mortal para o Abraço, mas alguém chegou antes. Você não suporta a humilhação de ter sido roubado do seu prêmio e explode de raiva (+2 de dificuldade para evitar o frenesi) sempre que vê aquele que lhe escapou. Esse ódio pode levá-lo a outros comportamentos irracionais, como Abraçar inimigos do neonato, criar filhos não autorizados ou até tentar matar seu rival. Além disso, seu comportamento mesquinho e irracional é bem conhecido e bastante perceptível e, por isso, você sofre +1 de dificuldade em todas as rolagens de Carisma até a situação ser resolvida.
Esoteric Discourse / Technobabbler	Seu amor obsessivo por um campo especializado o leva a preencher cada hora acordado com jargão obscuro e metafraseologia obtusa. A maioria das pessoas não entende metade do que você diz, e a incompreensão delas quanto a uma terminologia tão elementar o impele a facilitar uma pedagogia obrigatória (ainda que remedial). Ah, pelo amor de Deus – fale normal pelo menos uma vez!\nEm termos de jogo, este Defeito impõe modificadores de dificuldade (+1 ou +2) em rolagens sociais, graças à jargonização compulsiva, à nomenclatura hiperiniciada e ao pedantismo condescendente da personagem. A primeira variação do Defeito reflete especialização arcana, a segunda reflete terminologia técnica, e outras variações (Juridiquês Capcioso, Academicismo Obtuso e assim por diante) podem refletir fascínios semelhantes por outros campos. Para quem de fato entende você, porém, a penalidade usual pode virar bônus social… ponto em que todo mundo provavelmente sai da sala e deixa os especialistas conversando entre si.
Ethical Prohibition	A necessidade de se alimentar bate de frente com sua bússola moral. Você não consegue reconciliar o que se tornou com aquilo em que acredita. Com 2 pontos, você se recusa a se alimentar de humanos e caça o sangue de animais. Com 4 pontos, você não consegue se aceitar de forma alguma e se recusa a se alimentar, exceto quando é absolutamente necessário.
Expendable	Alguém no poder não quer você por perto. Talvez ela queira um território que é seu, ou tenha inveja da atenção que você recebe de um lacaio mortal valioso — os detalhes são irrelevantes. O que importa é que ela tem poder para manobrá-lo até situações perigosas "pelo bem da Seita", e não tem o menor escrúpulo em fazê-lo.
Expiration Date	Seu lema pessoal é simples: eu faço o que quero. Isso, como era de se esperar, já lhe causou problemas mais de uma vez. Você é procurado em vários domínios por diversos crimes menores, como dessangrar o carniçal favorito do Senescal. Ainda não sofreu uma caçada de sangue, mas o aviso está na parede. Seu tempo está praticamente esgotado, e ninguém quer ser arrastado junto quando tudo desandar. Mais um erro e você assina sua sentença de Morte Final. Todas as rolagens sociais para conseguir ajuda sofrem +2 de dificuldade, exceto as que envolvam Intimidação.
Extreme Kink	Todo mundo tem suas esquisitices; as suas necessidades são, digamos, mais exóticas que um fetiche comum. Você pode até seguir a terceira parte do mantra BDSM — seguro, são e consensual —, mas o seu tesão não é nem seguro nem são pela definição da maioria das pessoas. Não estamos falando de amarrações e palmadinhas – é mais para Cinquenta Tons de Mas Que Diabos Há de Errado com Você? Ao contrário do velho Defeito Sadismo/Masoquismo (que ele substitui), este Defeito não trata da natureza e das particularidades do seu fetiche – trata do tamanho da encrenca em que você pode se meter tentando satisfazê-lo. Um fetiche de três pontos pode prejudicar sua saúde, sua reputação e seus parceiros; um de quatro pontos pode feri-lo seriamente (e a quem tiver o azar de se envolver com você); e um de cinco pontos pode lhe render cadeia ou coisa pior. (Que os deuses ajudem quem você escolher para satisfazer esse tesão…)\nCertos magos são mais propensos a este Defeito que outros, sobretudo se preferem práticas do tipo Caminho da Mão Esquerda. Por razões que deveriam ser óbvias, este não é um Defeito apropriado para toda crônica ou todo jogador, e pode muito bem provocar palavras de segurança e cortes de cena por parte do seu Narrador ou dos seus companheiros. (Veja Mage 20, p. 345.) Embora este Defeito, como outros do gênero, não carregue julgamento da nossa parte, esse tipo de coisa pode ofender e disparar gatilhos em outros jogadores, então não seja babaca com isso.
Faceless	Você escapou da tirania da identidade física. Nenhum rosto é seu. A cada pôr do sol, você desperta com um semblante novo, um amálgama montado a partir de memória e sonho. Seus traços, sua etnia e até seu gênero viram coisas fluidas enquanto você dorme. Embora este Defeito encarne os ideais extremos de Azi Dahaka (e deva impressionar a maioria dos Metamorfosistas), ele pode complicar a vida de um vampiro preocupado em manter reconhecimento, reputação ou um disfarce mortal.\nA cada anoitecer, o jogador rola um dado e fica sujeito ao resultado da tabela a seguir:\n1: nenhuma mudança.\n2-3: mudanças pequenas, ainda um tanto reconhecível.\n4-8: irreconhecível até para os mais próximos da personagem (como os companheiros de matilha ou o senhor). Etnia e gênero podem mudar.\n9-10: metamorfose total. Tentáculos, espinhos ósseos ou outros traços desumanos podem surgir.\nEste Defeito afeta alguns Antecedentes (V20, p. 110). Sem um rosto estável, Identidade Alternativa e Fama não podem ser mantidos. Antecedentes como Aliados, Contatos, Influência e Status também podem ser complicados pela falta de identidade sólida. A vampira pode usar Semblante Maleável e um espelho para reconstruir seu rosto verdadeiro de memória, mas isso exige ao menos três sucessos com dificuldade 8 para torná-la reconhecível, e cinco sucessos para uma cópia perfeita.\nO Defeito Identidade Trocada (V20, p. 450) não pode ser adquirido. Outras Qualidades e Defeitos podem ser afetados, a critério do Narrador. Personagens precisam ter ao menos um ponto de Vicissitude para adquirir este Defeito.
Failure	Você já ocupou um título na cidade, mas fracassou de forma catastrófica em suas obrigações. Agora está marcado como incompetente, excluído dos círculos de poder e responsabilidade e, em geral, deixado de lado por quem está subindo. Sua exclusão pode fazer de você alvo de recrutamento pelos inimigos da Seita (ou assim dizem os sussurros, o que o torna ainda mais malvisto). Por outro lado, as consequências do seu erro podem voltar para assombrá-lo.
Faithless	A magia, segundo suas crenças, não vem de você – vem do seu deus, e você quebrou a fé com ele. Enquanto não superar essa crise de fé, talvez expiando o que considera suas faltas, suas Esferas ficam travadas no Nível 1 – potentes o bastante para perceber a presença da Divindade ao seu redor, limitadas o bastante para lembrá-lo de que você falhou.\nEste Defeito (que tem mais chance de lhe ser "concedido" no decorrer do jogo do que de ser comprado na criação, embora você possa, claro, começar uma personagem nova já em crise) representa o poder da fé na vida da personagem – um poder tão forte que interfere nas suas capacidades como mago. Ironicamente, é a força dessa fé que lhe nega o uso da magia quando você sente que ela lhe falta. Do ponto de vista das regras, você mesmo está se negando o acesso à sua magia porque acredita que ela vem de uma fonte que você traiu. Seu mago acredita que o deus dele o está cortando da magia, mas… considerando que o jogador é praticamente o "deus" de um personagem de jogo, de um jeito meta, isso é verdade.\nEmbora uma personagem com este Defeito possa seguir qualquer tipo de foco espiritual, seu paradigma e sua prática precisam ser voltados à devoção religiosa. Você pode ser xamã ou sacerdote, uma bruxa ligada à Deusa, um cientista espiritual, até um infernalista cujos poderes nascidos no inferno fluem de um pacto de danação. Obviamente, este Defeito não significa nada para um ateu, nem para alguém de crenças vagamente casuais. Só um mago que acredita profundamente em algum poder maior pode acreditar que tem tanto a perder com uma súbita falta de fé.\nPara se livrar deste Defeito, o jogador precisa pagar uma "multa" de cinco pontos para comprar a saída do Traço e interpretar uma Busca do tipo "noite escura da alma", na qual encara seus pecados e se rededica ao seu Caminho divino. A personagem, por sua vez, precisa antes passar por uma expiação condizente com seu sistema de crenças e com o "pecado" que provocou o castigo. Talvez ela precise fazer votos rígidos dentro de uma ordem religiosa… ou votos ainda mais rígidos, se já tiver quebrado os anteriores. Violou um tabu? Então precisa passar por purificação ritual, muitas vezes por meio de jejum, maratonas de oração e provações tradicionalmente torturantes. Um mago que jurou nunca matar e mesmo assim matou alguém pode ser obrigado a fazer reparações consideráveis à família do morto. Expiações tradicionais incluem peregrinações, jornadas de visão, votos de pobreza, mortificações medonhas (autotortura, jejum radical, mutilação e afins) e outros caminhos difíceis de volta ao favor do próprio deus. Seja qual for o credo e a expiação específica, porém, o mago precisa passar horas incontáveis em oração intensa. Uma alma sem fé, afinal, precisa achar o caminho de volta à presença do seu deus… normalmente de joelhos.
Family Issues	Muitos magos deixam a família para trás. Você não deixou, embora muitas vezes desejasse poder. Avesso da Qualidade Apoio Familiar (pp. 53-54), este Defeito lhe entrega uma cesta de presentes vinda direto da Encruzilhada da Disfunção, versão família. Você pode ter um tio intrometido, um irmão abusivo, um pai alcoólatra ou "simplesmente" as sobras de conviver com esse tipo de gente. Pode ter tentado escapar deles mas, se tentou, alguém da sua família ainda está atrás de você. (Veja o Defeito Pais Persistentes de Werewolf 20 e o conto "We Are the Shadows Cast by the Memory of Giants", em Truth Beyond Paradox.) A família não precisa continuar fazendo parte da sua realidade física, mas a bagunça que ela deixou, caso você tenha conseguido escapar, continua parte da sua existência hoje.\nComo em Apoio Familiar, o clã em questão pode ser de parentes de sangue, uma família adotiva ou uma família escolhida que você meio que gostaria de não ter escolhido. Quanto mais pontos neste Defeito, mais os problemas familiares interferem na sua vida Desperta. Eles podem ser magos, embora isso raramente aconteça. O mais provável é que sejam gente que ainda procura por você mesmo na sua Vida Nova, pendurados que não o deixam em paz, parentes doentes que precisam de cuidados (veja também o Defeito Tutelado, p. 66), filhos ou irmãos (ou até pais) sempre em apuros com a lei… as possibilidades são tão infinitas quanto as complicações reais que uma família problemática traz. E não, você não pode simplesmente largá-los, mesmo já tendo tentado. Se pudesse, eles não seriam mais problema seu, não é mesmo?
Fangless	Tido como a marca de um verdadeiro vira-lata, você nunca desenvolveu presas, ou já lhe faltavam dentes antes do Abraço. De um jeito ou de outro, você precisa usar uma faca ou beber de ferimentos abertos. Você não tem nenhum meio natural, além das Disciplinas, de causar dano agravado.
Faulty Enhancements	Ah, que droga. A garantia do seu equipamento cibernético venceu (supondo, claro, que ele algum dia tenha tido alguma), e agora você está preso a um hardware defeituoso que, literalmente, entrou sob a sua pele. Sua interface cerebral vive travando? Suas pernas emperram? Seu biotecido vive tentando expulsar o metal? Seja qual for o problema, este Defeito é medido pela quantidade de sofrimento que causa:\n(2 pontos) Você sofre desorientação e dor constantes.\n(3 pontos) As falhas o deixam em desconforto tão severo que você precisa tomar medicação especializada, ou recorrer a outras formas de alívio da dor, ao menos uma vez por dia. Não fazê-lo custa um dado de todas as paradas de dados até o problema ser resolvido.\n(4 pontos) Seus Aprimoramentos falham em momentos críticos (em geral numa falha crítica), travam ou congelam, e precisam então ser consertados por um técnico que entenda do equipamento que você carrega.\n(5 pontos) Essa porcaria de equipamento sempre pifa quando você mais precisa. Role um dado contra dificuldade 7 sempre que usar cibertecnologia de algum modo importante (levantar coisas pesadas com braços biônicos, varrer a área com sensores em busca de inimigos, desviar magias inimigas e assim por diante). Se tiver sucesso, os Aprimoramentos funcionam normalmente; se falhar, eles falham e precisam ser reiniciados; se der uma falha crítica, travam ou desligam até um técnico competente conseguir consertá-los.\nObviamente, este Defeito não significa nada a menos que você tenha o Antecedente Aprimoramentos. Embora essas panes ocorram com o biotecido Tecnocrata, elas são muito mais comuns em ciberimplantes instalados por facções cujo pessoal não manteve uma abordagem sistemática e padronizada de melhoramentos humanos nos últimos séculos. Eterritas malucos e Adeptos Virtuais ambiciosos demais inventam ferro-velho o tempo todo, e por isso este Defeito é especialmente apropriado para ciborgues dessas Tradições zelosamente individualistas, assim como para ex-Tecnocratas que conseguiram desertar e sobreviver à experiência até agora.
Feral Mind	Mais animal que ser humano, você não tem as graças sociais nem o condicionamento mental que a maioria considera essenciais. Talvez você seja um atavismo, ou tenha sido criado à solta desde a infância; ou talvez tenha perdido uma parte de si na metamorfose animalesca, sofra de alguma esquisitice mental ou psicológica, ou simplesmente renuncie à sua humanidade em favor de uma verdade primal mais honesta.\nSeja qual for a origem, essa mente feral limita sua capacidade de funcionar na sociedade humana. Você prefere vocalizações não linguísticas e linguagem corporal à fala civilizada, e pode até ser incapaz de "falar" em termos humanos. Suas ações e reações também são animalescas: você marca território, rosna quando irritado, se encolhe ou parte para cima quando ameaçado, não sente nenhum senso do que chamam de "pudor", detesta roupas e cheira a almíscar mesmo recém-banhado (o que raramente acontece por vontade própria). Esses comportamentos costumam aumentar a dificuldade das suas rolagens de interação social em +3, embora certas situações – como intimidação ou sedução – possam reduzi-la na mesma medida (-3).\nEste Defeito, porém, não é apenas um estorvo social: você não pode ter mais de três Qualidades de Idioma separadas, e fala muito pouco (e de forma muito simples) quando decide falar. Suas habilidades humanas de desenvolvimento (fala, leitura, matemática, socialização etc.) ficam num nível infantil apesar dos seus instintos afiados e da sua astúcia primal inata. Embora seus Atributos Mentais (especialmente Percepção e Raciocínio) possam ser altos, você provavelmente nunca alcançará um nível adulto de desenvolvimento humano; e, mesmo que alcance, o animal em você continua bem perto da pele.
Fifteenth Generation	Sua vitae é tão fraca que apenas seis dos seus 10 pontos de sangue podem ser usados em Disciplinas, cura ou aumento de Atributos. Para essas funções, você precisa gastar dois pontos de sangue para obter o efeito que um vampiro normal consegue com um. (O custo para se erguer à noite continua sendo um único ponto de sangue.) Além disso, você não pode criar nem sustentar carniçais, criar um laço de sangue ou gerar um filho vampírico. Os quatro pontos de sangue restantes só servem para você sobreviver ao dia e despertar a cada noite, nada além disso.\nVocê não pode elevar nenhuma Disciplina acima de três pontos.\nO enfraquecimento da Maldição de Caim tem suas compensações, porém (e é o que distingue este Defeito do Defeito Sangue Fraco em si). A luz do sol lhe causa dano letal, e não dano agravado como aos outros vampiros. Você consegue segurar comida e bebida mortais por cerca de uma hora; outros vampiros vomitam na hora se tentarem (a menos que tenham a Qualidade Comer Alimentos). Mais estranho ainda: de vez em quando você pode até ter um filho da forma humana normal… ainda que ele dificilmente seja uma criança humana normal.
Fifth Degree	Sabendo você disso ou não, sua utilidade para a União Tecnocrata acabou. Seus superiores prepararam sua queda, e seu encontro com a Sala 101 ou com uma missão suicida espera logo ali na esquina. Combine todos os prejuízos do Defeito Renegado (acima) com a certeza de que você só está vivo porque alguém prefere que você leve os vilões junto quando cair num último ato glorioso a gastar os recursos necessários para derrubá-lo pessoalmente. Você tem mais uma chance de se redimir e continuar vivo. Saia da linha de novo e seu destino será do tipo que faz ciborgue estremecer.
Finicky Palate	Seu carniçal precisa escolher um Clã ou linhagem, que não o do seu domitor, cujo sangue lhe causa reação alérgica quando presente na corrente sanguínea. Toda vez que ele ingerir sangue de um vampiro do Clã escolhido, de propósito ou à força, você precisa fazer um teste de Vigor para não vomitá-lo. Se tiver sucesso, o sangue permanece no seu organismo e todas as rolagens envolvendo Disciplinas sofrem +1 de dificuldade até que o sangue ofensivo seja queimado ou você consuma sangue novo de outro Clã, o que vier primeiro.\nPara a maioria dos carniçais da Camarilla, este Defeito representa pouca ameaça. Na hipótese improvável de um carniçal consumir sangue de um Cainita que não o seu domitor, não vai demorar para ele achar o sangue de que precisa. Para um carniçal independente ou para uma família revenante patrocinada por um Clã, por outro lado, este Defeito pode ser um problema grave.\nUsado por: todos os carniçais e revenantes
Flashbacks	Você conseguiu atravessar os Ritos de Criação ou outra experiência igualmente traumática, mas não inteiro. A coisa mais insignificante pode jogá-lo em outro humor ou estado de espírito e, por isso, seu comportamento é extremamente imprevisível. Por causa desse estado emocional precário, sua Força de Vontade oscila. No começo de cada história, faça uma rolagem de Força de Vontade (você não pode gastar Força de Vontade para obter sucesso automático). Se tiver sucesso, participa da história normalmente. Se falhar, porém, sua Força de Vontade é considerada 1 pelo resto daquela sessão, e você só tem um ponto de Força de Vontade para gastar. Você pode rolar de novo no começo da sessão seguinte para ver se a recupera. Social
Flawed Reality	Suas ilusões sempre contêm uma falha perceptível e, por isso, são mais fáceis de descrer. As dificuldades de todas as rolagens para descrer das suas ilusões são reduzidas em dois.
Flesh Eater	Você se agarra à crença equivocada de que precisa consumir também a carne rica em sangue da vítima (como o coração ou o fígado). Isso tem impacto óbvio no tamanho do seu rebanho, além de fazer com que a população mortal acabe ligando mortes misteriosas e grotescas a você. Para manter no estômago o sangue consumido sem uma quantidade assassina de carne, você precisa ter sucesso numa rolagem de Força de Vontade (dificuldade 8) ou vomita o sangue.
Flesh of the Corpse	Sua carne não se regenera por completo depois de danificada. Embora você consiga se curar a ponto de recuperar a funcionalidade plena, sua pele mantém os cortes, rasgos, buracos de bala e outros danos visíveis que sofreu. Dependendo da natureza do dano, este Defeito torna as relações sociais extremamente difíceis e pode reduzir seus pontos de Aparência com o tempo (até mesmo a 0).
Forked Tongue	Sua língua é bifurcada, trêmula e desumanamente reptiliana. Manter a Máscara fica difícil para você. Note que essa língua não causa dano agravado nem tira sangue.
Former Prince	Um dia você teve poder quase absoluto numa cidade, mas aquelas noites ficaram para trás. Talvez tenha renunciado, talvez tenha sido deposto, talvez sua cidade tenha caído para a Sabá; pouco importa, no seu estado atual. O que importa é que o Príncipe da cidade onde você mora agora sabe do seu antigo cargo e teme que você esteja tentando voltar por cima. A engrenagem da Camarilla na cidade onde você fez seu novo lar está sutilmente montada contra você e, se o Príncipe vir uma oportunidade de se livrar de você, pode muito bem aproveitá-la. Este Defeito só pode ser adquirido por vampiros da Camarilla.
Fourteenth Generation	Você foi criado há cinco anos ou menos por um membro da Décima Terceira Geração. Embora tenha 10 pontos de sangue no corpo, apenas oito podem ser usados para curar ferimentos, alimentar Disciplinas, elevar Atributos etc. Os dois pontos restantes ainda servem para outros fins. O custo em pontos de sangue para se erguer à noite, criar e sustentar carniçais e criar laços de sangue é o mesmo dos outros vampiros. Você não pode elevar nenhuma Disciplina acima de quatro pontos.\nAdquirir este Defeito o impede de adquirir o Antecedente Geração, e você também não pode começar com Status. Você provavelmente é um Caitiff sem Clã, pois seu sangue é fraco demais para transmitir as características distintivas de um Clã. A maioria dos vampiros de Décima Quarta Geração também deveria adquirir o Defeito Sangue Fraco (p. 483).
Fugitive	Você é procurado pelas autoridades. Pode ser suspeito num caso, ou ter sido acusado e condenado por um crime grave. Seu carniçal ou revenante pode até ter chegado a fugir de uma prisão de segurança máxima ou de um hospital psiquiátrico. Por outro lado, você pode ter se indisposto com uma Seita e agora ser caçado por seus membros, sejam eles Cainitas, Anarquistas etc.\nAo adquirir o Defeito Fugitivo, você está admitindo que cometeu (ou foi incriminado por) uma transgressão tão séria que os agentes encarregados de fazer valer a lei, vampiros ou mortais, ordenaram sua captura. Toda e qualquer pessoa vista na sua companhia pode virar suspeita imediatamente, e ser acusada de crimes adicionais.\nUm Fugitivo raramente é caçado sem boa causa, e muitas vezes quem quer capturá-lo tem uma razão pessoal para isso. Uma policial pode rastreá-lo porque foi a negligência dela que permitiu sua fuga. Um carniçal rival, que descobriu como você tentava passar a perna no seu domitor, pode querer provar seu valor ao seu antigo mestre. Uma matilha da Sabá pode estar nos seus calcanhares, porque considera sua fuga uma vergonha para eles. Todos esses são exemplos de personagens que provavelmente o perseguiriam a grande custo pessoal para recapturá-lo ou até matá-lo.\nPara a Camarilla, um carniçal ou revenante Fugitivo representa séria ameaça à Máscara, não importa quem esteja atrás de você. Ainda que seja possível que você estivesse cumprindo ordens sob influência do Laço de Sangue ou de Disciplinas como Dominação, as autoridades Cainitas não podem fazer vista grossa para um carniçal ou revenante desesperado em fuga. Para a Sabá, por outro lado, um Fugitivo pode ser caçado por outros motivos, do orgulho ferido ao medo de que você corra para a Camarilla e entregue segredos que precisam continuar enterrados.\nMesmo sendo Fugitivo, você pode ter Aliados, Contatos ou ter identificado um lugar para se esconder por um tempo. Seu domitor ou sua família revenante, por exemplo, pode lhe oferecer abrigo por algumas noites, mas isso os põe em risco. Esconderijos podem ser arranjados para garantir sua sobrevivência, no entendimento de que se espera que você retribua com favores ou serviços úteis aos seus benfeitores. Você pode até ser obrigado a seguir um código de conduta rígido para não expor seus cúmplices.\nUsado por: todos os carniçais e alguns revenantes. Este Defeito é particularmente apropriado para carniçais independentes em fuga de seus domitores. Físico
Glowing Eyes	Você tem os olhos brilhantes estereotípicos das lendas de vampiro, o que lhe dá -1 de dificuldade em rolagens de Intimidação ao lidar com mortais. As contrapartidas, porém, são muitas: você precisa disfarçar sua condição o tempo todo (não, lentes de contato não resolvem); o brilho atrapalha sua visão e lhe dá +1 de dificuldade em todas as rolagens baseadas em visão (inclusive no uso de armas de longo alcance); e a luz que emana das suas órbitas torna difícil se esconder no escuro (+2 de dificuldade em rolagens de Furtividade).
Gremlin	Há um diabrete perverso solto na sua casa. Certo, talvez não seja um diabrete de verdade – pode ser um robô de companhia defeituoso, um bioconstruto vaidoso e egoísta, um espírito encrenqueiro, uma besta insuportável, aquela tarântula alada falante que mencionamos algumas entradas atrás… a forma da criatura não importa. Como o Defeito Aprendiz, acima, este Traço representa um personagem companheiro que, embora supostamente do seu lado, é uma pedra constante no seu sapato.\nApresentado originalmente como o Antecedente adverso de Familiar, este Defeito fica mais grave conforme cresce o poder da criatura e o incômodo que a acompanha:\n(1 ponto) Uma criatura de capacidade incomum, porém pequena, que se ocupa de aborrecimentos triviais.\n(2 pontos) Uma entidade cujo poder e intelecto (ou ao menos cuja astúcia) tornam sua vida frustrante, mas não ativamente perigosa.\n(3 pontos) Um ser de poder notável cujas travessuras começaram a virar dano real aos seus bens, à sua saúde, ao seu status e às suas relações.\n(4 pontos) Uma dor de cabeça metafísica cujos poderes causam prejuízo duradouro a você e ao que você considera precioso.\n(5 pontos) Uma praga ambulante de poder e malignidade consideráveis. O bicho pode até não ter a intenção de ser mau, mas os efeitos dele na sua vida são inescapavelmente destrutivos.\nComo no Defeito Aprendiz, acima, você tem certa responsabilidade sobre essa criatura – ela não é simplesmente sua inimiga, nem sequer uma nêmesis, mas um ser com quem você divide um vínculo vital. E, também como no Aprendiz, o tratamento que você dá a este "gremlin" (o ser lendário que sabotava aviões por diversão) pode reduzir ou intensificar o valor do Defeito. Uma entidade antes maligna pode ser domada e virar um Familiar (como no Antecedente), enquanto um familiar maltratado pode virar gremlin, e um gremlin apenas irritante pode ser irritado até virar ameaça séria ao mago e ao que o cerca. Como regra opcional, você pode até – com aprovação do Narrador – comprar o Defeito Gremlin além do Antecedente Familiar, para representar um companheiro prestativo e ao mesmo tempo perpetuamente problemático.\nUm gremlin, como todo personagem nascido de um Traço, é uma entidade por direito próprio. É bem provável que a encrenca que ele causa ao seu mago tenha um fundamento compreensível – uma razão que parece inexplicável ao mago mas é perfeitamente razoável para o gremlin. Um mago que investigue os motivos desse mau comportamento pode acalmar seu companheiro temperamental; por outro lado, tentar entender a mágoa do gremlin pode apenas irritá-lo ainda mais…
Grip of the Damned	Não há êxtase no seu Abraço — só terror e dor. Os mortais dos quais você se alimenta se debatem e gritam enquanto você tenta beber, obrigando-o a agarrá-los durante todo o tempo em que quiser tomar seu sangue. Para vampiros de Humanidade alta, essa experiência pode exigir uma rolagem de Humanidade, a critério do Narrador. Giovanni não podem adquirir este Defeito.
Guilt-Wracked	Você simplesmente não consegue aceitar que precisa beber sangue para sobreviver. Sente uma culpa horrível a cada vez que se alimenta (role Consciência, dificuldade 7, ou entra em frenesi toda vez que se alimentar — personagens com a Virtude Convicção não podem adquirir este Defeito) e tenta evitar ao máximo fazê-lo. Isso significa que você raramente tem muito sangue no organismo, o que o deixa vulnerável tanto a ataques quanto a frenesis causados pela fome.
Gullible	Você acredita em tudo o que lhe dizem. Compartilha memes sem checar veracidade ou fonte. Cai em golpes e trotes toda santa vez. Sério? Como pode um mago ser tão ingênuo assim? Vai saber, mas é isso mesmo – subtraia três dados de toda parada de dados que você rolar (até um mínimo de um dado) quando estiver tentando enxergar através de mentiras (mentiras, não furtividade), ou enganar alguém com suas próprias tentativas atrapalhadas de trapaça.
Harbinger of the Abyss	Você se tornou o vazio: o negro sem fim da noite, uma poça vazia de escuridão. Por onde passa, as sombras saltam para se juntar a você e as chamas bruxuleiam e morrem. Na presença de fogo comum, você precisa fazer uma rolagem reflexa de Obtenebração contra a dificuldade de absorção de qualquer chama próxima. Um sucesso apaga o fogo instantaneamente, mergulhando o local na escuridão. Este Defeito inclui também os efeitos de Toque de Gelo (p. 426) e Presença Sinistra (p. 427), sendo portanto mutuamente exclusivo com eles. A escuridão que se agarra a você, porém, traz um benefício (além de ser um jeito incomum de apagar fogos indesejados): reduza a dificuldade de todas as rolagens de Intimidação em dois, até um mínimo de 4. Você precisa ter ao menos um ponto de Obtenebração para comprar este Defeito.
Hard of Hearing	Sua audição é defeituosa. As dificuldades de qualquer rolagem que envolva ouvir aumentam em dois.
Hatred	Como em Fanático, acima, você despreza profundamente algum objeto de ódio. Talvez você deteste vampiros, metamorfos, gente rica ou gente em situação de rua, o povo feérico, espíritos, cachorros, caminhões, máquinas, TV, advogados, bruxas, policiais, políticos… seja o que for que você odeie, odeia muito, e aproveitará qualquer oportunidade para atrapalhar ou ferir o alvo da sua hostilidade.\nComo um fanático, você tem o que considera uma razão perfeitamente racional para odiar aquilo que despreza. Os outros provavelmente o acham pirado, a menos que compartilhem do seu ponto de vista – caso em que podem virar discípulos. (Veja os Antecedentes Aliados, Reforços, Culto, Influência e Lacaios.) Como numa Meta Motivadora, este Defeito guia as escolhas de interpretação, determina alvos e faz você parecer bastante obsessivo sempre que o objeto da sua aversão entra em cena. Como medo e ódio andam juntos, é bem provável que você também tenha Pavio Curto e/ou uma Fobia ligada a este Defeito. E, se você tiver ainda Furioso/Atavismo de Estresse ou Besta Interior, precisará de uma rolagem de Força de Vontade (dificuldade 8) ao ser confrontado de frente com aquilo que abomina, ou perde a cabeça na direção geral daquilo.\nObviamente, este Defeito precisa ser escolhido com cuidado. Se sua personagem tende a explodir como uma bomba contra, digamos, a polícia de forma recorrente, ela terá uma vida bem dura (e provavelmente curta).
Haunted	Você é assombrado por um espírito raivoso e atormentado, muito provavelmente uma das suas primeiras vítimas. Esse espírito tenta ativamente atrapalhá-lo, especialmente quando você se alimenta, e faz o possível para descarregar sua angústia em você e em quem estiver por perto. O Narrador determina a natureza exata do espírito, seus poderes e se ele pode ou não ser enfim posto para descansar.
Heartless	Você perdeu seu coração. Ou o removeu por meio do Coração das Trevas (veja V20, p. 210), ou um ancião fez isso com você; de todo modo, você não tem mais acesso fácil a ele. O coração pode estar em poder de um inimigo, ou simplesmente sumido. Se acontecer de um Cainita possuí-lo (digamos, um ancião Setita ou o seu senhor), você precisa obedecer a cada ordem dele. Se estiver apenas sumido, a ansiedade e a obsessão de achá-lo interferem na sua existência noturna e podem aumentar em +1 a dificuldade das rolagens de Força de Vontade, a critério do Narrador.
Hemophiliac	Sua personagem sofre de hemofilia. Se for cortada, não para de sangrar sem ajuda médica. Se sua caçadora sofrer dano letal ou agravado, ela sofre um nível adicional de dano contundente a cada cinco minutos até que o ferimento seja tratado para estancar o sangramento. Qualquer vampiro que a morda pode "tratar" esses ferimentos e encerrar o dano contundente contínuo lambendo a lesão depois de mordê-la.
Hero Worship	Você adora outro personagem a ponto de, para você, ele não errar nunca. Tentativas de mudar sua opinião só o irritam, o fazem se fechar ou o levam a alturas (ou profundezas) de justificativa absurda diante do que quer que digam sobre ele. Traço comum entre quem vive numa Câmara de Eco (veja o Defeito Social de mesmo nome, pp. 66-67), esse ponto cego psicológico pode virar algo irritante, e até perigoso, se estiver centrado na pessoa errada… como, digamos, um Gerente do Sindicato, um Nephandus ou certos candidatos à presidência!\nSe seu herói mandar você fazer algo, você tende a obedecer, e precisa de uma rolagem de Força de Vontade para recusar. A dificuldade depende do extremo do pedido; "Me dá um beijo" seria provavelmente dificuldade 5, enquanto "Vá apunhalar seu melhor amigo pelas costas por mim" seria 9 ou 10. Quando é confrontado com provas das fraquezas do seu herói, você é capaz de acabar enxergando a razão – só não é fácil fazê-lo pensar com essa clareza. Qualquer rolagem social voltada a fazê-lo abandonar essa idolatria soma +2 à dificuldade, a menos que o herói tenha feito algo muito errado recentemente… como, digamos, mandar você apunhalar seu melhor amigo pelas costas!
Hit List	Um grupo rival quer você morto. Você pode ser um Templário que fez inimigos entre os Eterritas, um Eterrita que passou dos limites com a Nova Ordem Mundial e assim por diante. Seja lá o que aconteceu, é pessoal e vale para o grupo inteiro. Como no Defeito Inimizade de Clã de Vampiro 20, isto é coisa mortal, bem pior que a Inimizade de Seita de um ponto, acima. Rolagens sociais ao lidar com membros desse grupo somam +2 à dificuldade – se é que você terá a chance de fazer alguma. Atacando você à primeira vista ou não, os membros do grupo farão questão de tornar sua vida solitária, desagradável, mesquinha, brutal e curta.
Horrific	Muito além de Monstruoso, você é medonho a ponto de inspirar pesadelos. A menos que mascare sua forma verdadeira com magia pesada, pessoas e animais saem correndo e gritando da sua presença. Fisicamente, você não é apenas disforme, é repulsivo num nível primal – o tipo de terror que levou os heróis de Lovecraft à loucura. Você pode nem ser um Nephandus ou um Marauder, mas quem sabe o que essas palavras significam vai presumir que é. Uma vida normal é, para você, impossível. Seja por desfiguração de Paradoxo, doença maligna, modificações corporais extremas (cibernéticas, artísticas ou de outro tipo), cicatrizes severas ou atos semelhantes de um destino malévolo, você parece alguém em quem John Cobb vomitou antes de sair correndo.\nEm termos de sistema, este Defeito impõe +3 de dificuldade a qualquer rolagem social que envolva não apavorar as pessoas, e reduz a dificuldade em -3 se o objetivo for justamente apavorá-las. Seu Traço de Aparência fica travado abaixo de zero, e personagens do Narrador de coração fraco ou vontade fraca podem se ver diante de Coisas Que o Homem Não Deveria Saber (conforme Mage 20, p. 407) se acabarem passando um tempo com você.
Hunted	Você é perseguido por um caçador de bruxas fanático que acredita (talvez com razão) que você é um perigo para a humanidade. Todos com quem você se associa, mortais ou Cainitas, também podem ser caçados.
Hunted by the Hierophants	Os Setitas afirmam que sua religião é de libertação da doutrinação e do condicionamento. Os Hierofantes concordam abertamente — e então esmagam quem tenta subverter a fé de Sutekh. Seja por você ser uma Bruxa de Equidna, um dos postulantes deles, ou simplesmente um Setita que jogou fora o jugo de Sutekh, os Hierofantes estão descontentes com sua decisão e vão atrás de você, enviando guerreiros Setitas para pô-lo na linha. Dependendo da profundidade dos seus pecados, eles tentarão capturá-lo e levá-lo de volta às Cortes do Egito ou destruí-lo no ato. Os Hierofantes não toleram profanação e não o tirarão de suas listas até estarem convencidos do seu arrependimento ou da sua Morte Final. Narradores são encorajados a fazer da existência desse vampiro uma vida de paranoia e ameaça quase constante.
Hunted Like a Dog	Outra Seita ou grupo de vampiros decidiu que você é alvo de extermínio, e o persegue sem descanso. Pelo lado bom, os inimigos do seu inimigo podem muito bem querer ajudá-lo, o que pode lhe render aliados.
Icy	Você é um desgraçado de sangue-frio – um assassino, um bandido, um sociopata ou um sádico capaz de cometer atrocidades sem o menor tremor. Embora não seja necessariamente louco (veja as Perturbações em Mage 20, pp. 649-650), sua insensibilidade o marca como um sujeito assustador. As pessoas o evitam, a menos que tenham alguém para matar… e então dão um passo atrás e deixam você fazer o seu trabalho. A Sala 101 tem vagas para gente como você (e, apesar da fachada de mocinhos, as Tradições e os grupos Díspares também), mas ninguém confia de verdade em você, e sua alma está definitivamente em perigo, com os Caídos a um ou dois passos de serem donos do seu traseiro gelado.
Ignorance	Muitos senhores abandonam sua prole Caitiff sem uma palavra de instrução ou aviso sobre a nova natureza dela. Para a maioria dos Príncipes, a ignorância não desculpa uma quebra da Máscara, e as matilhas da Sabá são rápidas em notar fraqueza. A personagem começa sem nenhum conhecimento das capacidades, dos costumes ou da política dos mortos-vivos, e precisa aprender com os próprios erros ou achar um mentor. Claro que qualquer vampiro disposto a tomar conta de um Caitiff muito provavelmente vinculará pelo sangue o pobre coitado, o que gera um conjunto inteiramente novo de problemas. A ignorância é mortal para um vampiro, e duplamente mortal para os sem Clã.
Illiterate	Talvez você se comunique melhor por ilustração, dança ou discurso apaixonado; mas não sabe ler nem escrever. Este é um Defeito temporário (1 pt.), que pode ser corrigido com um professor paciente, ou permanente (2 pts.), por causa de uma deficiência que impede sua compreensão. Ele basta para deixá-lo de fora do convívio dos outros da sua linhagem, se você não o esconder.
Immortal Enemy	Ah, que pena. Você irritou alguém cujo conceito de "rancor eterno" pode ser tomado ao pé da letra. Basicamente, você tem o Defeito Inimigo com uma entidade poderosa e mais ou menos imortal: um ancião vampiro, um demônio, um semideus, um espírito totêmico, um Loa, um dragão ou outro ser que mede sua existência em séculos ou milênios, com recursos e capacidades à altura. Feiticeiro tolo, o que vai fazer agora?\nPara o poder relativo desse inimigo (ou, quem sabe, para o número dos seus inimigos), veja a Qualidade Aliado Poderoso, p. 77.
Impaired Sense	Seja de nascença, seja por uma circunstância infeliz mais tarde na vida, um dos seus sentidos foi diminuído. Talvez você tenha dificuldade de audição ou seja cego, ou talvez um dos outros sentidos tenha perdido a funcionalidade. Rolagens que envolvam o sentido prejudicado têm a dificuldade aumentada em 3. Isso também pode aumentar a dificuldade de outras rolagens ou impor outras penalidades cabíveis. A critério do Narrador, este Defeito pode ser adquirido mais de uma vez, mas cada sentido adicional é um Defeito de 1 ponto.
Impatient	Você não tem a menor paciência para ficar parado esperando. Quer fazer as coisas AGORA — que se danem os lerdos que tentam segurá-lo. Toda vez que for obrigado a esperar em vez de agir, é exigida uma rolagem de Autocontrole para ver se você sai correndo por conta própria.
Impediment	Por causa de alguma condição física, você lida pior com certas situações do que a maioria das pessoas parece conseguir. E, se isso soa muito condicional, é porque as particularidades deste Defeito dependem bastante do seguinte: que tipo de condição você tem, o quanto ela atrapalha e se os outros conseguem ou não perceber que ela atrapalha.\nLiteralmente falando, um impedimento atravessa o seu caminho "travando seus pés". Em termos de sistema, este Defeito representa qualquer tipo de limitação enraizada na situação física da personagem. Isso inclui condições neurológicas e químicas internas como autismo, dislexia, fadiga crônica, alergias importantes e outras enfermidades que podem ser "invisíveis" para os outros mas que têm raiz no corpo físico, e não na psique ou no espírito. Tais condições também podem estar ligadas à saúde psicológica e/ou espiritual; esses elementos são interligados, claro. Para os fins deste Defeito, porém, um Impedimento é algo que limita a capacidade da personagem de funcionar no plano físico.\nEm termos de história, um Impedimento pode ser qualquer condição corporal – aparente ou não – que atrapalhe a capacidade da personagem de fazer coisas. Exemplos de Impedimentos aparentes incluem um membro faltando, um manquejar, uma coluna torta, dentes faltando, cicatrizes extensas, traços deformados e afins, enquanto Impedimentos "invisíveis" incluem dor e/ou fadiga crônica, visão ruim, asma, tumores internos, transtornos de processamento sensorial e assim por diante. Quanto mais a condição impede sua personagem, mais o Defeito vale:\n(1 ponto) Como dores de cabeça crônicas, visão prejudicada, artrite leve ou alguns dentes faltando, o Impedimento traz inconvenientes ocasionais mas não é um transtorno maior na sua vida, a menos que algo agrave a condição ou lhe tire aquilo (óculos, dentadura, analgésico) que você usa para compensá-la.\n(2 pontos) Como dislexia, síndrome de Asperger de alto funcionamento, fadiga ou dor crônica, visão ruim ou em deterioração, ou outros obstáculos internos, seu Impedimento traz problemas constantes mas não intransponíveis. Em certas situações, você pode sofrer +1 nas dificuldades ligadas àquele aspecto da sua vida.\n(3 pontos) Seu Impedimento – enxaquecas severas, autismo significativo, alergias ou asma, dedos ou um olho faltando, surdez quase completa, paralisia parcial, síndrome de Tourette, membros em deterioração e assim por diante – limita de forma considerável vários aspectos do seu cotidiano. Em regras, você soma +1 às dificuldades ligadas ao Impedimento.\n(4 pontos) Um Impedimento inescapável – membro faltando, surdez ou autismo profundos, cegueira quase total, ossos ou tecidos conjuntivos malformados (como na SED, citada acima), artrite severa, mãos ou pés retorcidos e obstáculos semelhantes – o obriga a contornar aquela condição todos os dias. Na maioria das circunstâncias, você soma +2 às dificuldades ligadas ao Impedimento, e certas situações (como uma reação alérgica feia) podem prejudicar sua saúde e pôr sua vida em risco.\n(5 pontos) Por causa de uma condição física profunda – paralisia parcial, dor constante e severa, câncer avançado, incapacidade de ouvir ou falar, deterioração musculoesquelética, grande perda de visão e outras enfermidades –, você é incapaz de funcionar da maioria das formas que as pessoas tomam por garantidas. Some +2 às dificuldades físicas, a menos que tenha um jeito confiável de compensar a limitação, e assuma que certas coisas você simplesmente não consegue fazer.\n(6 pontos) Por qualquer razão, sua condição é tão avançada e severa que você precisa de grandes adaptações para funcionar no mundo cotidiano. Muitos feitos físicos estão fora do seu alcance, e você soma +2 ou até +3 às dificuldades daquilo que consegue fazer, mas só com grande esforço.\nO Defeito representa a limitação prática na vida da personagem; se seu mago tem um braço cibernético que age como o original, só que melhor, então ele não está limitado enquanto o braço não quebrar. Se alguém curar a condição com magia ou outro tratamento, a personagem perde este Defeito.\nNem todos os Impedimentos são iguais, e por isso uma pessoa "cega" pode funcionar no mundo dos que enxergam melhor (isto é, com menos pontos no Defeito) que outra pessoa com deficiência visual (com mais pontos). O valor do Impedimento também pode refletir várias condições distintas que, somadas, atrapalham a personagem a funcionar "normalmente" mais do que qualquer uma delas isoladamente. Como exemplo, este autor tem dislexia, discalculia, visão ruim e dois joelhos cronicamente lesionados; isso o impede? Não. Isso o atrasa em certos aspectos? Com certeza, e por isso o total do "Defeito" dele refletiria o tamanho da dificuldade que essas condições, somadas, impõem no dia a dia.\nEste Defeito serve de guarda-chuva para Defeitos Físicos publicados antes, como Cego, Surdo e, especialmente, o pejorativo Aleijado. Ao contrário de muitos rótulos aplicados a essas "deficiências", o Defeito Impedimento não carrega julgamento algum por parte do jogo; ainda que personagens (e jogadores) possam menosprezar uma pessoa "preguiçosa" com cinco pontos em Impedimento por Síndrome da Fadiga Crônica, o Defeito em si não pretende de forma alguma ser um insulto a quem vive com essas condições.\nAliás, um Impedimento pouco aparente pode trazer desafios sociais consideráveis; uma pessoa com síndrome de Tourette pode parecer perfeitamente saudável mesmo enquanto o cérebro dela falha, com os únicos sintomas visíveis sendo sons ou atos "inapropriados". (Veja o Defeito Mental Inapropriado, p. 46.) Aquela maga com SFC pode ser considerada "preguiçosa demais para sair da cama" por quem não vê o corpo dela sabotando-a de dentro para fora. Assim, o valor do Defeito – com aprovação do Narrador – pode refletir penalidade em rolagens sociais em vez de físicas, em certas situações. ("Por que você faltou ao trabalho de novo?" "Eu não conseguia dar dez passos sem cair." "Sei…")
Inappropriate	Uau – você disse mesmo isso? Disse… e vai dizer de novo em breve. Graças a alguma esquisitice de personalidade, você tende a dizer e fazer coisas que os outros reprovam, normalmente nos piores momentos possíveis. Você faz piada de gato cozido em restaurante asiático, fala o que pensa quando seria melhor calar a boca, e tropeça na cortesia como se fosse um portãozinho de criança que você não é alto o bastante para desviar. Isso pode envolver atos também, como cutucar o nariz na frente de um ancião ou mostrar Mártires do Desejo para sua sobrinha de 8 anos. Puta merda, o que você estava pensando?\nA mente faz coisas estranhas, e este Defeito representa uma condição mental ou uma esquisitice psicológica que empurra a personagem para comportamentos constrangedores. Ao contrário do que se pensa, isso não significa necessariamente que ela seja autista ou tenha Asperger, embora possa acompanhar o Defeito físico Impedimento, se este representar uma condição do espectro autista que se manifesta em comportamento especialmente inapropriado. (Uma personagem autista não precisa adquirir este Defeito, já que muita gente no espectro não se comporta assim.) A esquisitice em questão pode vir de uma criação estranha, trauma psíquico, vidas passadas se manifestando ("O quê? No MEU tempo, isso era perfeitamente aceitável!"), costumes culturais alienígenas, isolamento social, sacanagem do Avatar ou qualquer outro tropeço mental que atrapalhe o reconhecimento de padrões sociais. Uma condição física, como autismo ou síndrome de Tourette, se encaixa melhor no Defeito Impedimento.\nComo em Impedimento, o valor deste Defeito depende do tamanho do problema que ele causa à sua personagem:\n(1 ponto) De vez em quando você diz e faz bobagens que causam pequenos constrangimentos a você e aos seus amigos. +1 de dificuldade em rolagens sociais quando isso acontece.\n(2 pontos) Sua esquisitice provoca comportamentos bem vexatórios com certa regularidade. +1 de dificuldade em muitas rolagens sociais, mesmo quando você não está aprontando naquele momento.\n(3 pontos) Cara, é melhor você sentar e calar a boca, ou vai se meter em encrenca grande… de novo. +2 de dificuldade em todas as rolagens sociais que não sejam a de fazer papel de idiota.\n(4 pontos) Você é fonte de dor de cabeça constante para quem ousa se dizer seu amigo. +2 de dificuldade em rolagens sociais, mais uma péssima reputação entre quem conheceu você ou ouviu falar.\nPor razões óbvias, este Defeito pode ser um gatilho e tanto para certos jogadores, especialmente se o comportamento inapropriado incluir fanatismo e/ou má conduta sexual. Um jogador que decida adquiri-lo deve conversar com o Narrador e com os companheiros de mesa… e, se aquilo virar fonte de atrito real em volta da mesa, o Defeito deve ser descartado ou então jogado "fora de cena", em vez de interpretado em tempo real. (Veja Gatilhos, Limites e Fronteiras em Mage 20, p. 345.) ELE NUNCA DEVE SER USADO COMO DESCULPA PARA SACANAGEM NA VIDA REAL, JAMAIS. (Ficou claro?) Este Defeito existe como opção para "público adulto" e reflete os efeitos infelizes de disfunções mentais e desajustes sociais. Se um jogador não consegue usá-lo de forma madura, então ele não deve ser usado de forma alguma.
Inbred	A consanguinidade, ocorrência comum no incestuoso Clã Giovanni, pode assumir muitas formas. O Defeito Consanguíneo cobre todo tipo de defeito físico, mental e emocional. Uma consanguinidade de um ponto é algo simples e discreto, como olhos próximos demais ou uma mordida cruzada (+1 de dificuldade em rolagens de Aparência). Uma de três pontos é mais séria: uma condição de saúde congênita (para mortais) ou uma deformidade física incapacitante (+2 de dificuldade nas rolagens cabíveis de Força, Destreza ou Vigor). As de cinco pontos são gravemente incapacitantes ou emocionalmente devastadoras — de pernas atrofiadas e inúteis a uma Perturbação permanente —, definidas em conjunto pelo jogador e pelo Narrador. Condições consanguíneas podem ou não ser perceptíveis de imediato, embora seu custo em pontos deva ser proporcional à magnitude, conforme o Narrador decidir.
Incoherent	A fala humana é impossível para você. Pode ser que sua boca esteja disforme demais depois do Abraço, ou que anos vivendo nos esgotos o tenham feito esquecer como se comunicar. Embora entenda o que lhe dizem, você não consegue responder. A telepatia funciona normalmente com você, e você não tem problema algum em se comunicar com animais, mas a fala humana lhe está vedada.
Incomplete Understanding	Explicaram tudo para você, mas você ainda não tem certeza de como as coisas funcionam na sua Seita. Sua compreensão imperfeita das regras e dos regulamentos da sua nova existência significa que, cedo ou tarde, você vai cometer um erro. É só questão de tempo…
Infamous Sire	Seu senhor era, e talvez ainda seja, malvisto e detestado por muitos Cainitas da cidade. Como resultado, você também é malvisto e detestado.
Infamy	Você ganhou má fama entre as Massas. Como o Antecedente Fama, este Defeito representa um grau de reconhecimento; no seu caso, porém, isso não é bom… ainda mais quando você quer manter sua vida de mago em segredo dos Adormecidos.\nMais uma vez, o peso do Defeito determina seu valor:\n(1 ponto) Certas pessoas de uma região ou subcultura reconhecem você e não gostam de você. (Exemplos: o bêbado da esquina, Vox Day.)\n(2 pontos) Sua notoriedade já foi ampla, mas hoje se resume a reconhecimento e desdém ocasionais (H.R. Clinton, M.C. Hammer).\n(3 pontos) Você é famoso, mas muita gente não gosta de você (Kanye West, Nickelback).\n(4 pontos) As autoridades também não gostam de você (Roosh V, Jared Fogle).\n(5 pontos) Seu nome é conhecido em todo lar, e esse nome é uma merda (O.J. Simpson, Charles Manson).\nEspecialmente na era das redes sociais e das redes de inteligência, esse tipo de infâmia pode ser péssimo. Obviamente, algumas pessoas o adoram, ainda que seja só porque o resto do mundo o odeia. No conjunto, porém, sua reputação entre as Massas é mais má que boa, e as pessoas fazem questão de complicar sua vida. Como em outras más reputações, pode ser que você não tenha feito nada de errado; por outro lado, pode haver bons motivos para as pessoas o detestarem.
Infectious	A loucura corre no seu sangue, e sua mordida também carrega essa mácula. Mortais adquirem uma perturbação temporária a cada três pontos de sangue que você tomar deles. As perturbações duram até o mortal repor o sangue perdido.
Infectious Bite	Você não consegue lamber automaticamente as feridas da sua alimentação para fechá-las. Na verdade, suas mordidas têm uma chance em cinco de infeccionar e deixar as vítimas mortais gravemente doentes. A natureza exata da infecção é determinada pelo Narrador.
Infertile Vitae	Durante seu Abraço, algo deu terrivelmente errado, e seu sangue sofreu uma mutação sob o estresse de morrer e se erguer de novo. Todos os que você tenta Abraçar morrem. Não importa o que faça, você não pode criar filhos. Seu sangue, porém, ainda pode ser usado em rituais de sangue como a Taumaturgia e a Vaulderie, ou para outras necessidades vampíricas, como criar carniçais.
Initiate of the Road	Sua vida na estrada rumo à iluminação mal começou. Embora compreenda plenamente os preceitos e os princípios da Estrada que escolheu, você ainda não os pôs à prova. Isso pode ser porque foi Abraçado há pouco ou porque abandonou uma Estrada anterior (caso em que talvez queira considerar também o Defeito Apóstata, na página 425). Com isso vem +1 de dificuldade para resistir a frenesi e a Rötschreck, e você não tem uma aura ligada à sua Estrada. Por outro lado, tem mais facilidade para mudar de Estrada, se quiser.
Insane /Infamous Mentor	A maga que lhe ensinou o ofício está perigosamente enrolada nele. Talvez ela tenha perdido a cabeça (embora provavelmente ainda não seja uma Marauder); ou ele tenha uma fama horrível que respingou toda em você. Essa pessoa pode estar com raiva de você por alguma razão (boa ou não), ou viver rio abaixo no Riacho da Merda, com o péssimo hábito de arrastar você junto na correnteza. Este Defeito é um ótimo complemento ao Antecedente Mentor, e tem o dom de estragar suas relações com outros magos, além do seu vínculo com a própria mentora.
Insubordinate	Você gosta tanto de mandar que tem dificuldade em seguir ordens de qualquer outra pessoa. Quando recebe um plano ou uma ordem, tende a fazer o oposto por princípio. Sempre que for mandado a fazer algo, você precisa de uma rolagem de Força de Vontade, com dificuldade conforme a importância do superior e o perigo da tarefa (dificuldade 7 é o típico para alguém logo acima do vampiro atribuindo-lhe uma tarefa moderadamente perigosa). Se falhar, você fará qualquer coisa, menos o que mandaram.
Intemperate	Tudo o que você faz, faz em excesso. Ah, claro, você (em geral) consegue resistir ao impulso de ser terminalmente burro, mas moderação não faz parte do seu vocabulário. Tomando um drinque? Por que não seis? Uma mão de cartas? Por que não apostar o próximo salário no resultado? De opinar a arriscar corpo e alma, você joga com a vida esperando que o outro é que desvie. As pessoas esperam esse tipo de coisa de Cultistas do Êxtase, mas a maioria dos Extáticos tem noção melhor dos próprios limites que você.\nSempre que estiver fazendo algo que provavelmente não vai render acusação criminal ou morte imediata, faça uma rolagem de Força de Vontade para resistir ao impulso de ir com tudo. A dificuldade depende das prováveis consequências do excesso; riscos pequenos significam dificuldade 8 ou 9, enquanto riscos com potencial de morte são mais fáceis de resistir (dificuldade 5 ou 6)… ainda que você já tenha ido longe demais nesse departamento também!
Isolated Upbringing	Você foi criado pela Sociedade de Leopoldo, seja por ser filho de um Inquisidor, seja por ter sido adotado pela Sociedade ainda cedo. A Inquisição é tudo o que você conhece. A santidade da sua obra sagrada foi afiada por uma pureza de treino, sem a névoa das distrações. Infelizmente, sua compreensão do mundo lá fora é limitada. Fora do ambiente da Sociedade, subtraia um dado de todas as paradas de dados Sociais. Quando o trabalho de campo o levar para além dos muros da Inquisição, como você vai reagir a toda essa gente nova, a todos esses estímulos e aos colegas caçadores que não foram criados enclausurados?
Jinx /Infernal Contraption	Portador da Tempestade. O Um Anel. A Mão do Macaco. Claro, aquele treco paranormal pode ter poderes incríveis, mas é também um saco de misérias como poucos humanos conseguem imaginar. E você tem um. Sortudo…\nComo no Antecedente Maravilha (Traço para o qual este Defeito já foi o Antecedente adverso), este Traço representa um item ou dispositivo sobrenatural. Neste caso, porém, o "tesouro" dá mais trabalho do que vale. Talvez ele seja amaldiçoado com infortúnios, mal construído, assombrado por espíritos malignos, fervilhando de emanações de Paradoxo ou experimental demais para o próprio bem. Pode ser a forma terrena de uma entidade desagradável ("Eu era mil vezes mais malvado que tu…"), um artefato alienígena ou o resto de uma cultura que virou pó há milênios – e bem feito para eles! Ou talvez seja simplesmente um tesouro de fato maravilhoso que não vai com a sua cara, como a Espada de Lutar em JourneyQuest. Seja qual for a razão, você é dono dessa mó mística/hipertecnológica e não consegue se livrar dela com facilidade.\nComo em todo Defeito de pontos variáveis, o valor deste Traço depende da capacidade que ele tem de estragar sua vida. Neste caso, porém, o valor do Defeito é descontado do custo do Antecedente Maravilha. Para evitar catástrofes matemáticas, cada dois pontos no Defeito valem um ponto no custo do Antecedente Maravilha. Esse custo, porém, não pode cair abaixo de um ponto (dois pontos de Defeito), e assim quaisquer pontos que "sobrem" entre o valor do Defeito e os dois pontos daquela Maravilha são somados à ficha do dono, representando o proverbial albatroz morto pendurado no pescoço: um fardo poderoso do qual ele não pode simplesmente se livrar.\nPara regras ampliadas sobre Maravilhas, veja a seção de mesmo nome no Capítulo Dois, pp. 139-165.\n(2 pontos) Seu item Azarado tem um inconveniente irritante que, embora não seja mortal, torna difícil a vida de quem o possui. Exemplos: ele atrai fantasmas, cheira mal, faz sons irritantes em horas inconvenientes ou irradia uma aura persistente de desconforto.\n(4 pontos) O item Azarado tem vários inconvenientes irritantes (como acima), ou talvez um ou dois problemáticos. Exemplos: ele precisa derramar sangue toda vez que é usado, tem uma personalidade briguenta e desagradável, atrai espíritos malignos ou tenta a dona a violar o próprio código moral.\n(6 pontos) Seu item tem uma penca de inconvenientes irritantes (pelo menos seis), três ou quatro problemáticos e/ou um defeito grave. Exemplos: o item pertence a uma entidade paranormal poderosa que o quer de volta, causa dor constante a quem o usa (três níveis de vitalidade contundentes por turno de operação), irradia uma aura de corrupção e decadência, ou empurra o dono continuamente para atrocidades.\n(8 pontos) Além de pelo menos seis inconvenientes irritantes e/ou cinco problemáticos, mais dois ou mais defeitos graves, o item também sai pela culatra se você falhar numa rolagem de Raciocínio + Esotérica (ou Raciocínio + Hipertecnologia, se o item usar tecnologia avançada) contra dificuldade 7. O Narrador é encorajado a ser criativo ao decidir como esse tiro pela culatra se manifesta; para sugestões, veja a tabela Mexendo com Maravilhas, Capítulo Dois, p. 141.\n(10 pontos) Além do nível anterior de dificuldade, o Narrador basicamente ganha licença aberta para complicar sua vida de formas inesperadas, criativas e muitas vezes misteriosas. Exemplos: um culto sedento de sangue atrás do tesouro, uma entidade demoníaca aprisionada dentro do item, um vórtice interdimensional de flutuações de probabilidade e caprichos da física que se manifestam nas imediações do objeto, e assim por diante.\nEsses defeitos, claro, devem se basear na natureza do item Azarado e na relação dele com o dono. Dito isso, não há razão para um robô não poder ser possuído por espíritos malignos, nem para um artefato primevo não poder ser um perigo tecnológico usando tecnologia desconhecida. Coisas mais estranhas que essas acontecem o tempo todo em Mage.
Kiss of Death	Se você drenar todo o sangue de um recipiente mortal minutos depois de o coração dele parar, o cadáver se ergue como zumbi (usando as estatísticas de zumbi da p. 164 de V20). Esses zumbis têm vontade própria, são hostis a você e não podem ser comandados sem algum meio feiticeiro ou necromântico de dirigi-los.
Lame	Suas pernas estão danificadas, o que o impede de correr ou andar com facilidade. Você é obrigado a andar com bengala ou possivelmente com órteses, e tem um manquejar pronunciado. Sua velocidade de caminhada é um quarto da de um humano normal, e correr é impossível.
Laughingstock	De algum modo você atraiu o escárnio das Harpias locais, que fizeram de você o alvo favorito delas. Você sofre +2 de dificuldade em todas as rolagens Sociais no Elísio e +1 em qualquer outro lugar da cidade. Além disso, sofre +2 de dificuldade para usar Intimidação ou qualquer poder de Dominação sobre quem tiver ouvido as histórias que zombam de você. Este Defeito só pode ser adquirido por vampiros da Camarilla.
Lazy	Você é simplesmente preguiçoso e evita qualquer coisa que exija esforço da sua parte. Preferindo deixar o trabalho duro para os outros, você fica à toa. Em qualquer ação que exija preparação, há uma boa chance de você não ter se preparado direito. As dificuldades de ações Físicas espontâneas (inclusive combate, a menos que faça parte de uma ofensiva planejada) aumentam em um.
Lifesaver	A vida, para você, é um dom e um milagre que vale a pena salvar. No seu entender, mesmo as pessoas mais desgraçadas merecem outra chance de redenção, e por isso você faz questão de salvar vidas e melhorar a sorte de quem (humano ou não) precisa de uma mão neste mundo. Mais que um simples "código contra matar", este Traço lhe dá um imperativo moral de resgatar vidas, e não apenas uma razão para não tirá-las. Em resumo, faz de você uma pessoa generosa e de coração grande, que acredita profundamente na santidade (use você esse termo religioso ou não) da vida. E isso, no Mundo das Trevas, é um fardo magnífico de carregar.
Light-Sensitive	Você é ainda mais sensível à luz do sol que os outros vampiros. A luz solar causa o dobro do dano normal, e a luz da lua pode causar dano letal de forma parecida com a do sol, embora precise incidir diretamente sobre você. Até luzes fortes machucam seus olhos, exigindo o uso de óculos escuros. Seguidores de Set e linhagens aparentadas não podem adquirir este Defeito, pois já têm uma versão pior dele.
Lightweight	Vergonhosamente, você não consegue ingerir o sangue de nenhuma criatura que não seja mortal, carniçal ou vampiro. Sempre que tentar beber de outra entidade, você é forçado a expulsar o conteúdo logo em seguida e não obtém sustento algum dele.
Loathsome Regnant	Você não está apenas preso pelo laço de sangue: está sob o jugo de um vampiro que o maltrata de forma medonha. Talvez você seja abusado ou humilhado em público; talvez seu mestre o obrigue a cometer atos inomináveis por ele. De todo modo, a existência sob o laço é um pesadelo sem fim, com o seu regente regendo a sinfonia da malícia. Vampiros da Sabá não podem adquirir este Defeito.
Locked Vidare	Magos veem a Penumbra dos Outros Mundos por uma perspectiva metafísica chamada Vidare. A maioria consegue alterar essa perspectiva mudando o ponto de vista. Você, não. Para você, a Periferia fica "travada" numa única perspectiva: a clareza cintilante do Vidare Astral, a luminosidade primal do Vidare Spiritus ou a paisagem apodrecida do Vidare Mortem. Basicamente, sua perspectiva metafísica está congelada. É literalmente assim que você vê o mundo à sua volta, e essa visão nunca muda de verdade. (Para detalhes sobre os Vidare e as impressões que apresentam, veja Mage 20, pp. 82, 89, 94-95, 98-99 e 474.)\nAlém de moldar a forma como seu Narrador descreve os Vidare para você, e de guiar sua reação ao que percebe, este Defeito também influencia sua personalidade, seu senso de moda, seus paradigmas filosóficos e metafísicos, seu foco mágico e assim por diante. Afinal, quando alguém percebe as coisas de determinada maneira, essa perspectiva tende a tingir quase todos os aspectos da vida.
Loose Lips	Carniçais muitas vezes têm acesso a uma enorme quantidade de informação sensível no trato noturno com seus domitores, e alguns não resistem ao impulso de revelar (ou vender) esses segredos. Em geral, carniçais e revenantes que não guardam segredo não vivem muito.\nAo adquirir o Defeito Boca Solta, você pode ser conhecido como fofoqueiro. Aliás, essa fraqueza pode ser a razão de um carniçal ter se tornado independente. É possível que o mestre dele tenha achado que negar-lhe alimentações pelo resto da sua vida miserável seria punição adequada, e talvez ainda o esteja vigiando.\nCarniçais com este Defeito costumam não receber tarefas que envolvam segredos, de modo que sua utilidade para vampiros de alta patente é limitada. Por outro lado, eles são ferramentas perfeitas para espalhar informação falsa, o que muitas vezes é bem mais útil. Infelizmente, você pode não saber se está cuspindo fato ou ficção até que seja tarde demais.\nUsado por: todos os carniçais e revenantes
Lord of the Flies	Arautos zumbidores da putrefação rodopiam à sua volta em toda parte. A presença constante deles torna difícil sua interação social (+1 de dificuldade quando cabível) e quase impossível se aproximar de alguém sem ser notado ou se esconder direito. O zumbido das moscas inevitavelmente o entrega — todas as rolagens de Furtividade sofrem +2 de dificuldade.
Lord of the Night	Na sua presença as luzes se apagam, chamas pequenas se extinguem e as sombras se agarram a você ou se movem languidamente com uma não-vida surreal, tornando impossível você passar por qualquer coisa que não seja desumana. A sombra particular que você projeta é uma entidade maldosa com vontade própria. Ela ataca amigos e inimigos por igual, rasgando o cenário e rosnando para quem passa. Esses efeitos podem ser suprimidos por uma cena com o gasto de um ponto de Força de Vontade.
Lost Svadharma	Você um dia conheceu seu svadharma mas, quando chegou a hora de cumpri-lo, falhou. Aquele destino passou por você, e talvez nunca haja outra chance de consertar. Os outros Ravnos conhecem a história e cobram de você esse fracasso. Você é desprezado, e sua confiança foi lançada na dúvida. Seu total de Força de Vontade é permanentemente reduzido em um, e você não pode gastar Força de Vontade em ações que envolvam diretamente outros Ravnos.
Lunacy	Você é afetado pelas fases da lua, o que aumenta suas chances de entrar em frenesi. Sob a lua crescente, as dificuldades para evitar o frenesi aumentam em um. Sob a lua meia ou gibosa, aumentam em dois. Quando a lua está cheia, aumentam em três.
Mage Blood	Seu sangue está tão ligado à magia que você é incapaz de usar qualquer Disciplina que não seja a Taumaturgia (e, para Cainitas que não sejam Tremere, ela ainda é paga a preço de fora de Clã). Embora nenhum caminho ou ritual lhe seja vedado, você não pode ganhar pontos em nenhuma outra Disciplina.
Magical Signature	Sua magia é, de algum modo, estranhamente reconhecível para quem sabe percebê-la. Seja por Varreduras Primais de Manipulação de Mana, por capacidades de leitura de aura como Auspícios, ou mesmo por valores altos em Habilidades como Percepção ou Presságio, quem tem sensibilidade para a magia consegue reconhecer a sua onde ela ficou. Pode ser algum tremeluzir estranho ou uma assinatura visual que aparece quando sua magia é estudada, ou pode ser um tipo de ressonância única e esquisita que só as suas magias emitem, mas é inconfundível e deixa um rastro nas magias que você lança.
Manchurian Candidate	Você é o pior tipo de agente duplo: o que não sabe que está comprometido. Algum poder desconhecido para você lhe deu uma tarefa, e você não consegue evitar cumpri-la. Seu controlador o programou para reagir a um sinal específico — pode ser uma palavra-gatilho, um padrão de luzes piscando ou uma imagem determinada. Ao encontrar o gatilho, você fará o que o seu mestre pediu. Depois, você se lembrará de tudo até o momento em que encontrou o sinal — o resto é um vazio. Tarefas comuns incluem espionar sua própria organização, destruir documentos sensíveis, assassinar um alvo nomeado junto com o gatilho ou roubar equipamento valioso.\nAcerte com o Narrador um sinal e uma tarefa. Como alternativa, você pode deixar que o Narrador defina sozinho os detalhes do que você anda aprontando. Em algum momento ele descreverá seu gatilho, e você não terá conhecimento nenhum do que acontece entre aquele ponto e o momento em que você volta a si. O Narrador pode deixar o que acontece sob o gatilho como um mistério — ou fazer os outros personagens cruzarem com você enquanto está programado. Combine com ele como retratar sua personagem nesse estado de lavagem cerebral. A programação é forte o bastante para que nem poderes sobrenaturais consigam desviá-lo da tarefa. Social
Marked for Death	A Corte de Sangue achou falhas em você e pôs um preço na sua cabeça. Você está marcado para morrer e, um a um, seus pares virão trazer essa morte. Você pode até ser mais que capaz de enfrentar seus iguais numa luta, mas não sabe quando nem onde eles atacarão. A paranoia purulenta arranha as bordas dos seus pensamentos; além de atacantes de capacidades variadas surgirem ao acaso, a critério do Narrador você também pode perder um dado nas rolagens Mentais por distração.
Masquerade Breaker	Nas suas primeiras noites como vampiro, você quebrou a Máscara sem querer — e foi visto fazendo isso. Outra pessoa acobertou seu erro, mas guarda esse favor sobre a sua cabeça. Agora você vive com medo de que a falha seja revelada. Enquanto isso, seu "salvador" tira proveito de você sem a menor piedade. Este Defeito só pode ser adquirido por vampiros de Seitas ou Clãs que respeitem a Máscara.
Mayfly Curse	Sua vida arde intensa e depressa. Talvez por biotecnologia, clonagem ou alguma outra herança ou modificação desumana, você envelhece muito mais rápido que os seres humanos normais. Isso significa que você atingiu a maturidade em tempo recorde, mas também traz uma decrepitude precoce. Quando se vive tão rápido, garoto, de um jeito ou de outro você morre jovem!\nNo nível de cinco pontos, sua personagem envelhece um ano a cada dois meses de tempo terreno (seis anos de idade por ano que passa). No nível de 10 pontos, ela envelhece um ano por semana (ou 52 anos de idade num único período de 12 meses). Uma personagem dessas faria bem em tomar cuidado com magos versados em Tempo: o feito Juventude ou Decadência Acelerada descrito em How Do You DO That? (pp. 111-112) tem efeitos horríveis sobre uma efêmera, que sofre de seis a 52 anos de envelhecimento para cada ano de tempo imposto a ela.\nConforme os anos se acumulam, outros Defeitos como Envelhecimento, Impedimento, Distraído e assim por diante podem se empilhar sobre a personagem. A magia da Esfera da Vida não anula este Defeito, que poderia ser interpretado como manifestação da forma Descrença do Paradoxo, a menos que o jogador compre a saída dele… e talvez nem então.
Member of the Pack	Você só consegue convocar, falar com e comandar um tipo específico de animal — corvos, ratos e assim por diante — com o Animalismo. Seu Narrador é quem melhor julga quais tipos de animal cabem neste Defeito, mas a escolha deve ser bastante limitante. Outros animais simplesmente não respondem ao seu uso de Animalismo.
Mental Lock	Em algum ponto entre o impulso e a ação, as coisas emperram dentro da sua cabeça. Pensamentos ou imagens ficam presos em laços mentais, e de vez em quando você se vê tropeçando nas palavras, travado em padrões de fala ou repetindo atividades aparentemente incontroláveis (bater as mãos, sacudir a cabeça, esfregar os pulsos e assim por diante) que, na maioria das circunstâncias, seriam fáceis de interromper ou controlar. Às vezes chamados de perseveração ou estereotipia (veja a Qualidade Hiperfoco), esses tiques mentais costumam se manifestar a partir de lesão cerebral, trauma emocional, estresse intenso e/ou autismo e outras condições de processamento sensorial. Convencional e incorretamente chamadas de "manias nervosas", essas esquisitices podem ser tentativas de controlar um ambiente aparentemente caótico, dando ao seu cérebro algo que parece estar sob controle. O problema é que você basicamente precisa se sacudir para fora do padrão travado, se concentrar numa sensação nova para quebrar o laço, invocar uma espécie de palavra ou ato "ritualizado" que dispare essa quebra, ou usar algum outro método para se libertar da trava mental. Até lá, você pode se ver gaguejando mesmo sem ter distúrbio de fala, se sentir "congelado" em palavras ou pensamentos que não consegue articular, travar em ruminações quase obsessivas sobre frases sem sentido ou pensamentos perigosos, ficar preso fazendo a mesma coisa repetidamente ou, de outro modo, acabar preso num ciclo interno de retroalimentação.\nEm termos de sistema, o Narrador vai de vez em quando inserir esquisitices pequenas mas irritantes na capacidade de fala da sua personagem, sugerir pequenas ações repetitivas para ela e, de modo geral, atrapalhar sua capacidade de ir além de um único pensamento incômodo. Para quebrar essas travas mentais, você precisará rolar a Força de Vontade da personagem contra dificuldade 7, gastar um ponto temporário de Força de Vontade ou então ficar parado, "travado" no meio de um pensamento ou ato, até conseguir romper o bloqueio pela força de vontade ou (após cinco turnos) pela simples passagem do tempo.
Methuselah's Thirst	Você não consegue mais se sustentar com sangue mortal e precisa se alimentar do sangue de Cainitas ou de outras criaturas sobrenaturais de reservas potentes, como lupinos ou fadas.
Mistaken Identity	Você se parece com as descrições de outro Cainita, o que gera casos de identidade trocada. Isso pode provocar inúmeras situações constrangedoras ou até perigosas, especialmente se seu "gêmeo" tiver uma reputação terrível ou for procurado por algum crime.
Monstrous	Sua forma física foi retorcida durante o Abraço e agora reflete a Besta que ruge dentro de você. Personagens com este Defeito parecem monstros selvagens e têm Aparência zero. Nosferatu e outras linhagens cujas fraquezas já as fazem começar com Aparência zero não podem adquirir este Defeito.
Mortal Flashbacks	Seu corpo se lembra da sua morte. Toda noite, ao despertar, você recorda vividamente a dor do ferimento que o matou. A ferida se reabre durante a noite e se fecha pouco antes de você se erguer. Esse lembrete traumático da sua mortalidade começa sua noite do pior jeito. Você perde um ponto de Força de Vontade a cada noite ao despertar, pelo trauma de morrer de novo.
Mr. Red Tape	A burocracia odeia você. Qualquer complicação oficial que possa dar errado vai dar errado se você for quem está lidando com as autoridades. Basicamente o oposto da Qualidade Mestre da Burocracia (p. 58), este Defeito soma +2 à dificuldade de qualquer rolagem que você faça ao tentar resolver algo por meio de um sistema estabelecido, e joga erros idiotas e atrasos no meio do caminho sempre que você precisa lidar com qualquer tipo de burocracia.
Multiple Curses	Além da maldição normal imposta pela sua casta ou seita, você sofre mais uma, associada ao Clã Assamita. O mais provável é que você seja um raro vizir ou feiticeiro dentro da Sabá que sofre da Maldição Baali além da maldição normal da sua casta, mas, a critério do Narrador, outras combinações são possíveis.
Mute	Você não consegue falar. Pode se comunicar com o Narrador e descrever suas ações, mas não pode conversar com personagens de jogadores ou do Narrador, a menos que todos os envolvidos comprem uma língua de sinais em comum (pela Qualidade Idioma) ou que você escreva o que quer dizer.
Nameless	Você não existe. Certamente ainda caminha sobre a terra, e seus amigos e parentes ainda podem vê-lo e tocá-lo, mas todos os registros da sua existência foram destruídos. Nem a sua prole vampírica pode reivindicar o seu nome. Até onde qualquer um possa provar, você nunca existiu. Se adquirir este Defeito, você não pode adquirir nenhuma Qualidade Social que conceda benefícios baseados em reputação. A critério do Narrador, você também pode ficar impedido de adquirir Antecedentes que exijam presença social. Quem ou o que você irritou tanto a ponto de apagarem sua existência da face da terra?
Narc	Você é conhecido como delator, um informante firmemente enfiado no bolso dos vampiros no comando. Aqueles sobre quem você ainda poderia informar o detestam por isso, e lhe passam informação falsa quando podem, para desacreditá-lo. Se tiverem oportunidade, podem lhe fazer mal. De todo modo, sua fama de dedo-duro o precede, o que lhe dá +1 de dificuldade em todas as rolagens Sociais contra quem não concorda com a sua política.
New Arrival	Você acabou de chegar à sua nova cidade e não conhece ninguém no lugar. As facções existentes podem tentar recrutá-lo ou eliminá-lo, enquanto os vampiros em posição de autoridade o examinam e o medem. Enquanto isso, sua ignorância dos acontecimentos atuais, da história e da política da cidade (sem falar nas esquisitices de personalidade dos vampiros que já estão lá) pode fazê-lo cometer um erro grave.
New Kid	Você é o mais recente Abraçado da cidade, ou ainda não provou seu valor à Seita, e todo mundo sabe disso. Isso o coloca automaticamente na base da hierarquia social. Outros neonatos aproveitam toda oportunidade para demonstrar sua inferioridade, ou matilhas rivais testam constantemente sua dignidade perante a Sabá. Mesmo que outra pessoa entre para as fileiras dos mortos-vivos, você continua sendo visto como meio abestalhado pelos seus pares — distinção que pode ter consequências perigosas se as balas começarem a voar. Todas as rolagens sociais sofrem +1 de dificuldade quando você lida com outros neonatos. (Anciliae e anciões o jogam no mesmo balaio dos demais neonatos, sob o desdém geral que têm por todos.)
Nightmares	Você tem pesadelos horrendos toda vez que dorme, e a lembrança deles o assombra nas horas em que está acordado. Ao despertar, você precisa fazer uma rolagem de Força de Vontade (dificuldade 7) ou perde um dado em todas as ações daquela noite. Uma falha crítica indica que, mesmo acordado, você ainda acredita estar preso num pesadelo.
Notoriety	Graças a este inverso da Qualidade Prestígio, você carrega má fama entre seus colegas magos. Em termos de sistema, este Defeito soma +2 às dificuldades de todas as rolagens sociais dentro da sua facção (Tradições, Ofícios, Tecnocracia etc.) e predispõe praticamente todo mundo, fora seus amigos mais próximos, a pensar o pior de você. Boatos seguem seus passos, e sussurros precedem sua chegada. Sejam as histórias verdadeiras ou não, você foi ligado a alguma desonra e será evitado e provavelmente punido de acordo, se é que já não foi. (Veja o Defeito Sobrenatural Marcado a Ferro, p. 89, para uma punição possível, ou como alternativa a este Defeito para um personagem mago das Tradições.) Você pode até conseguir se livrar dessa má fama algum dia, mas a estrada até lá será bem dura.
Oathbreaker	Um dia você jurou lealdade a um senhor ou a uma organização, ou firmou um contrato vinculante. Você quebrou essa promessa e todo mundo sabe. Agora é quase impossível conquistar a confiança dos outros. A dificuldade das rolagens Sociais para convencer alguém de que você é confiável aumenta em três, e até os membros da sua coterie podem ter ressalvas quanto a você.
Oathbreaker (Ravnos)	Fazer um juramento amarra o svadharma de uma pessoa ao de outra, ligando os dois espíritos até que o juramento possa ser cumprido. Por causa disso, uma Ravnos nunca quebra a palavra dada de boa-fé, desde que tenha sido dada com a cerimônia adequada. Se a Ravnos cospe na própria palma e sela a palavra com um aperto de mão, o juramento não pode ser quebrado sem prejudicar o svadharma da vampira (ou assim manda a superstição Ravnos).\nA quebra-juramentos perderá o rumo, caindo no vício e na inutilidade, até que o juramento rompido possa ser redimido. Quem olhar para a sua aura verá um talho vermelho e doentio indicando o juramento quebrado. Você não pode gastar Força de Vontade para ignorar seu vício Ravnos, e não ganha Força de Vontade ao cumprir sua Natureza.
Obsession	Um interesse absorvente da sua parte tende a ofuscar aquilo que, na sua cabeça, passa por bom senso. Se você ama Star Wars, então viu todos os filmes inúmeras vezes, tem pilhas de bugigangas e gasta um tempo desmedido discutindo minúcias da saga. Sua obsessão é o Tarô? Então você tem dezenas (se não centenas) de baralhos, pesquisa cada elemento possível de significado nas cartas e enlouquece seus amigos com ofertas constantes de leituras e conselhos. Você não pode ter só um ou dois gatos – você é a Pessoa Louca dos Gatos do bairro, que gasta meio salário em ração, areia e veterinário. Essa obsessão provavelmente não vai matá-lo (a menos que você seja doido o bastante para se obcecar por metamorfos ou temas igualmente fatais), mas consome uma quantidade enorme de tempo, atenção e dinheiro. Diante da oportunidade de perseguir sua obsessão por caminhos ainda não explorados, ou quando ela atrapalha coisas importantes como relacionamentos, trabalho ou ambos, você pode precisar de uma rolagem de Força de Vontade (dificuldade 6) para conter o impulso. E, se a obsessão envolver algo compulsivo por natureza – jogatina, por exemplo –, a rolagem pode ter dificuldade 8 ou mais antes que você consiga se livrar da compulsão e focar em outra coisa.
Obvious Predator	Sua raiva Brujah inata está sempre borbulhando sob a superfície, por mais que você tente projetar uma imagem de calma. Os mortais o acham intrinsecamente ameaçador e temem por instinto a violência que você promete desencadear.\nSistema: a dificuldade de todas as rolagens Sociais feitas contra mortais, exceto as de Intimidação, aumenta em 2.
OCPD	Magos tendem a ser meio obsessivos por natureza. Você, porém, se sente compelido a seguir rituais pessoais rigorosos, manter um senso obsessivo de ordem, trabalhar até a exaustão (e além), organizar cada elemento possível da sua vida e do seu espaço, adotar comportamentos compulsivos sem perceber que os está adotando e, de resto, perder a noção do tempo, das coisas e das pessoas que não caiam na órbita do seu transtorno de personalidade obsessivo-compulsiva.\nDefeito especialmente comum entre tecnomantes, cientistas, magos ritualistas, devotos religiosos, autistas, militares, artistas, executivos e outros cujas filosofias e ocupações exigem atenção contínua, o TPOC também pode resultar de várias formas de trauma psíquico, lesão cerebral, epifanias espirituais, perfeccionismo cultural ou profissional e dedicação metafísica. Via de regra, os comportamentos de uma pessoa ficam mais compulsivos sob estresse. Afinal, quando parece que o mundo está saindo do controle, fica ainda mais importante estabelecer controle sobre o que ainda se pode controlar.\nAo escolher este Defeito, você precisará definir quais compulsões sua personagem tem e quais gatilhos as tornam mais evidentes. Em termos de sistema, você terá de fazer rolagens de Força de Vontade com frequência para se livrar da necessidade de organizar e se obcecar pelo objeto da sua atenção. A dificuldade, claro, depende da situação e do nível de estresse da personagem naquele momento; quanto mais duras as circunstâncias, mais obsessivas as compulsões.
Odd Gait	Mover-se depressa não é fácil para você; talvez andar doa, talvez você simplesmente nunca tenha pressa. Seja qual for a razão, você se desloca à metade da sua velocidade normal de movimento. Personagens do Narrador também podem passar a reconhecê-lo pelo seu andar incomum.
Offensive to Animals	Carniçais e revenantes que adquirem o Defeito Ofensivo aos Animais terão dificuldade nos encontros com bichos. Cães, lobos, morcegos, aves e outras criaturas se comportam de forma hostil perto da personagem, e provavelmente a atacarão quanto mais ela se aproximar. Muito parecido com o Defeito vampírico de mesmo nome, um carniçal ou revenante Ofensivo aos Animais pode achar difícil circular livremente por certas áreas.\nOs animais latem, uivam, ganem e fazem barulho quando a personagem se aproxima. Podem não atacar o carniçal diretamente, a menos que provocados, mas ficarão claramente agressivos ou, como alternativa, fugirão do local.\nEste Defeito não é recomendado para carniçais ou revenantes que pretendam usar a Disciplina Animalismo ou que convivam com personagens que a usem.\nUsado por: todos os carniçais e revenantes
Offline	Você odeia a droga da internet. Para você, ela é uma perda de tempo complicada. Você detesta redes sociais, não tem site, se recusa a usar o Twitter e nem sabe (nem quer saber) direito como buscar coisas no Google. Quem quiser falar com você que escreva uma carta, use o telefone ou simplesmente o deixe em paz! (Malditos moleques, saiam do meu gramado digital…)\nEmbora este Defeito valha apenas um ponto em culturas onde a internet é uma indulgência ocasional (e muitas vezes privilegiada), ele é um Defeito de três pontos em culturas onde o acesso e a participação on-line são elementos importantes da vida social da maioria. Essas divisões culturais estão mais ligadas a recortes geracionais e econômicos que a recortes étnicos ou geográficos. Uma nova-iorquina pobre, idosa ou simplesmente à moda antiga pode não ligar muito para o acesso à rede, desde que consiga manter contato com amigos e família; já um universitário no Rio ficaria em desvantagem bem significativa se escolhesse evitar a internet. E sim – magos do século XXI também usam a internet, mesmo que não visitem a Teia Digital. Presença on-line não é mais coisa só de Adepto Virtual!
Old Flame	Alguém por quem você já teve profundo carinho está agora do lado do inimigo. Ele ainda tenta apelar à sua compaixão "pelos velhos tempos" enquanto trabalha contra você. A menos que você tenha sucesso numa rolagem resistida de Manipulação + Expressão contra seu antigo amigo, você não consegue agir contra ele, exceto se a situação virar risco de vida.
One Eye	Você tem apenas um olho — qual deles falta fica a seu critério. As dificuldades de todas as rolagens de Percepção que envolvam visão aumentam em dois, e as dificuldades de todas as rolagens que exijam noção de profundidade aumentam em um (isso inclui combate à distância).
Open Wound	Você tem um ou mais ferimentos que se recusam a fechar e que sangram sem parar. Esse vazamento lento lhe custa um ponto de sangue extra por noite (descontado pouco antes do amanhecer), além de atrair atenção. Se o ferimento for visível, você sofre +1 de dificuldade em todas as rolagens Sociais. Por dois pontos, o Defeito é apenas feio e tem o efeito básico descrito acima; por quatro pontos, a ferida que verte é grave ou desfigurante e inclui os efeitos do Defeito Ferimento Permanente (abaixo).
Out of Phase	A personagem tem consciência demais do tempo e das possibilidades ao redor. As pessoas parecem estar sempre em lugares ligeiramente diferentes, e a fala frequentemente ecoa nos ouvidos dela. Ela enxerga camadas de linhas temporais alternativas com detalhe demais. Qualquer rolagem de percepção que ela faça sofre +2 de dificuldade, enquanto tenta enxergar para além do irreal.
Outcast	Você rejeitou o ethos da casta na qual foi Abraçado. Talvez seja um dos poucos vizires ou feiticeiros a apoiar a Teia de Facas ou a seguir o Caminho do Sangue. Talvez seja um guerreiro com pouco estômago para o combate, que prefere ser diplomata ou estudioso do oculto. Talvez tenha dado algum espetáculo público que revelou seu desprezo pelos companheiros de casta. Seu senhor agora o rejeita, assim como os demais membros da sua casta. A dificuldade de todas as rolagens Sociais contra membros da sua casta é +2.
Outsider	Esta não é sua terra natal; esta não é sua língua materna. Você não é daqui. Tudo é estranho e diferente, dos costumes à comida. Você tem dificuldade com o idioma local (embora consiga se virar comprando a Qualidade Língua Franca), e a dificuldade das rolagens Sociais cabíveis aumenta em um.
Outspoken Heretic	Você defende uma crença considerada herética por um grande poder religioso, como a Igreja Católica. Ao contrário de outros que praticam suas heresias em segredo, você é aberto quanto às suas convicções. Precisa encarar constantemente falsas acusações, o assédio de quem se julga verdadeiro crente e a recusa de hospitalidade por parte de estranhos fervorosos ou de quem teme a autoridade religiosa. A critério do Narrador, isso pode impor um aumento de até 3 na dificuldade das rolagens Sociais cabíveis.
Overconfident	Você é o melhor que existe naquilo que faz. Se os outros discordam, o problema é deles, não seu! Nada está fora do seu alcance, e por isso você quase nunca recua diante de um desafio, por mais absurdamente superado que pareça estar no momento. Se as coisas derem errado, claro, você sempre pode culpar outra pessoa. Afinal, a culpa claramente não é sua!
Overextended	Você meteu o dedo em pratos demais, e as pessoas começaram a notar. Você tem carniçais demais, lacaios demais ou influência demais, o que significa que muita gente tem interesse direto em podar suas operações. Esses inimigos aproveitam toda oportunidade para reduzir seu poder e sua influência e, se para isso for preciso mentir, trapacear ou matar, que seja. Além disso, eles bloqueiam toda tentativa sua de avançar sobre novas áreas de controle. Você está encurralado, e o cerco está se fechando.
Overstimulated	Malkavianos notam coisas que muitos outros não notam. Isso significa manter olhos e ouvidos abertos por muito mais tempo que qualquer um. E isso faz de você alguém que se distrai facilmente ao tentar se concentrar. Sofra penalidade de +2 em todas as rolagens que envolvam Percepção.
Pacifist	Você escolheu não causar dano intencional a ninguém, seja por restrição religiosa, seja por decisão moral. Pode se defender com magia, e talvez tenha até se especializado nisso para esse fim. Ao adquirir este Defeito, esteja preparado para jogar com essas restrições de forma sincera.
Paper Trail	Você passou um tempo em instituições do Estado, como prisões ou manicômios, provavelmente antes do Abraço. A maioria das pessoas tem algum tipo de registro com data de nascimento e outros dados. Essa informação é difícil de eliminar e pode pôr a Máscara em risco. Inimigos com a influência certa podem rastrear esses dados e usá-los contra você. Eles podem levar a alvos vulneráveis ou dar aos caçadores a pista de onde fica o seu refúgio.
Paradise Lost	Você um dia teve a Fé Verdadeira, aquela capaz de iluminar a noite. Ela se apagou. Isso não é a simples perda de uma vantagem, é uma ferida escancarada na alma. Você sabe como era ser visto à luz do divino, mas agora tropeça fora do olhar de Deus e se afoga na penumbra fria e cadavérica das dúvidas, um rio sem fim à vista.\nSempre que for confrontado com essa perda (segurar um símbolo sagrado, ser chamado a realizar um milagre, entrar numa igreja etc.), faça uma rolagem de Força de Vontade (dificuldade 7) ou perca um dado em todas as ações pelo resto da cena, enquanto a tristeza o domina. Uma falha crítica consome um ponto de Força de Vontade e o abre ao desespero. Ceder a um vício (álcool, drogas, pornografia etc.) pode repor os pontos de Força de Vontade perdidos assim.\nEste Defeito pode ser adquirido no meio da crônica, com a perda da Fé Verdadeira, ou escolhido na criação do personagem como parte de uma história trágica, possivelmente iniciando um enredo de redenção e fé recuperada.
Paranoid	Anos demais no ramo da inteligência fizeram você saber que só é paranoia se eles não estiverem realmente atrás de você. Você desconfia de tudo e de todos — pediria reforços, mas como ter certeza de que eles também não estão no esquema? Você repara em detalhes inofensivos, e cada um deles é mais uma prova da conspiração contra você. Some um à dificuldade de todas as rolagens de interação social.
Paranormal Prohibition or Imperative	Também conhecido como Geasa e Proibição ou Imperativo Mágico, este Defeito representa algo que você precisa fazer, ou está proibido de fazer, sob pena de consequências terríveis. Em geral, esse imperativo vem de um juramento que você fez, de uma maldição que lhe foi imposta ou de um legado que segue a linhagem da sua família. Rancores feéricos, pactos infernais, heranças divinas, profecias antigas, caprichos forteanos da física… qualquer um deles pode lhe impor esse fardo. Enquanto você não cruzar a linha, deve ficar tudo bem – e você pode até possuir alguma bênção (uma Qualidade ou um Antecedente) ligada a este Defeito. Ah, mas a vida tem o dom de nos empurrar a fazer o que não queremos, e isso vale ainda mais para quem carrega uma maldição ou um geas sobre a cabeça!\nO valor deste Defeito se baseia nas suas chances de violar a proibição e nas consequências que ocorrem quando isso acontece:\n(1 ponto) Você só quebra a proibição numa circunstância facilmente evitável (nunca matar um gato, ir a Londres ou transar com alguém casado), ou acha fácil cumprir seu imperativo (raspar todo o cabelo, sair de casa todos os dias ou vestir roupas azuis).\n(2 pontos) Sua proibição é fácil de quebrar (nunca mentir, sair da sua cidade natal ou transar com alguém), ou seu imperativo é difícil de cumprir (cobrir sempre a cabeça, caminhar ao menos cinco quilômetros por dia ou andar descalço o tempo todo).\n(3 pontos) É muito difícil não quebrar sua proibição (nunca falar, ter uma casa própria ou se apaixonar ou desejar alguém), ou honrar seu imperativo (vendar os olhos todos os dias mesmo enxergando, ir a pé a todos os lugares ou permanecer nu o tempo todo).\n(+1 ponto) Consequências inconvenientes – você falha criticamente nas três rolagens seguintes, sofre uma enxaqueca, desenvolve uma erupção na pele por vários dias etc.\n(+2 pontos) Consequências irritantes – você perde a voz por um dia, perde um dado de todas as paradas por uma semana por causa de dor constante, soma +2 a todas as rolagens sociais com membros da sua facção até conseguir expiar a quebra do juramento e assim por diante.\n(+3 pontos) Consequências dolorosas – até conseguir expiar, você fica cego ou mudo, perde um ponto de um Atributo, perde um Aliado, Mentor ou Familiar, adquire o Defeito Quebra-Juramentos (abaixo) ou sofre destino igualmente terrível.\n(+4 pontos) Consequências devastadoras – até expiar, seu Avatar o abandona, você perde um total de três pontos entre vários Atributos, adquire os Defeitos Quebra-Juramentos, Perturbado ou ambos, ou suporta punição semelhante.\n(+5 pontos) Consequências fatais – ou você vai morrer em breve, ou será arrastado para um Reino de punição em Outro Mundo, ou as duas coisas. A expiação, se é que existe, será duríssima, então NÃO quebre este juramento nem abandone este imperativo!\nEste Defeito combina muito bem com diversos Antecedentes (Familiar, Lenda, Vida Passada, Totem, Maravilha e potencialmente outros, a critério do Narrador) e Qualidades (praticamente qualquer uma, a depender de como você define a origem dela). Embora isso não reduza o custo do Traço (apesar da descrição deste Defeito em Mage Revised, que usava um sistema de regras complexo e potencialmente abusável, inexistente nos outros jogos do Mundo das Trevas), uma Proibição/Imperativo pode representar votos, obrigações e/ou legados associados ao Traço benéfico. Se, por exemplo, Riordan Manseragh tivesse feito um juramento místico para conquistar seu familiar espírito-tigre, esse juramento representaria um Imperativo Paranormal, com consequências dolorosas (a perda do Antecedente Familiar) caso ele quebre a promessa.\nSua Proibição/Imperativo precisa estar amarrada à história da sua personagem, e provavelmente tem ligação com os três elementos do foco mágico dela (paradigma, prática e instrumentos). As condições precisam ser algo que possa concebivelmente representar um obstáculo (nada de proibições, por exemplo, de transar com Voormas, nem de imperativos de levantar da cama de manhã), e seu Narrador, claro, fará questão de jogar esses obstáculos no seu caminho em vários momentos da crônica. Dito isso, também pedimos aos Narradores que não abusem deste Defeito, nem o apliquem de forma desproporcional aos pontos que ele vale.\nEmbora seja bastante incomum, um tecnomante também pode ter um pacto ou proibição metafísica. Ela pode, por exemplo, precisar trabalhar num Mac, usar apenas tecnologia a vapor ou inventar toda a própria tecnologia para não sofrer algum mal-estar paranormal. Assim, este Defeito nem sempre é "místico" por natureza, ainda que a linha que separa misticismo de fenômeno paranormal seja mais questão de semântica que de princípios metafísicos.
Parasitic Infestation	Viver no escuro fez de você lar de todo tipo de bicho rastejante e chupador de sangue. Sua pele fervilha de carrapatos, piolhos e sanguessugas das mais variadas espécies. Eles mordem e cavam sem parar e, tendo se alimentado da sua vitae, ficaram muito difíceis de matar. Além de não conseguir comandá-los, você já tentou de tudo para se livrar deles e mesmo assim eles persistem. Seja qual for a razão, acham você tão suculento que reduzem sua reserva de sangue pelo resultado de um dado dividido por 3 (arredondando para baixo) toda vez que você se ergue. A coceira constante também o deixa no limite, aumentando em 1 a dificuldade de qualquer rolagem de Autocontrole ou Instinto.
Path Inept	Você tem um Caminho que simplesmente não compreende. Isso pode se dever a uma maldição, à falta de treino ou a um bloqueio mental. Você precisa escolher um Caminho entre os disponíveis para a sua Afiliação. Ao melhorá-lo, você precisa gastar um quarto a mais de pontos de experiência para elevar os níveis do Caminho ou os rituais. Ele precisa ser um Caminho que sua personagem deseja e pretende estudar.
Permanent Fangs	Suas presas não se recolhem, o que torna impossível esconder sua verdadeira natureza. Embora alguns mortais possam achar que você limou os dentes ou usa próteses, cedo ou tarde você vai cruzar com alguém que sabe o que você realmente é. Você também fica limitado a uma Aparência máxima de 3.
Permanent Paradox Flaw	Depois de um encontro feio com o Paradoxo, você ficou com um Defeito que não vai embora. Em termos de sistema, escolha um Defeito de Paradoxo trivial (dois pontos), menor (quatro pontos) ou significativo (seis pontos), conforme descrito em Mage 20, p. 551. Esse Defeito agora faz parte da vida da sua personagem até que você compre a saída deste Defeito, de preferência com experiência ganha em alguma aventura extraordinária ligada ao Defeito de Paradoxo em questão e ao acidente que o criou.
Permanent Wound	Você sofreu ferimentos durante o Abraço que sua transformação, de algum modo, não conseguiu reparar. No começo de cada noite, você se ergue do sono no nível de vitalidade Ferido, embora isso possa ser curado gastando pontos de sangue.
Phobia	Você tem um medo avassalador de alguma coisa. Aranhas, cobras, multidões e altura são exemplos de fobias comuns. Você precisa fazer uma rolagem de Coragem toda vez que encontrar o objeto do seu medo. A dificuldade é determinada pelo Narrador. Se falhar, você precisa recuar diante daquilo.
Phylactery	Sua magia, talvez sua própria alma, reside fora do seu corpo físico. Talvez você tenha posto sua alma dentro de um anel, de um jarro ou de uma boneca de madeira para se proteger de possessão e controle. Ou talvez acredite que sua varinha, e não sua Vontade, é a fonte dos seus poderes místicos. Você pode ter construído um robô como extensão do seu Gênio, ou confeccionado um casaco no qual instilou a essência de quem você é. O receptáculo em si não importa, exceto quanto à sua portabilidade. Este Defeito representa o fato de que você precisa ter o receptáculo antes de poder usar suas Artes. Sem ele, você é só mais um Adormecido.\nLinguisticamente, filactério vem de uma raiz grega que significa "guardar". Em muitas formas de magia clássica, praticantes punham a alma ou a força vital dentro de amuletos, seja como proteção da alma, seja como recipiente portátil para trabalhos de magia. Judeus ortodoxos às vezes usam tefilin – muitas vezes chamados de filactérios – como lembretes da aliança com Deus. Como Traço de Mage, seu Filactério serve de recipiente para o "deus interior" que permite ao mago mudar a realidade: o Avatar Desperto.\nComo sua personagem enxerga essa relação entre o recipiente, seu eu Desperto e a capacidade de fazer magia depende do paradigma dela. Uma bruxa eslava pode acreditar que tirou o próprio coração e o pôs dentro de um ovo cozido; um cientista louco pode usar teoria de colocação por transposição de consciência para guardar sua genialidade num cérebro dentro de um tanque. A xamã metamorfa investe sua alma numa pele de lobo, enquanto um mago Hermético emprega rituais romanos para trancar sua essência imortal num cajado de ouro. Seu filactério provavelmente é um objeto, mas pode concebivelmente ser um lugar (um bosque, um jardim, uma casa etc.) ou um ser vivo (uma criança, um pássaro, uma árvore, uma inteligência fabricada hospedada num computador central e assim por diante). O ponto central é este: seu mago precisa conseguir acessar fisicamente o filactério para usar a magia das Esferas. E é aí que está o Defeito.\nNo conjunto, um filactério oferece alguns benefícios poderosos em troca de desvantagens bem consideráveis. Do lado bom: ele permite preservar parte da sua consciência fora do corpo mortal. O corpo pode ser destruído, mas sua alma e sua consciência seguem vivas até que o filactério seja destruído. Com Mente 4, você pode projetar essa consciência para outro corpo ou para uma forma astral, enquanto uma personagem com Mente 5/Espírito 5 pode instalar sua consciência Desperta num corpo novo para você.\nSe o filactério lhe for tomado, ou se você for levado para longe dele, pode recuperá-lo, ou voltar a ele, com uma aplicação bem-sucedida da Esfera da Correspondência. A dificuldade desse Efeito de retorno é 4 se ele parecer coincidente a uma testemunha, 5 se for vulgar sem testemunhas e 6 se for vulgar com testemunhas. (Sim, o Paradoxo usual se aplica.)\nUm filactério vivo mantém um vínculo psíquico com você, como se estivessem em contato empático e telepático constante. (Nenhuma rolagem é necessária.) Se o filactério for um lugar, você mantém consciência daquele lugar e pode checá-lo usando Percepção + Prontidão, dificuldade 6. (Para áreas muito grandes, a dificuldade pode ir de 7 a 10.)\nCom o acréscimo da Qualidade "Imortal" no nível de sete pontos, seu corpo físico pode continuar sobrevivendo até que o filactério seja destruído… o que, se você não se importar de ficar sem sua magia por um tempo, pode torná-lo mais ou menos imune à morte, bastando esconder o filactério num lugar seguro. Tradicionalmente, é por isso que muitos magos fazem filactérios: para preservar a vida mortal indefinidamente.\nEnquanto seu filactério estiver seguro e intacto, você permanece imune ao Gilgul e a outros ataques que aprisionam a alma. Seu corpo pode ser possuído, mas sua alma não pode ser roubada nem destruída, a menos que alguém ataque o filactério… caso em que você está ferrado, como descrito abaixo. Para detalhes sobre o Gilgul, veja a entrada correspondente no Capítulo Quatro, pp. 218-220.\nE, se você investir sua alma num lugar, carrega literalmente a essência daquele lugar dentro de si, enquanto uma parte de você permanece sempre lá. Para praticantes de certas formas ancestrais de magia (ou simplesmente para os românticos convictos), essa é uma razão poderosíssima para fazê-lo.\nEsses são os pontos bons. As desvantagens são as seguintes: se o filactério for destruído, sua capacidade de usar magia nesta vida é destruída junto.\nVocê não consegue fazer magia nem recarregar seu Avatar sem alguma forma de conexão física com o filactério. Essa conexão pode ser um portal físico para contato virtual, como um computador que acessa um servidor central, mas você ainda precisa desse portal para alcançar um filactério distante. (Sim, você pode usar a Esfera da Correspondência para chegar a ele, e é sempre considerado a um sucesso de distância do seu filactério ao usar Correspondência para alcançá-lo.)\nSe o filactério for um lugar, você precisa estar naquele lugar para usar as Esferas. Se for um ser vivo, aquela personagem precisa estar ao alcance do toque antes que você possa usá-las. (Explica muita coisa sobre Blofeld e o gato dele, não é?)\nSe você usa o filactério para lançar magia, precisa fazê-lo de forma bem ostensiva – gritando comandos para seu robô hipertecnológico, erguendo sua coroa mística ao alto, abrindo caminho entre inimigos com sua espada demoníaca enquanto brada invocações ao seu deus padroeiro, esse tipo de coisa.\nSe o seu Avatar se comunica com você por meio de um filactério encarnado, você precisa comprar a Qualidade Avatar Manifesto (p. 71) para representar a forma física dele.
Plague of Demons	Não importa o que aconteça, demônios são constantemente atraídos pelos Baali. De vez em quando isso é uma vantagem (Baali com este Defeito têm -1 de dificuldade para convocar um demônio específico), mas na maior parte do tempo esses espíritos nefastos são pura distração. Eles gritam no ouvido da Baali, puxam a roupa dela, mexem nos pertences dela… e sempre no pior momento possível. A personagem sofre +1 de dificuldade em qualquer rolagem que envolva Percepção. Além disso, uma vez por sessão, o Narrador pode converter uma das rolagens da Baali numa falha crítica.
Prey Exclusion	Você se recusa a caçar certa classe de presas. Pode se recusar a se alimentar de traficantes, policiais, contadores ou gente rica — e, se acidentalmente se alimentar de alguém assim, entra automaticamente em frenesi e precisa fazer uma rolagem para não perder Humanidade ou Caminho (dificuldade 7). Testemunhar outros Cainitas se alimentando do objeto da sua exclusão também pode provocar frenesi, a critério do Narrador. Ventrue, por causa das limitações que a fraqueza de Clã já impõe à alimentação deles, não podem adquirir este Defeito.
Primal Marks	Você foi marcado por algum deus, espírito, mito ou outra entidade metafísica… e a marca não é das agradáveis. Talvez você compartilhe a voz anasalada e o humor grosseiro de Papa Ghede, ou o pau grotescamente enorme de Coiote, ou os estigmas sangrentos de Cristo. Basicamente, este Defeito é o avesso da Qualidade Marca do Favor; no seu caso, porém, a marca complica sua vida, torce seu corpo e alerta quem compreende o significado dela. Em certos círculos – digamos, ser marcado por Satã vivendo numa região profundamente religiosa –, uma Marca Primal pode ser questão de vida ou morte. Essas marcas também podem indicar o profundo desagrado da entidade em questão, como a Marca de Caim (em sentido não vampírico) que apartou o Primeiro Assassino enquanto poupava sua vida para uma punição prolongada. Mas, mesmo que a entidade goste de você, essa marca em particular é mais fardo que bênção. Se, por exemplo, você fede a bode e tem os traços pesados e peludos de Pã, isso não vai torná-lo lá muito popular entre as moças… ainda mais se você já for mulher!\nEsse legado desconcertante pode se manifestar como traços animalescos que revelam sua ligação com um espírito totêmico, como descrito na entrada do Antecedente Totem e na seção correspondente do Apêndice I de Mage 20. (Veja pp. 326-328 e 633-636.) Ou a "marca" pode envolver alguma manifestação física do seu Avatar interior. Você pode compartilhar a "cara" arquetípica de uma família notória, como os Bórgias ou os Romanov, mesmo sem ter parentesco com aquela linhagem; ou ter uma semelhança inquietante com alguma besta sinistra mesmo sem ser metamorfo ou amigo de totem. Talvez você simplesmente pareça aquilo que as pessoas imaginam quando dizem feiticeiro, xamã ou bruxa – o que, em muitas culturas, pode ser bem pouco saudável para quem é assim identificado. Em resumo, você parece estranho no sentido literal e inquietante da palavra, e as pessoas notam.\nObviamente, você deve definir a aparência dessa característica e decidir que tipo de reação as pessoas têm ao notá-la. Como este é um Defeito, essa reação deve ser negativa de alguma forma – a "marca primal do Clã Jolie-Pitt" não é exatamente um Defeito, a menos que você esteja lidando com paparazzi. A "marca" também pode ser um tom de voz, um jeito distinto de se mover (como pássaro, como gato, como Papa Legba) ou certa vibração que quase qualquer um percebe. Seja qual for a origem e a manifestação, essas Marcas Primais são evidentes e tendem a persistir mesmo quando o mago muda de forma. As pessoas reconhecem você mesmo quando você preferiria não ser reconhecido, e esse tipo de distinção também pode ser bem pouco saudável.\nEste Defeito combina bem com Antecedentes como Bênção, Destino, Lenda, Vidas Passadas e, como sugerido antes, Totem. Pode ser adquirido como Defeito genético de Aprimoramentos, ou como reflexo de um Avatar especialmente potente. Para uma diversão extra, você pode nem saber por que foi marcado, quem o marcou ou o que virá como resultado da marca. Como em tantos elementos da vida de um mago, essas Marcas Primais podem ser mistérios cujas respostas estão no fim de um Caminho longo e sinuoso… se é que essas respostas algum dia se revelam.
Privacy Obsession	Talvez seja um traço que corre no sangue. Talvez seu senhor rigoroso tenha esculpido essa lição na sua mente e na sua carne. De um jeito ou de outro, você leva ao extremo o respeito Tzimisce pela privacidade. Você precisa de uma rolagem de Força de Vontade (dificuldade 6) para entrar na morada de outro ser sem ser convidado, embora possa recorrer a artimanhas diabolicamente engenhosas para arrancar um convite involuntário. Quando é perturbado no seu refúgio por um hóspede não convidado, precisa de uma rolagem de Autocontrole ou Instintos (dificuldade 7) para evitar o frenesi.
Private Life	Você tem uma vida completamente separada que nenhum outro Cainita conhece. Pode ser sua família mortal, que você transformou em carniçais, ou um canal no YouTube em que você fala por metáforas sobre suas frustrações com a sociedade Cainita. Se descoberta, ela pode levar outros vampiros a acusá-lo de quebrar a Máscara (se Camarilla), de confraternizar com a humanidade em vez de ser um vampiro superior (se Sabá), ou simplesmente gerar paranoia e desconfiança geral sobre por que você guarda segredos tão profundos.
Probationary Member	Tendo desertado há pouco de um grupo ou facção rival, você está em período de experiência no grupo atual. Seus pares esperam que você os traia, e certas pessoas provavelmente já decidiram jogá-lo aos leões por princípio. Sua permanência (possivelmente até sua sobrevivência) depende de fazer tudo certo e nada errado… e com que frequência as coisas realmente saem assim tão bem no mundo real?
Probationary Sect Member	Você é um desertor. Traiu a Camarilla, a Sabá ou outra Seita, e ainda tem muito a provar antes de ser aceito pelos Cainitas para os quais desertou. Outros vampiros o tratam com desconfiança e até hostilidade, e sua reputação pode até sujar a de quem convive com você regularmente.
Problem with Authority	Problema com Autoridade é algo pouco saudável para carniçais ou revenantes de quem se espera serviço sem questionamento. É especialmente problemático para carniçais de mestres violentos ou imprevisíveis, e pode levar um carniçal a abandonar o lado de sua domitora. Muitos carniçais independentes sofrem deste Defeito e continuam sentindo os efeitos da própria desobediência.\nLevado ao extremo, seu carniçal fica argumentativo e indisciplinado, e pode implicar até com as instruções mais simples. Discutir com figuras de autoridade menores na vida dele, como a polícia, tem menos chance de matá-lo, mas pode acabar em prisão ou demissão.\nUsado por: todos os carniçais e revenantes
Profiled Appearance	Você parece um daqueles… sabe, aqueles de quem os "cidadãos de bem" esperam coisa ruim. Dependendo do cenário da sua crônica, isso pode envolver trejeitos, arte corporal, marcas de gênero, traços individuais, herança étnica, modificações cibernéticas ou outros elementos do seu corpo que você não pode remover e provavelmente nem quer "consertar". O problema é que as pessoas ao seu redor vigiam cada movimento seu, criam problemas para você sempre que podem sair impunes e, de resto, lhe causam sofrimento. As autoridades o revistam por princípio, e a maioria não vai se opor ao que elas resolverem fazer com você.\nEmbora tenha relação com o Defeito Social Estrangeiro Cultural (abaixo), Aparência Fichada se baseia nos traços físicos da personagem, e não no comportamento social dela. Ainda que possa ser disfarçada até certo ponto, sua Aparência Fichada não é algo que possa ser removido sem magia, e reflete uma parte essencial da sua identidade. Como Impedimento, ela não carrega julgamento de valor dentro do jogo, mesmo representando o modo como os outros personagens verão você. Se isso parece injusto no jogo, imagine como deve ser na vida real.
Prone to Quiet	Num esforço de desviar dos estresses inevitáveis da vida Desperta, você tende a cair em Quietudes metafísicas (conforme Mage 20, pp. 554-561) com mais facilidade que a maioria dos magos. Quanto mais fácil você cai nelas, mais este Defeito vale:\n(4 pontos) A Quietude é seu contragolpe padrão de Paradoxo, de modo que um contragolpe de cinco pontos ou mais o manda automaticamente para ela.\n(5 pontos) A Quietude é seu contragolpe padrão, e você pode cair nela mesmo sem uma descarga de Paradoxo. Role sua parada de Inteligência + Enigmas quando enfrentar uma situação de estresse fora do comum; se tiver sucesso, consegue raciocinar seu caminho para fora da queda – e, se não, bem-vindo de volta à Quietude… (A dificuldade vai de 6 a 10, conforme a gravidade do estresse e o fato de você já ter ou não lidado com aquele tipo específico de estresse antes.)\nEmbora seja mais notado em Adeptos Virtuais e outros Cidadãos da Rede, que costumam partir para a Teia Digital a fim de escapar do desagrado físico, qualquer mago pode sofrer deste Defeito.
Psi Focus	Seu poder psíquico exige algo além das suas próprias forças mentais para se manifestar, seja sua pena da sorte, um "por favor" bem pedido, ou mimicar a ação que você quer que aconteça. Como Defeito de 3 pontos, você precisa gesticular ou pronunciar um encantamento para o poder funcionar. Como Defeito de 4 pontos, precisa de um foco físico, como cristais, cartas de tarô ou velas. Como Defeito de 5 pontos, o poder só funciona com um foco específico, semelhante ao instrumento único de um mago (Mage 20, p. 588). A versão de 5 pontos também está disponível para feiticeiros menores.
Psychic Vampire	Também conhecida como Toque do Ceifador, esta maldição medonha faz de você um sifão de força vital. Sua presença consome vitalidade do ambiente e dos seres vivos que chegam perto demais. Se você não fizer isso, porém, sua própria força vital definha. Apesar das suas melhores intenções, você é basicamente um vazio ambulante para dentro do qual a própria vida escorre a fim de sustentar sua existência.\nEm termos de história, você é um dreno na energia dos seus companheiros. Insetos e plantas pequenas morrem na sua presença, enquanto crianças e animais menores que um cavalo se sentem mal perto de você. Em termos de sistema, qualquer personagem em contato físico com você por uma hora ou mais perde um nível de vitalidade por hora, em dano contundente. Se você não conseguir absorver a força vital de outra pessoa, porém, é a sua própria vitalidade que se esvai. Em regras, você perde níveis de vitalidade na ordem inversa à da cura de dano letal, caindo para Escoriado após um dia, Machucado após três dias, Ferido após uma semana e assim por diante. (Para detalhes, veja Mage 20, p. 406.)\nSe você usa magia da Esfera da Vida, suas dificuldades para Efeitos de cura ou aprimoramento sobem +2, enquanto as dificuldades para Efeitos de corrupção, dano ou doença caem -2. (Nos dois casos, os máximos e mínimos usuais continuam valendo.) Cada nível de vitalidade que você inflige a alguém com magia da Esfera da Vida cura um nível seu, se estiver ferido, ou então adia a perda por "inanição" dos seus próprios níveis em um dia por nível infligido.\nInversão da Qualidade Centelha da Vida (p. 78), este Defeito escurece sua aura, faz seu sangue ter gosto horrível para os vampiros e mantém seus companheiros próximos constantemente adoentados com males leves. Magos que afirmam a vida consideram isso marca de profundo infortúnio ou de maldade escancarada, enquanto quem ama a corrupção (Nephandi e afins) o vê como candidato maduro para recrutamento. A ciência mundana não pode fazer nada quanto a essa doença metafísica e despreza conceitos vagos como "energias de força vital". A União Tecnocrata, por outro lado, leva esse tipo de coisa a sério e tende a ver vampiros psíquicos como Desviantes da Realidade da pior espécie.\nPara uma aplicação metafísica possivelmente relacionada, veja a entrada Canibalismo dos Instrumentos Expandidos do Capítulo Três, pp. 206-207.
PTSD	Veja Mage 20, pp. 647-648.
Putrescent	O processo sobrenatural que normalmente impede a forma de um vampiro de apodrecer após a morte não funcionou com você. Seu corpo ficou pútrido e frágil, e vai se decompondo aos poucos. Todas as suas rolagens de absorção têm a parada de dados reduzida em 1. Você pode até perder partes do corpo se sofrer um golpe forte o bastante. Se isso acontecer, faça uma rolagem de Vigor (dificuldade 6) e perca uma parte do corpo (à escolha do Narrador) se falhar. Numa falha crítica, você também recebe um nível de dano agravado. Essas partes perdidas podem crescer de novo, mas seu corpo continua apodrecendo.
Ragged Bite	Ao contrário dos seus pares Cainitas, você não consegue selar com limpeza o ferimento causado pela alimentação. Em vez disso, deixa marcas rasgadas e sangrentas que podem infeccionar. Seu alvo precisa fazer uma rolagem de Vigor (dificuldade igual ao dano causado + 5) para resistir à infecção. O impacto de um ferimento tão notável combinado a um alvo doente fica a critério do Narrador. No mínimo, isso complica bastante esconder sua identidade como algo que não seja um monstro.
Rat in a Cage	Sempre que você é encurralado ou fisicamente contido (por uma jaula ou por algemas, por exemplo), sofre ansiedade aguda. As dificuldades de qualquer rolagem feita nessas circunstâncias aumentam em dois.
Rebel	Você ganhou certa infâmia na Sociedade de Leopoldo. Na versão de um ponto deste Defeito, você pode simplesmente ser desprezado pelos superiores, que esperam seu tropeço. Na de dois pontos, você é ativamente detestado e pode esperar pouca ajuda. Na de três pontos, há Inquisidores que odeiam você tanto quanto odeiam os sobrenaturais. Você deve acertar com o Narrador o motivo específico dessa má fama. Tenha em mente que sua reputação é relativa às divisões dentro da Inquisição. Algumas seitas podem acolhê-lo só para irritar as rivais. Por exemplo, embora você possa atrair a ira da Sociedade em geral por estudar as artes feiticeiras de perto demais, pode encontrar aceitação, e até incentivo, entre os Irmãos de Alberto Magno.
Recruitment Target	Alguém numa das organizações inimigas da sua Seita quer você, e quer muito. Todo esforço está sendo feito para recrutá-lo, com ou sem seu consentimento, e os recrutadores costumam aparecer no pior momento possível.
Red List	Você está sendo cogitado para a temida Lista Vermelha, ou já está nela: o registro dos vampiros que a Camarilla mais quer extintos. Qualquer vampiro da Camarilla vai atacá-lo à primeira vista ou, mais provavelmente, chamar um bocado de reforço.
Refined Palate	Muitos Kiasyd se impõem restrições alimentares: recusam-se a se alimentar dos pobres e doentes, ou até dos que ainda vestem pele, ou de quem passe de certa idade. Isso se manifesta de forma semelhante à fraqueza do Clã Ventrue (V20, p. 73), já que o condicionamento torna intragável qualquer sangue fora da preferência do Kiasyd. A gravidade do Defeito depende de quão estreita é a restrição.
Religious Hysteria	Anjos e demônios estão em toda parte! Você os vê. Nota os sinais do plano Divino em cada nuance da vida. O mundo inteiro é um presságio! O Espírito Santo sussurra no seu ouvido o tempo todo. Por que os outros não entendem? Até seus irmãos e irmãs de fé balançam a cabeça enquanto você, sem fôlego, expõe sua mais recente visão sagrada. A diferença entre este Defeito e a Qualidade Extático (veja abaixo) é que as pessoas não levam você a sério. Suas visões acontecem um pouco frequentes demais, são um pouco insustentáveis demais. Subtraia um dado de todas as paradas de dados Sociais. Social
Repelled by Crosses	Você é repelido pela visão de cruzes comuns, por acreditar que são símbolos de poder sagrado. Diante de uma cruz, você precisa fazer uma rolagem de Força de Vontade (dificuldade 9) ou foge do símbolo pelo resto da cena. Numa falha crítica, além de ter de fugir, o toque da cruz pode causar dano agravado (um nível de vitalidade por turno em que a cruz encoste na sua pele). Esse dano não pode ser absorvido, mesmo que o vampiro tenha Fortitude.
Repulsed by Garlic	Você não suporta alho, e o menor sopro do cheiro dele o expulsa de uma sala, a menos que você tenha sucesso numa rolagem de Força de Vontade (dificuldade conforme a intensidade do odor).
Repulsive Feature	Alguma característica física sua afasta as pessoas. Talvez você cheire mal por mais que cuide da higiene, tenha o proverbial "olho gordo", uma voz especialmente irritante, uma condição de pele generalizada ou outra característica física igualmente repugnante. Talvez a mera presença sua faça a pele das pessoas arrepiar, mesmo sem haver nada perceptivelmente feio em você. De todo modo, essa característica desestimula as pessoas a ficarem por perto.\nBasicamente o inverso da Qualidade Traço Encantador, este Defeito representa um elemento ocultável, porém desconcertante, da sua presença física. Ao contrário de Impedimento, este Traço afeta como as pessoas o veem, não como seu corpo funciona. Dito isso, você pode adquirir os dois Defeitos juntos, para representar uma condição fisicamente debilitante que também traga efeitos socialmente constrangedores. A característica em questão não representa feiura geral, como em Monstruoso e Medonho, abaixo; ela se manifesta como uma única distinção física desagradável.\nEm termos de sistema, este Defeito soma +2 de dificuldade às rolagens de Traços Sociais sempre que a característica entra em jogo. Em termos de história, ele o torna fisicamente distinto, a menos que você se esforce para esconder o Traço Repulsivo. Se você mudar de forma, a característica acompanha as outras formas, o que atrapalha tentativas de disfarce. Se ela transcender o sentido visual (por exemplo, um odor desagradável ou uma voz irritante), pode denunciar sua presença mesmo quando você não pode ser visto. Nos dois casos, este Defeito penaliza suas rolagens de ocultação física da mesma forma que penaliza suas interações sociais.\nComo consolo, a característica pode ser usada para assustar ou irritar as pessoas de propósito; nesse caso, a penalidade usual vira -2 na sua dificuldade. Um Traço Repulsivo integrado ao seu foco mágico (de novo, por exemplo, o "olho gordo") oferece os mesmos benefícios instrumentais descritos em Traço Encantador, com o mesmo potencial de mutilação e um incentivo ainda maior para alguém acabar com a sua raça!
Repulsive to Animals	Quando você está por perto, os animais naturais se assustam e entram em pânico. Diferentemente da perturbação normal causada pela presença de Cainitas, os animais perto de você fogem apavorados ou ficam agressivos e violentos, conforme o temperamento de cada um. Isso torna quase impossível montar um cavalo (ou qualquer outra montaria), já que você não consegue acalmar criatura alguma com uma rolagem normal de Empatia com Animais. Você precisa usar as capacidades da Disciplina Animalismo ou dar ao animal um pouco do seu sangue, o que o transforma em carniçal.
Revenant Weakness	Você já fez parte de uma família revenante. Depois do Abraço, passou a sofrer tanto a fraqueza do seu Clã quanto a limitação da sua família revenante (V20, pp. 503-506). O Narrador pode permitir que você manifeste a fraqueza de uma linhagem revenante perdida ou destruída. Isso pode acrescentar mistério ao seu passado e render um pouco de investigação genealógica, o que certamente faria de você uma curiosidade para a Fundação do Legado Romeno.
Ritual Ineptness	Seja porque você se iludiu achando que é algum tipo de psíquico, seja porque foi amaldiçoado com a incapacidade de acumular poder por um longo período, seja porque simplesmente não consegue ou não quer se concentrar em feitos de magia mais demorados, você é completamente incapaz de usar Rituais. Você não ganha Rituais gratuitos ao comprar um ponto de Caminho, não pode comprar novos e é totalmente incapaz de usar Caminhos de "Todos os Rituais" ou "Somente Rituais". Todos os seus efeitos vêm exclusivamente das magias básicas de cada Caminho. Você AINDA PODE, porém, comprar Efeitos Especiais para o Fogo do Inferno.
Ritual Sleeper	A magia não acontece num estalar de dedos. Você é incapaz de manifestar qualquer efeito mágico instantâneo e fica limitado a realizar rituais. Se as regras da sua Afiliação já exigem que a magia venha apenas de rituais, você não pode adquirir este Defeito. Você é considerado um Adormecido se testemunhar um efeito mágico instantâneo.
Rival House	Você pertence a uma Capela (ou Construto, ou o que for) que mantém animosidade antiga com outra organização do gênero. Pode ser uma Capela Hermética rival, um templo cujos membros o consideram herege, uma gangue de rua hostil, uma ordem de artes marciais adversária, um coven que declarou guerra de bruxas ao seu grupo, um Construto que marcou todos vocês para morrer e assim por diante. Esse antagonismo é mútuo, e espera-se que você aja de acordo. A mediação segue improvável, e as coisas podem piorar antes de melhorar… se é que melhorar as relações é sequer possível.\nObviamente, essa hostilidade é pessoal, com raízes fundas na história da sua crônica e dos seus personagens. Grupos de magos em geral não cultivam rancores coletivos sem razões sérias!\nO valor do Defeito depende do poder daquela outra fortaleza e do grau de ódio que ela nutre pelos membros da sua.\n(1 ponto) Rivalidade pequena com uma Capela associada de poder igual ou menor que a sua. Na maior parte, o antagonismo envolve trotes, competição, sabotagem miúda e brigas "amigáveis" ocasionais.\n(2 pontos) Rivalidade significativa (brigas sérias e calúnias, sabotagem pesada) com uma Capela de poder parecido, ou rivalidade pequena com uma Capela tão poderosa que não considera a sua uma ameaça real.\n(3 pontos) Antagonismo mortal entre Capelas mais ou menos equivalentes.\n(4 pontos) Rivalidade significativa entre a sua Capela e uma poderosa o bastante para causar dano sério a ela.\n(5 pontos) Ódio mortal de uma Capela que poderia arrasar a sua se realmente quisesse… e ela provavelmente quer.\nDa versão de três pontos em diante, é bastante improvável que a rivalidade se resolva sem um inimigo comum ou uma interferência considerável de um terceiro ainda mais poderoso. E pode não se resolver nem assim. Este Defeito exige o Antecedente Capela/Construto, mas qualquer personagem com esse tipo de vínculo pode adquiri-lo – ele não se restringe a magos das Tradições e da Tecnocracia. Sua rivalidade também pode cruzar facções: uma Casa Hermética pode manter inimizade antiga com um laboratório Progenitor. Ela pode existir dentro de um único grupo (dois coletivos Eterritas rivais) ou entre dois grupos aparentados que não pertencem à mesma facção; seitas de alquimistas, por exemplo, discutem pelo nome Solificati há séculos, sem fim à vista!
Rival Sires	O avesso de Alvo Escapado: dois vampiros quiseram lhe dar o Abraço. Um conseguiu, o outro falhou — e ela não está nada feliz com esse fracasso. Você, seu senhor de verdade, ou os dois viraram alvo da ira da pretendente frustrada. De todo modo, sua perseguidora sofre +2 de dificuldade para evitar o frenesi na sua presença. Além disso, ela pode muito bem estar trabalhando ativamente para desacreditá-lo ou destruí-lo.
Rivalry	Alguém odeia você tanto que não suporta deixá-lo em paz. A escala deste Defeito é parecida com a do Defeito Inimigo (veja acima), mas seu Rival não quer vê-lo morto. Ele quer apenas tornar sua não-vida o mais problemática e infernal possível. Em valores baixos, o Rival pode até ser um amigo que aparece exatamente no pior momento para roubar seus créditos ou constrangê-lo. Em valores altos, seu Rival perde o sono planejando como deixar sua vida miserável.
Rogue	O mais solto dos canhões, você vai fazer o que bem entender, e que se danem todas as consequências! Você pode até continuar pertencendo a um grupo, mas sua filiação é mais questão de hábito ou conveniência que de lealdade. Como alternativa, você pode ter seguido seu caminho e agora existir num estado nebuloso entre camarada lembrado com carinho e fora da lei declarado. Certos Antecedentes (Requisições e Arma Secreta) lhe estão vedados agora, e outros (Aliados, Reforços, Capela, Recursos e potencialmente muitos mais) ficam difíceis de acessar – talvez até impossíveis – se a ligação deles com você depender da sua lealdade a um grupo. Antigos pares o consideram um risco, e a principal razão de ninguém ter dado cabo de você ainda é que ninguém conseguiu.\nPara operativos Tecnocratas, este Defeito é uma sentença de morte em câmera lenta; para outros magos, pode envolver ameaças parecidas à longevidade, embora muitos Ofícios (fora Templários, Wu Lung e Hippolytoi) e a maioria das Tradições (fora Chakravanti, Akashayana e Ordem de Hermes) adotem uma postura mais liberal com membros renegados. De todo modo, suas relações com antigos aliados estão tensas na melhor das hipóteses (+3 na dificuldade da maioria das rolagens sociais que dependam da boa vontade deles), e você está em termos bastante hostis com os seus supostos (ou antigos) superiores. Alguns magos conseguem viver um bom tempo nesse estado de antagonismo mútuo. A maioria, porém, não.
Romantic Notions	Você acredita que sua existência inteira como carniçal é uma melhora notável em relação à vida anterior, e está convencido de que deve tudo isso à sua domitora. Sente que ela precisa de você, que você morreria sem ela e que cada alimentação é um ato de puro amor.\nQuando sua domitora tenta usar Dominação ou Presença na sua personagem, sua Força de Vontade conta como 2. Este Defeito vale independentemente de como você reaja ao laço de sangue e, sob a influência dele, você pode sentir um amor artificial ainda mais forte pela sua domitora.\nEste Defeito não afeta revenantes, que já nasceram na condição, da mesma forma que afeta carniçais. A critério do Narrador, apenas um revenante que se sinta romanticamente inclinado a um vampiro específico com uso de Dominação e Presença pode adquiri-lo. Carniçais independentes não podem comprá-lo, pois não faz sentido narrativo que se sintam romanticamente ligados a um vampiro específico.\nUsado por: todos os carniçais, exceto os independentes, e revenantes em casos raros.
Rose-Colored Glasses	Chamado com sarcasmo de Óculos Espelhados Cor-de-Rosa entre operativos da Tecnocracia, este Defeito representa uma lealdade um tanto delirante à facção que você escolheu. Basicamente, para você, seu time não erra nunca. A causa deles é justa, o paradigma é inabalável, os atos são necessários dadas as circunstâncias, por mais extremos que sejam. Sua personagem vê quase tudo o que o grupo faz sob a luz mais favorável… o que, considerando o quanto grupos Despertos podem ser terríveis, significa que você está escolhendo fechar os olhos para muita coisa. Confrontado com verdades inconvenientes, você pode ficar francamente irracional, agressivo ou até fanático. E, se um dia for confrontado com verdades que não possa negar, evitar ou caluniar, o choque pode devastá-lo por anos – muito possivelmente jogando-o nos braços de uma facção diametralmente oposta, pela qual nutrirá lealdade parecida. (Veja Mudando de Foco e Lealdade em Mage 20, p. 339.)
Rotten Liar	Cara, você é péssimo em mentir! Não conseguiria contar uma inverdade crível nem se sua vida dependesse disso… o que pode acontecer, então isso é meio que um problema para você. Talvez você seja honesto demais para o seu próprio bem, ou amaldiçoado a dizer a verdade como a conhece, custe o que custar e sejam quais forem suas intenções; ou talvez você simplesmente gagueje ao longo das tentativas de engano, entregando suas mentiras pela linguagem corporal e pelo tom de voz. Seja qual for a razão, some +2 à dificuldade de qualquer rolagem feita ao tentar enganar outro personagem. Sim, a penalidade vale também para enganos mágicos, como ilusões ou controle mental. A honestidade pode nem sempre ser a melhor política entre os Despertos, mas para você costuma ser a melhor opção.
Scales	Set o abençoou no seu Abraço, e você carrega a marca dele. Uma parte da sua pele é coberta de escamas. Como Defeito de um ponto, é uma área pequena e fácil de esconder. Como Defeito de dois pontos, um membro inteiro é coberto, enquanto ter um rosto escamoso e sem lábios é um Defeito de três pontos. Os Rebanhos ficam assustados e perturbados diante das escamas obviamente antinaturais, e os Cainitas têm seus próprios preconceitos contra os Setitas. Todas as rolagens sociais recebem +2 de dificuldade quando as escamas estão visíveis. Essa penalidade não se aplica a interações sociais com outros Setitas.
Sect Enmity	Grupos de magos tendem a ter problemas entre si por natureza. Você, porém, conseguiu irritar uma seita inteira de magos dentro do seu grupo maior. Pode ser uma bruxa Verbena que irritou a Casa Hermética Flambeau (eita), um Terno Preto do lado errado dos Amigos da Coragem, ou uma Lança Vermelha que falou mal da Sociedade da Roda Fantasma e viveu para se arrepender. Embora seus inimigos não tentem matá-lo – vocês estão teoricamente do mesmo lado, afinal –, eles realmente não vão com a sua cara, nem com quase nada em você.\nEm geral, os membros da seita em questão terão o mínimo de contato possível com você e não serão nada cooperativos se precisarem lidar com você. Rolagens sociais feitas com membros desse grupo somam +2 à dificuldade. Você obviamente não pode pertencer a essa seita ao adquirir o Defeito, embora possa concebivelmente aparar as arestas, comprar a saída dele e entrar para o grupo mais tarde. Um jogador pode comprá-lo várias vezes para representar relações ruins com seitas diferentes. Aconselha-se aos Narradores criar alguns personagens recorrentes da seita rival, para dar dentes a este Defeito. Para uma versão mais severa, veja Lista Negra, abaixo.
Seizures	Crises convulsivas tendem a ocorrer em momentos de pressão, e poucos mortais têm existência mais estressante ou aterrorizante que a de um carniçal. A aflição do Defeito Convulsões também pode ser mais pronunciada em famílias revenantes cujos membros sofrem com um caldo genético limitado. Muitos tipos de convulsão podem ser controlados ou atenuados com medicação, depois de exames médicos completos. Contudo, alguns carniçais e revenantes não estão dispostos a arriscar a vida procurando um médico, e essas Convulsões muitas vezes não estão ligadas a uma doença diagnosticada. Este Defeito é efeito colateral dos muitos horrores que carniçais e revenantes testemunham ao longo da vida.\nAs convulsões podem ser desastrosas, especialmente se ocorrerem na presença de um vampiro ou num momento inoportuno. Em qualquer circunstância estressante ligada a combate, ameaças físicas ou verbais, ou à visão de algo aterrorizante e sangrento, a personagem com este Defeito precisará fazer uma rolagem de Frenesi. Um sucesso significa que a crise não foi disparada e você conseguiu recuperar o controle.\nUma falha indica que seu corpo não deu conta do estresse e algo aconteceu. Numa falha crítica, sua personagem sofre uma crise convulsiva generalizada. Ela cai no chão e se debate sem controle por um número de minutos igual ao número de 1s rolados no teste de Frenesi. Seus atos podem acabar ferindo você ou os outros, já que seu dedo pode puxar o gatilho sem querer, ou você pode escorregar e cair. Uma falha comum provavelmente resulta em um apagão até o turno seguinte. Conforme a necessidade da sua história, seu carniçal pode desmaiar e cair, sua visão pode escurecer por alguns segundos, ou seu braço pode tremer sem que você consiga controlá-lo.\nUsado por: todos os carniçais e revenantes
Self-Preservation	Por alguma razão, sua personagem se recusa a cumprir ordens que julgue ameaçadoras à própria segurança e que ponham sua vida em risco. Para carniçais, o Defeito Autopreservação anula o propósito de servir a um vampiro. Se você não pode defender sua domitora, seu valor cai consideravelmente. Um carniçal Vinculado capaz de recusar uma ordem, porém, merece ser vigiado de perto. Este Defeito é também uma das razões mais comuns para um carniçal deixar o serviço do seu mestre e passar a agir como independente.\nRevenantes com senso de Autopreservação podem sentir os efeitos deste Defeito de outra forma. Sua lealdade à família pode ser questionada, já que você é capaz de sacrificar outro parente ou aliado na hora certa. Se você também estiver sujeito ao laço de sangue, sua incapacidade de se "entregar" por completo às ordens de um vampiro pode gerar consequências imprevistas, da experimentação ao escrutínio ainda maior.\nEm regras, toda vez que sua domitora ou seu mestre der uma ordem que ameace sua vida, sua personagem faz um teste de Força de Vontade com +2 de dificuldade. Se tiver sucesso, o carniçal ou revenante pode recusar a ordem. Recusar um comando desses na frente do mestre, porém, costuma render punição severa.\nCarniçais e revenantes espertos tentarão manipular este Defeito a seu favor. Podem tentar cumprir uma ordem arriscada garantindo que não sofrerão dano, ainda que isso nem sempre seja possível.\nUsado por: todos os carniçais e revenantes
Shadow Scarred	Desde que escapou das Terras das Sombras, você luta para se readaptar ao mundo dos vivos. Vê Espectros vorazes em cada sombra. Você precisa rolar Coragem (dificuldade 7) ou gastar um ponto de Força de Vontade sempre que usar Necromancia, pois teme as consequências de tocar o Submundo.
Shadow Walker	O Clã Giovanni está, por natureza, inexoravelmente ligado ao reino além do sudário. Os Giovanni que sofrem deste Defeito estão tão presos às Terras das Sombras que, mesmo entre os vivos, precisam interagir com o mundo dos mortos todas as noites. Para os caminhantes de sombra, os objetos do Submundo são tão reais quanto qualquer coisa do mundo físico. Esses vampiros descobrem que os fantasmas de paredes podem barrar seu caminho, que objetos espectrais podem atingi-los e que os poderes dos espectros funcionam como se o Cainita estivesse do outro lado da Mortalha. Este Defeito é parecido com o poder Mão Morta do Caminho das Cinzas (V20, p. 163), exceto que Caminhante de Sombras está sempre ativo e de forma alguma permite à personagem enxergar além da Mortalha.\nO Narrador pode determinar que certas formações das Terras das Sombras atrapalhem você. A menos que tenha algum meio de enxergá-las, você não vê o Submundo e por isso precisa tatear seu caminho com cuidado — essencialmente um cego submetido à paisagem do além. A critério do Narrador, paredes imateriais ou efeitos ambientais podem restringir seu movimento.
Short	Você está bem abaixo da altura média — 1,50 m ou menos. Você tem dificuldade em alcançar ou manusear objetos feitos para adultos de tamanho normal, e sua velocidade de corrida é metade da de um humano comum.
Short Fuse	Você se irrita com facilidade. As dificuldades para evitar o frenesi são dois pontos maiores. Vampiros Brujah não podem adquirir este Defeito, pois já sofrem de uma fraqueza semelhante.
Shy	Você fica visivelmente desconfortável ao lidar com pessoas e tenta evitar situações sociais sempre que pode. As dificuldades de todas as rolagens que envolvam interação social com estranhos aumentam em dois. Se a personagem virar o centro das atenções num grupo grande, as dificuldades aumentam em três.
Siege Mentality	A agência é sua família e são seus únicos amigos. Você não confia em civis nem em amadores para fazer aquilo que considera o seu trabalho, e políticos e legisladores só atrapalham a sua agência. Você até confiaria em outras agências de inteligência se elas provassem, ao menos uma vez, que conseguem achar o próprio traseiro com espelho e lanterna.\nSua postura tem uma série de efeitos em cascata. Primeiro, você é atrevido e mandão com os "civis", seja um agente do FBI falando com a polícia local, seja um operativo da CIA lidando com uma empresa privada de inteligência. Subtraia dois dados de todas as paradas de Empatia e Investigação ao lidar com amadores da sua área. Segundo, você fica na defensiva perto de outros membros da comunidade de inteligência, mesmo estando supostamente do mesmo lado. Some um à dificuldade de todas as rolagens de interação social com eles. Por fim, se a lei atrapalhar seu dever, você não pensa duas vezes antes de quebrá-la. O Narrador é encorajado a fazer seus superiores lhe darem uma bela bronca pelo desprezo escancarado ao procedimento.
Sire's Resentment	Seu senhor não gosta de você e lhe deseja o mal. À menor oportunidade, ela buscará ativamente prejudicá-lo. Os aliados do seu senhor também trabalham contra você, e muitos anciões podem ter ressentimento pela sua figura.
Sleeping With the Enemy	Você tem algum tipo de ligação íntima com um membro de uma Seita oposta ou de um Clã inimigo. Pode ser um amante, um filho, um amigo ou um contato do outro lado da cerca mas, seja qual for a política envolvida, você mantém uma relação amistosa (ou mais que amistosa) com seu suposto inimigo. Seus laços estreitos com alguém do outro lado seriam considerados traição pelos seus superiores na Seita e, se descoberto, a pena certamente será a morte.
Slow Healing	Você tem dificuldade para curar ferimentos. São necessários dois pontos de sangue para curar um nível de vitalidade de dano contundente ou letal, e você cura um nível de dano agravado a cada cinco dias (além dos cinco pontos de sangue e do gasto de Força de Vontade habituais).
Smell of the Grave	Você exala um odor de umidade e terra recém-revirada, que perfume nenhum consegue disfarçar. Mortais na sua presença imediata ficam desconfortáveis, e por isso as dificuldades de todas as rolagens Sociais para afetar mortais aumentam em um.
Soft-Hearted	Você não suporta ver os outros sofrerem. Evita qualquer situação que envolva causar dor física ou emocional a alguém, a menos que tenha sucesso numa rolagem de Força de Vontade (dificuldade 8). Você precisa ter Humanidade 7 ou mais para adquirir este Defeito — vampiros em Caminhos de Iluminação só podem adquiri-lo com aprovação do Narrador.
Special Responsibility	Pouco depois do seu Abraço, você se ofereceu para alguma tarefa a fim de ganhar respeito e aprovação dos vampiros ao seu redor. Agora você queria nunca ter aberto a maldita boca! Embora não receba nenhum crédito especial por cumprir esse dever, você perderia muito respeito se parasse. A natureza e os detalhes da tarefa devem ser acertados com o Narrador de antemão. As ideias vão de emprestar dinheiro a outros Cainitas a atuar como mensageiro ou até reunir vítimas para ritae (como os Banquetes de Sangue).
Speech Impediment	Você tem gagueira ou outro distúrbio de fala que atrapalha a comunicação verbal. As dificuldades de todas as rolagens que envolvam comunicação verbal aumentam em dois. Este Defeito deve ser interpretado sempre que possível.
Sphere Inept	Um elemento específico da Realidade escapa a você. Por mais dedicado que seja a dominar suas complexidades, esse campo da magia continua sendo um desafio. Basicamente, é o inverso da Qualidade Esfera Natural, descrita acima; uma Esfera custa 130% a mais (arredondando para cima) para ser aprendida que as demais.\nCusto (Esfera comum / Esfera de Afinidade): Esfera nova 13 pts · nível 2: 11/9 · nível 3: 21/19 · nível 4: 32/28 · nível 5: 42/37.\nDe novo, este Defeito só pode ser aplicado a uma Esfera (ainda bem!) e transparece na sua prática e no seu passado. Quem é inapto para compreender, digamos, o Tempo terá uma relação bem torta com horários e pontualidade.
Squeamish	Seu carniçal ou revenante pode até falar bonito, mas nunca esteve perto de violência de verdade. Diante da visão de sangue, você provavelmente não reagirá bem, e pode desmaiar, entrar em pânico ou sair correndo.\nEm situações que envolvam tiroteio, combate sangrento ou uso agressivo de Disciplinas, role Força de Vontade (dificuldade 7). Se a rolagem falhar, sua personagem congela no lugar (se a Coragem dela for maior que o Autocontrole) ou foge do local (se o Autocontrole for maior que a Coragem).\nA critério do Narrador, você pode ser obrigado a fazer um teste de Força de Vontade uma vez por cena cabível. Sua personagem não precisa estar diretamente envolvida na briga; pode ser apenas testemunha de uma facada. Ao acumular cinco sucessos numa mesma sessão, não são mais necessárias rolagens naquela noite de jogo. Uma demonstração especialmente sangrenta de violência, porém, pode exigir nova rolagem, a critério do Narrador.\nNuma falha crítica, seu carniçal fica tão abalado pela cena macabra que não consegue agir pelo resto da cena. Ele fica congelado de choque e pode se sujar ou vomitar em resposta ao medo ou à repulsa.\nUsado por: todos os carniçais e revenantes
Stench	A maioria dos Nosferatu adquire certo odor, mas você fede tanto que até seus irmãos de Clã acham difícil ficar por perto. Sua presença é anunciada pelo seu fedor, o que tira dois dados de todas as rolagens de Furtividade.
Stereotype	Você comprou de cabeça todas as histórias de vampiro que leu e ouviu. Usa capa ou purpurina no corpo, fala com sotaque e, de resto, age de forma caricata. Esse comportamento é constrangedor ao extremo para outros Cainitas, que provavelmente vão isolá-lo ou zombar de você (+2 de dificuldade em rolagens Sociais com vampiros que não compartilhem dos seus hábitos). Você também se destaca aos olhos dos caçadores.
Stigmata	Oráculos costumam ser marcados como mensageiros dos deuses. Suas marcas vêm na forma de ferimentos fantasmas que vertem sangue. O sangramento é leve mas incessante, e lhe custa um ponto de sangue extra todo dia, pouco antes de você despertar ao anoitecer.\nA versão de 2 pontos deste Defeito significa ferimentos fáceis de esconder de olhares curiosos, como nas mãos ou no flanco. Você ganha +1 de dificuldade em todas as rolagens Sociais ao lidar com quem saiba da sua condição.\nA versão de 4 pontos não pode ser escondida com facilidade, como olhos que sangram. A penalidade Social sobe para +2, e um dos seus Atributos também ganha +1 de dificuldade em todas as rolagens, por causa do sangue que verte sem parar.
Stone Tongue	A transformação do Abraço não afetou só a sua aparência. Ela tornou fisicamente difícil você falar de forma correta e clara. Pode ser por causa de uma língua desajeitada, de presas feias ou de um bico de ave de rapina. Seja qual for a causa, você sofre +2 de dificuldade em qualquer rolagem Social que exija falar.
Strangeness	Sua destreza metafísica de vez em quando distorce a realidade na sua presença, mesmo quando você não quer. Coisas esquisitas acontecem quando você não espera, e essas esquisitices parecem ter raiz no tipo de magia que você pratica. Um especialista em Entropia pode sofrer torções de probabilidade e decadência; um curandeiro afinado com a Vida descobre crescimentos e mutações estranhas nas formas de vida ao redor, enquanto um mago dotado em Forças entorta a física nas suas imediações. Esses fenômenos vêm e vão sem sua orientação ou controle. De forma perversa, quanto mais habilidoso você fica na magia, mais fortes ficam essas marés de estranheza.\nEm termos de sistema, o Narrador decide, uma ou duas vezes por sessão, rolar seu Arete contra dificuldade 6. Se tiver sucesso, ele insere alguma ocorrência aleatória baseada numa Esfera que você possui – mais frequentemente, na sua Esfera de Afinidade. A grama pode crescer de repente, espelhos podem rachar, impressões psíquicas podem informá-lo sobre os hábitos sexuais de quem está do seu lado no elevador – esse tipo de coisa.\nSe a rolagem falhar, nada de incomum acontece. Numa falha crítica, porém, um contragolpe de Paradoxo expele um ponto de Paradoxo da sua reserva atual para cada ponto que você tenha na Esfera de Afinidade; ou todo o Paradoxo atual, se você tiver menos que isso na reserva. (Se, por exemplo, Jinx tem três pontos em Entropia mas só um ponto de Paradoxo, o contragolpe dispersa esse único ponto.) Esses contragolpes pequenos não causam grande dano, mas, dada a natureza imprevisível deste Defeito, podem chegar em horas bem inconvenientes.
Stress Atavism	Veja Mage 20, p. 644, e a Qualidade Furioso.
Stubborn Magic	A visão de magia da sua personagem depende fortemente da necessidade de canalizar energia sobrenatural em cada efeito. Você precisa gastar um ponto de Mana para lançar qualquer Magia ou Ritual, e esse primeiro ponto não reduz a dificuldade (os pontos seguintes reduzem, normalmente). Se ficar sem Mana, você não consegue lançar Magias nem realizar Rituais.\nSe você não precisa de nenhum outro foco além do Mana, este é um Defeito de 1 pt. Se ainda precisa dos focos típicos além do Mana, é um Defeito de 4 pts.
Sympathizer	Você expressou publicamente simpatia por alguns dos objetivos e políticas dos inimigos da sua Seita. Suas opiniões abertas sobre o assunto o tornaram suspeito aos olhos da hierarquia da cidade, e você pode ser suspeito (ou preso) por traição.
Taint of Corruption	O mal tem um domínio íntimo sobre você. Seu espírito foi corrompido – possivelmente desde o nascimento, como nos Nephandi renascidos conhecidos como widderslainte – e você é, como dizem os lobisomens, "da Wyrm", queira você ou não. Isso não significa necessariamente que você se comporte de forma maligna.
Territorial	Você é extremamente territorial: demarca uma área específica como seu terreno de caça e reage com agressividade a invasores. Se outro vampiro entrar no seu território sem convite, você precisa fazer uma rolagem de frenesi. Se falhar, ataca o intruso imediatamente e continua atacando até que ele esteja morto ou tenha deixado seu terreno de caça. Você reluta em sair do seu território, exceto em circunstâncias desesperadas.
Thaumaturgically Inept	Alguma coisa em você se recusa a responder à Taumaturgia. A magia simplesmente não funciona para você. Você não pode adquirir nenhuma capacidade na Disciplina Taumaturgia, nem em seus caminhos ou rituais. Para um Tremere, isso é duplamente difícil, já que a habilidade em Taumaturgia costuma ser a chave para uma posição dentro do Clã. Embora alguns escolham de bom grado ignorar os estudos taumatúrgicos e servir de outras formas, a inaptidão nunca é desculpada. Apenas Tremere podem adquirir este Defeito.
The Bard's Tongue	Uma maldição o tornou incapaz de mentir. Ela pode até compeli-lo a dizer a verdade quando você luta para ficar calado. Pior ainda: você tende a dizer coisas que depois se revelam verdadeiras, mesmo sem nada saber sobre elas na hora. ("Não tente conseguir comida com aquele cara ali – ele está armado e tendo um dia muito ruim.") Você costuma fazer certa "cara" quando o impulso de dizer a verdade chega, e quem o conhece já aprendeu a reconhecer os sinais de uma "explosão de honestidade" antes mesmo de você abrir a boca.\nA vida e as crônicas de Mage estão cheias de momentos em que é melhor manter a verdade guardada. Assim, para evitar dizer a proverbial verdade inconveniente (ou pior), você precisa gastar um ponto de Força de Vontade para ficar de boca fechada. Reprimir essa verdade também pode lhe custar um nível de vitalidade em dano contundente, se aquilo que você está segurando for uma daquelas "coisas que realmente precisam ser ditas" mas que não é inteligente dizer naquelas circunstâncias. ("Pois é, Agente Coragem, todo mundo sabe que você joga dos dois lados com todos os grupos – isso não é exatamente um 'segredo', não é mesmo?")
The Eighth	Seu senhor é um dos Sete, os buscadores de Golconda diablerizadores que tentavam garantir que a riqueza espiritual da salvação não se perdesse com a Morte Final deles. Eles o escolheram como sucessor e o prepararam com orgulho para o seu dever sagrado. Você, por sua vez, sorriu diante das mentiras deles, ouviu a baboseira toda e correu para as montanhas na primeira oportunidade. Você é caçado sem trégua, não apenas pelos Tremere, mas pelo seu senhor, pelos outros Sete e por seus vários puxa-sacos. Você precisa ser no mínimo de Nona Geração para adquirir este Defeito.
The Largest Maw	Por causa do tamanho das fileiras de dentes de tubarão do Nagaraja, ele tem dificuldade em se comunicar verbalmente. Fala por entre poças de saliva e às vezes morde os próprios dentes no processo. Isso o torna mais calado que os demais Nagaraja, mas também atrapalha situações em que a fala clara é obrigatória, como discursar ou recitar rituais delicados. Todas as dificuldades de rolagens em que a fala seja fator sobem +2.
Thin Blood	Seu sangue é ralo, fraco, e não o sustenta bem. Todos os custos em pontos de sangue são dobrados (por exemplo, usar Disciplinas ligadas ao sangue ou curar dano), embora você perca apenas um ponto de sangue ao se erguer à noite. Além disso, você é incapaz de criar um laço de sangue, e as tentativas de gerar outros vampiros só dão certo uma vez em cinco.
Thirst for Innocence	A visão da inocência — de qualquer tipo — desperta em você uma sede de sangue terrível. Role Autocontrole ou Instintos, ou entra em frenesi e ataca a fonte da sua fome.
Thirteenth Generation	Por alguma reviravolta estranha do sobrenatural, você foi Abraçado por um membro da Décima Segunda Geração. Seu senhor pode nem ter esperado que isso desse certo, e a coisa certamente preocupa os poderosos, pois você é algo que decididamente não deveria existir. A dificuldade de qualquer rolagem para ativar suas Disciplinas aumenta em um. A critério do Narrador, você também pode enfrentar outras dificuldades aumentadas ao esbarrar em quem tem medo ou desconfiança do que você é. Considere seriamente adquirir também os Defeitos Não Pode Abraçar ou Sangue Fraco.
Throwback	Assombrado por uma vida passada (muitas vezes conforme o Antecedente de mesmo nome, descrito acima), você sofre com memórias terríveis e age de formas que, digamos, não são produtivas para a sua encarnação atual. Talvez você ainda deteste os clérigos que torturaram um "você" anterior por bruxaria 400 anos atrás; o cheiro de carne assando ainda o joga em ataques de pânico. Ou você tem vertigem e surtos de acrofobia por causa daquela vez em que uma encarnação anterior caiu do alto da muralha de um castelo. Você pode escorregar para sotaques arcaicos, línguas estrangeiras ou termos que não são exatamente atuais (nem socialmente aceitáveis) no mundo de hoje. Flashbacks, saltos temporais, comportamento inapropriado – tudo isso faz parte do pacote da vida que você leva agora.\nPara cada ponto neste Defeito, até o máximo de cinco pontos (e dados), o Narrador rolará um dado contra dificuldade 8 quando surgir a possibilidade de uma vida passada afetar a sua vida presente. Quanto mais sucessos, mais aquela vida passada o afeta. Os sintomas dessa "síndrome do atavismo" em geral dependem do capricho do Narrador, mas você pode colaborar com ele para montar uma história (ou várias) das encarnações anteriores de que sua personagem se lembra, e então interpretar sintomas condizentes com elas. Em flashbacks especialmente fortes (três sucessos ou mais), você pode precisar rolar sua Força de Vontade (de novo, dificuldade 8) para conter a reação ao que a personagem recorda.\nDescrito no Guide to the Traditions como Antecedente adverso de Vida Passada, este Defeito é um bom acompanhante daquele Antecedente, do Antecedente Sonho e de outras Qualidades e Defeitos ligados à reencarnação (Almas Gêmeas, Avatar Estilhaçado e Traços semelhantes descritos nesta seção). Com algumas mudanças cabíveis nos sintomas, você também pode descrever o Defeito Atavismo como manifestação de um Antecedente Lenda, ou como memórias de uma vida que remonta a vários séculos. Você preferiria esquecer as coisas que fez, e as que suportou, durante a Conquista das Américas, mas nunca consegue de verdade.
Tic/Twitch	Você tem algum tipo de movimento repetitivo que faz em momentos de estresse, e ele entrega sua identidade na hora. Exemplos incluem uma tosse nervosa, torcer as mãos sem parar, estalar os dedos e assim por diante. Custa um ponto de Força de Vontade se abster do seu tique.
Tortured Artist	Nada é bom o bastante no seu trabalho. Por mais elogios que receba, você só enxerga as falhas e os erros. Isso leva a longos períodos de tédio, o que torna sua produção artística irregular, na melhor das hipóteses. Além disso, você se joga em acordos comerciais e situações sociais com intensidade, o que muitas vezes acaba em decepção amorosa, que gera a dor e a paixão que alimentam sua obra seguinte. Você sofre +1 de dificuldade em rolagens Sociais nas quais esteja sendo elogiado, cumprimentado ou tratado com respeito.
Touch of Frost	Plantas murcham quando você se aproxima e morrem ao seu toque. Seu toque suga o calor dos seres vivos, como se você fosse feito de gelo.
Troublemaker	Praticamente o inverso da Qualidade Santidade (p. 57): você projeta uma impressão de culpa mesmo quando não fez nada de errado. As pessoas o culpam por quase tudo, e as autoridades pegam mais pesado com você do que pegariam se você não parecesse um pequeno merdinha nocivo! Você passa a impressão de pecador nato, não importa como se comporte. Ora, se você vai ser punido faça o que fizer, talvez devesse ao menos se divertir um pouco antes de o chicote descer.
Turncoat	O Vira-Casaca é mais que um simples traidor. Revenantes que adquirem este Defeito traíram mais que laços de amizade: traíram também os laços de família e de dever. Em geral, um revenante com este Defeito decidiu que tem mais interesse em servir aos inimigos da própria família, e tomou as providências necessárias para isso.\nA maioria dos revenantes Vira-Casaca entende as consequências dos próprios atos. Sabe que este Defeito exige que se protejam e se escondam dos antigos colegas; podem até esperar que suas famílias os cacem pela traição. Dependendo da natureza e da profundidade da traição, vampiros aliados podem decidir prestar ajuda na caçada.\nUma revenante Vira-Casaca provavelmente conquistou a confiança dos novos amigos matando um antigo aliado, amigo ou parente, ou entregando informação sensível, como o refúgio de um vampiro (antes) aliado ou as senhas de acesso às finanças e contas da família.\nApesar de estar protegida por um vampiro poderoso, por um Clã, por membros de uma Seita local ou por uma família revenante, personagens com este Defeito sabem que seus problemas estão longe do fim. Os novos aliados provavelmente serão céticos e podem não revelar nada além de detalhes menores. Afinal, se a Vira-Casaca traiu a própria família ou um mestre estando sob influência do laço de sangue, pode fazê-lo de novo.\nEm geral, este Defeito rende mais em personagens envolvidos na política de uma organização maior. As consequências da traição de um revenante — digamos, um Grimaldi revelando segredos sobre o desejo da família de deixar a Sabá — costumam ser amplas e significativas. Assim, carniçais independentes também podem escolhê-lo quando fizer sentido. Um carniçal independente, porém, pode ter dificuldade em achar os aliados necessários para garantir sua sobrevivência, já que a maioria dos vampiros vai querer um laço de sangue com o traidor.\nUsado por: revenantes, alguns carniçais independentes
Twisted Apprenticeship	Alguém lhe ensinou tudo errado. Por alguma razão, o mentor que o apresentou ao mundo Desperto fez um trabalho péssimo, e agora você colhe os frutos. Ele pode ter lhe contado mentiras sobre outros grupos, enchido sua cabeça de besteira sobre a natureza da magia (embora, sejamos honestos, praticamente todo mundo faça isso) ou simplesmente se comportado como um idiota de marca maior e deixado a conta com você. Agora as pessoas o culpam por coisas que você não fez (ou que fez por ignorância), e a má fama e os ensinamentos piores do mentor grudam em você como um fedor capaz de matar deus. Você provavelmente se recupera algum dia, mas sua carreira Desperta começou de forma lastimável.
Unblinking	Seus olhos não se fecham. Nunca. Talvez você tenha deixado sua humanidade longe demais para manter esse tipo de hábito, ou talvez tenha moldado pela carne algum tipo de escama ocular transparente ou membrana nictitante. Sua esquisitice provavelmente deixa observadores atentos desconfortáveis, somando +1 à dificuldade de interações sociais amistosas com humanos, com Cainitas na Humanidade e com outros de sensibilidade mortal.
Uncanny	Por mais discreto que tente ser, você continua notavelmente memorável para quem cruza com você. É o oposto exato de "arcano", e por isso este Defeito foi originalmente descrito como Antecedente adverso do Traço de mesmo nome; em vez de atravessar a vida quase invisível, você se destaca como uma Marca HIT num churrasco Verbena.\nPor que exatamente você é memorável? É um brilho desumano por trás dos olhos? Um tom inquietante na voz? Um miasma metafísico que paira em volta, apesar da sua aparência aparentemente mundana? A grama cresce ou morre na sua sombra? Talvez os cães se encolham ao sentir sua aproximação. Pode haver um zumbido grave na sua presença, como um coro de moscas, ou um crepitar desconcertante de eletricidade que irradia da sua pele, perturbando sistemas elétricos de formas pequenas mas perceptíveis. Seja lá o que faça as pessoas se lembrarem de você, essa faceta da sua presença é um lembrete constante de que você não é como os outros.\nMais uma vez, o valor em pontos deste Defeito depende do quanto ele interfere na sua vida:\n(1 ponto) Você se destaca numa multidão.\n(2 pontos) É bem difícil esconder suas esquisitices.\n(3 pontos) As pessoas se lembram de você muito depois de você ter ido embora.\n(4 pontos) Você dá arrepios nas pessoas só por existir.\n(5 pontos) Você assusta as pessoas só por existir.\nPor natureza, este Defeito representa uma impressão inconfundível. Cada ponto nele acrescenta um dado à parada de quem estiver tentando notá-lo, reconhecê-lo ou furar suas tentativas de furtividade ou disfarce. (Você não achou mesmo que aquelas almas penadas gemendo iam calar a boca só porque você estava tentando passar pelos guardas, achou?) Você pode, porém, tentar encobrir sua presença estranha com uma rolagem de Inteligência + Manha, supondo que tenha algum meio de fazê-lo – é mais fácil esconder olhos vermelhos brilhantes com óculos escuros que fazer aquelas almas penadas sumirem por alguns minutos! A dificuldade dessas tentativas costuma ser 5 + o valor do seu Defeito Estranho; se, por exemplo, a esperta bioconstruto Victoria Carliotti tem dois pontos em Estranho por causa da pele perfeita demais, dos músculos ondulantes e dos olhos impossivelmente verdes, sua dificuldade de disfarce seria 7. Dito isso, este Defeito não aumenta a dificuldade de rolagens sociais e pode, conforme o que você esteja tentando fazer, até reduzi-la (opção do Narrador).\nApesar da natureza potencialmente grotesca deste Defeito, sua estranheza não precisa necessariamente significar que seus traços físicos sejam assustadores. Uma pessoa desumanamente linda ou perturbadoramente comum pode ser Estranha à sua maneira. Este Defeito é ótimo companheiro de diversas Qualidades e Defeitos Físicos – Traço Encantador, Hiperflexível, Medonho e assim por diante – e combina muito bem com Antecedentes como Lenda, Vida Passada ou Totem. (Veja as entradas correspondentes.)\nEmbora o Defeito Ecos possa manifestar fenômenos estranhos parecidos, este aqui representa uma distinção constante e reconhecível. Ainda que provavelmente encarne certos elementos das suas práticas metafísicas, ele não está preso à sua Ressonância nem às suas atividades – é parte inata de quem você é. Sua estranheza pode representar traços físicos (físico avantajado, pele metálica, olhos que refletem a eternidade e assim por diante); esquisitices metafísicas (uma aura sobrenatural, vozes desencarnadas ecoando, um raio de frio ao seu redor etc.); ou companhias bizarras (um desfile de gatinhos de asas cor-de-rosa, borboletas fumegantes, espíritos de coiote uivando ou bichos igualmente inexplicáveis). Basicamente, qualquer torção localizada no rabo da normalidade pode ser considerada sinal da sua natureza Estranha. Por "estranho", aliás, não queremos dizer necessariamente "sobrenatural". A imobilidade antinatural de um Terno Preto, a pele impecável de um Vitorioso, o carisma predatório de um "mágico" do Sindicato – são todos exemplos de tecnologia Iluminada estranhamente inquietante.
Unclean	Seja um traço remanescente da sua vida mortal, seja um efeito colateral infeliz do seu Abraço, sua pele está marcada de tal forma que a maioria dos observadores casuais supõe que você é leproso (ou que ao menos carrega algum tipo de peste). Você pode ter a entrada barrada em grandes cidades, ser expulso da maioria dos estabelecimentos ou ser alvo de tentativas equivocadas de cura ou caridade. Com 3 pontos, você de fato tem lepra (ou outra doença contagiosa e visível). Nosferatu que adquirem este Defeito recebem apenas 1 ponto por ele e sofrem seus efeitos completos (3 pontos).
Uncommon Vitae Preference	Sua fonte preferida de vitae é rara até para os padrões do seu Clã, algo como "só veteranos da Guerra da Coreia", "só juízes federais" ou "só virgens acima dos 40". A dificuldade de todas as rolagens de caça da sua personagem aumenta em +2, até o máximo de 9.
Uncontrollable Night Sight	Sua visão noturna é boa, mas você não consegue desligá-la. Embora enxergue com facilidade nas sombras mais fundas, qualquer luz é quase cegante para você. Você sofre penalidades tanto maiores quanto mais iluminado for o ambiente, na proporção inversa das penalidades padrão para escuridão. Até ficar de pé numa sala bem iluminada é desconfortável para você.
Unconvinced	Você não vê necessidade nas ideologias centrais da sua Seita ou do seu Clã, e disse isso publicamente. Sua posição o tornou suspeito aos olhos dos seus superiores, e pode ter atraído também a atenção dos seus inimigos.
Unholy Stain	Sua alma está manchada de sacrilégio. Alguns nascem ou são Abraçados assim; a maioria ganha a mancha com juramentos perversos e atos torpes. Ao interagir com qualquer mortal, suas dificuldades Sociais aumentam em um, pois as pessoas se sentem antinaturalmente desconfortáveis na sua presença. Além disso, pessoas de fé se sentem compelidas à hostilidade quando estão perto de você. A postura inicial delas é sempre agressiva, e basta pouco para provocá-las à violência. Mortais com Fé Verdadeira o reconhecem à primeira vista, e muitas vezes atacam.
Unlucky	Você é espetacularmente azarado. O desastre segue seus passos. Você é magneticamente atraído pelo infortúnio. Com 1 ponto, chove sempre que você esquece o casaco. Com 3 pontos, é raro você se recuperar de um fracasso com elegância. Com 5 pontos, quase tudo o que você tenta acaba em catástrofe. Um número de vezes por dia igual aos pontos que você tem neste Defeito, o Narrador pode obrigá-lo a rolar de novo uma rolagem bem-sucedida e ficar com o segundo resultado. Sortudo e Azarado não são mutuamente exclusivos mas, para simplificar, a mesma rolagem não pode ser modificada pelos dois ao mesmo tempo. Ou seja: se uma rerrolagem de Sortudo foi usada, o Narrador não pode obrigá-lo a rolar de novo a rerrolagem.
Unproven	De algum modo, você não conseguiu provar que é digno do nome Lasombra. Talvez seu senhor não o tenha testado o bastante, ou talvez a oportunidade de provar seu valor não tenha aparecido. Seja qual for a razão, você não é de fato considerado parte do Clã. Todo trato social com outros Lasombra sofre penalidade de -3 dados. Você também não pode ser escolhido para julgar nas Cortes de Sangue.
Unsanctioned Embrace	Lázaro decretou que nenhum Precursor deveria Abraçar, mas seu senhor não deu ouvidos. Você é irremediavelmente verde e indigno da vitae que corre nas suas veias. Até realizar atos à altura da nobreza do seu sangue, sua existência é evitada como mau agouro. Aumente em dois as dificuldades de todas as ações Sociais que envolvam sua linhagem.
Uppity	Você tem orgulho do seu novo status na Seita — tanto orgulho que abriu a boca demais com outros Cainitas e fez alguns inimigos. Vampiros mais sábios riem de você e creditam sua grosseria à juventude, mas outros o acham arrogante e ofensivo. Esses inimigos vão agir para constrangê-lo ou prejudicá-lo. Além disso, você sofre +2 de dificuldade em todas as rolagens Sociais contra qualquer vampiro que tenha afastado com sua tagarelice — e talvez você nem saiba quem são.\nA critério do Narrador, você também pode ser obrigado a fazer uma rolagem de Força de Vontade (dificuldade 6) para manter a boca fechada sempre que surgir oportunidade de se gabar da sua matilha, do seu Clã ou do seu status.
Vanilla	Meus deuses, como você é inocente! Num mundo cheio de magia sexual e jogos de poder, você é o cordeirinho que se afastou demais de casa. As piadas passam por cima de você, as pistas lhe escapam, e referências a qualquer coisa mais crua que um filme da Disney vão direto para o alto da sua cabeça. Talvez você tenha crescido num lugar isolado, com pais superprotetores; ou talvez esteja em negação sobre o que vê ao redor, porque a vida não pode ser tão distorcida assim… ou pode? De todo modo, agarre-se firme à sua inocência. Uma vez perdida, ela não volta nunca mais!
Vassal of the Clan	Por predisposição natural ou por maldição, você carrega um laço de sangue permanente de um ponto com os de uma Geração abaixo, de dois pontos com os de duas Gerações abaixo e de três pontos com os de três ou mais Gerações abaixo da sua dentro do seu próprio Clã. Esses laços se sobrepõem a qualquer outro laço de sangue que você venha a adquirir em jogo. Isso pode ser um grande risco para membros da Mão, já que o sangue impõe lealdades a vampiros potencialmente perigosos ou, pior, a ideologias heréticas.
Vengeful	Você tem contas a acertar, contraídas ainda em vida ou depois do Abraço. Você é obcecado por se vingar de um indivíduo ou grupo, e essa é sua prioridade absoluta em qualquer situação em que encontre o objeto da sua vingança. Você pode resistir temporariamente à sua necessidade de vingança gastando um ponto de Força de Vontade.
Venomous Bite	Você desenvolveu glândulas de veneno no céu da boca. O veneno é uma neurotoxina virulenta, fatal para mortais, embora Cainitas e outras criaturas sobrenaturais não sejam afetados. Você, claro, é imune. O problema é que você não tem controle nenhum sobre essas glândulas. Ao morder, você sempre injeta o veneno, o que em geral mata as vítimas humanas. Você precisa aprender a se alimentar de outras formas, talvez tirando o sangue de que precisa com uma seringa ou uma lâmina, se não quiser matar toda vez que se alimentar.
Victim of the Masquerade	A máquina de propaganda da Camarilla fez bom demais o trabalho dela em você. Mesmo depois do Abraço, você se recusou a acreditar que era um vampiro. Continua convencido de que há alguma explicação lógica para a sua condição, e passa todo o tempo que pode procurando por ela. Você também tem dificuldade em se alimentar, e pode insistir em tentar comer comida comum. Nenhum desses hábitos faz de você companhia lá muito agradável para outros Cainitas. Este Defeito precisa ser interpretado o tempo todo, e em geral é adquirido por vampiros da Camarilla.
Vitae Sink	Por alguma razão, seu carniçal ou revenante metaboliza a vitae mais rápido que os outros. Você precisa ser alimentado a cada duas semanas, e não uma vez por mês, ou corre o risco de perder todos os Traços sobrenaturais e reverter ao seu estado natural. Poucos carniçais com este Defeito duram além do tempo natural de vida, a menos que seus domitores sejam especialmente devotados a eles. Nesse ritmo acelerado, porém, é provável que alimentações sejam perdidas, e é por isso que este Defeito é mortal para carniçais independentes.\nRevenantes que sofrem de Sorvedouro de Vitae repõem sua vitae natural na metade da velocidade normal.\nUsado por: a maioria dos carniçais e revenantes
Vulgar	Tato é um conceito estrangeiro para você, e sua fama é a de ser áspero e desagradável em geral. Rolagens que envolvam boas maneiras ou situações delicadas sofrem +1 de dificuldade.
Vulnerability	Alguma substância perigosa pode selar a sua ruína. Por causa de uma fraqueza paranormal – uma maldição, um Defeito de Paradoxo, um capricho de crença ou de lenda cultural –, você sofre dano extraordinário daquele material maligno. Talvez você resseque à luz do sol, fuja do cheiro de rosas ou derreta quando meninas insuportáveis do interior jogam água na sua cara. Essa substância em geral não é fatal para a maioria (Desperta ou não), mas é morte em potencial para você.\nSua vulnerabilidade à substância em questão tem dois níveis possíveis: Enfraquecimento, que causa um nível de vitalidade agravado por turno de contato com ela; e Perigo mortal, que causa três níveis agravados por turno de contato.\nO valor deste Defeito se baseia em dois fatores: o quanto a substância fatal é comum e o quanto ela o afeta.\n(2 pontos) Você pode ser mortalmente ferido pelo contato com algo quase impossível de obter (o som da flauta de Pã, uma lasca da Vera Cruz), ou enfraquecido por uma substância raríssima (um pedaço de rocha lunar, o dente de um leão idoso).\n(3 pontos) Ferimento mortal por uma substância raríssima, ou fraqueza causada por algo relativamente escasso e não obviamente nocivo (açafrão, terra de sepultura, penas de corvo).\n(4 pontos) Ferimento mortal por algo relativamente escasso, ou fraqueza causada por uma substância comum (água de chuva, prata, o choro de um bebê).\n(5 pontos) Uma substância comum lhe causa ferimento mortal.\n(+1 ponto) Você morre instantaneamente ao contato com a substância.\n(+1 ponto) A mera presença da substância significa morte instantânea para você.\n(-1 ponto) A substância precisa primeiro causar dano por um ferimento comum (uma facada, veneno ingerido, uma bala de prata) antes de poder feri-lo.\nO dano deste Defeito não pode ser absorvido, a menos que você use algum tipo de armadura apropriada que impeça a exposição à substância. (Sendo dano agravado, ele normalmente já não deveria ser absorvido, mas magos têm meios de contornar essas trivialidades.) Sua história deve trazer a razão dessa vulnerabilidade potencialmente fatal, e ela também deve estar amarrada ao seu foco mágico – um magnata Macho Alfa dificilmente vai arder ao contato com água benta, embora possa ser divertido espalhar um pouco dela por Wall Street só para ter certeza! (Isso certamente explicaria algumas coisas.)
Vulnerability to Silver	Para você, a prata é tão dolorosa e mortal quanto os raios do sol. Você sofre ferimentos agravados de qualquer arma de prata (balas, facas etc.), e o simples toque de objetos de prata o incomoda.
Ward	Magos raramente atravessam a vida sozinhos. E, quando certos companheiros – amantes, filhos, parceiros, pais, amigos próximos, até empregadores – dependem de você, essa falta de solidão pode virar um passivo. Este Defeito representa uma personagem, ou um grupo delas, que exige atenção constante da sua parte. Sua vida é um perigo para elas, e as necessidades delas muitas vezes trazem perigo para você também. Tutelados costumam se meter em encrenca, precisar de resgate e fuçar aspectos da sua vida que você preferia que deixassem em paz. É o amor que o prende ao seu tutelado? O dever? Um juramento? Obrigações familiares? Um trabalho, como guarda-costas, professor ou médico? Seja qual for a razão, cada tutelado é parte essencial da sua vida. A vida dele é a sua prioridade.\nEmbora personagens Tuteladas possam ter uma ou outra habilidade útil, elas são gente não Desperta, e não magos, Gente da Noite, familiares ou outras entidades poderosas. Dito isso, você pode adquirir o Defeito Tutelado para representar um vínculo especial com um Lacaio, um membro do seu Culto ou um dos seus Espiões. Qualidades como Família Solidária ou Amor Verdadeiro (e Defeitos como Problemas de Família) combinam bem com este Traço. Tutelados também não precisam ser humanos – seu cão, seu gato, seu cavalo… um animal que dependa de você também pode ser um tutelado. Você pode adquirir este Defeito mais de uma vez, para representar vários dependentes. Pois é, há razões para os magos evitarem famílias grandes!\nObviamente, cada tutelado é um personagem do Narrador, com todas as agendas e complicações que isso acarreta. Essa pessoa pode não contar como testemunha Adormecida no que toca à sua magia… mas, se você a manteve no escuro quanto à sua vida e à sua natureza verdadeiras, ela ainda pode contar como testemunha ao menos na primeira experiência com esse tipo de "realidade".
Weak Blood	Alguma coisa diminuiu seu vigor sobrenatural e reduziu suas capacidades como vampiro. Onde outros comandam sem esforço os dons de Lilith, você luta. Nenhuma Disciplina que você conheça pode passar de 4. Custa o dobro do normal em pontos de sangue controlar qualquer capacidade vampírica. Você precisa dar a alguém seis goles do seu sangue débil para que essa pessoa vire sua serva, e não tem potência para criar um carniçal nem gerar um filho. Este efeito também cobre as desvantagens do Defeito Não Pode Abraçar (p. 427), de modo que os dois são mutuamente exclusivos.
Weak-Willed	Você é altamente suscetível à Dominação e à intimidação alheia; tentativas de Dominação o afetam automaticamente, a menos que quem use a Disciplina seja de Geração mais alta, e suas dificuldades para resistir a habilidades Sociais como Intimidação ou Liderança, assim como a magias ou feitiços que alteram a mente, aumentam em dois. Seu Traço de Força de Vontade nunca pode passar de 4.
Whimsy	Você fica bobo sob estresse. É uma tática de fuga e, embora esse comportamento possa ser adorável em doses pequenas, sua veia caprichosa acaba ficando meio irritante com o tempo, especialmente para quem tem de lidar com você sacando fantoches de mão no meio de uma discussão ou jogando uvas no decote da sua colega de coven enquanto ela tenta ter uma conversa séria com você. Em situações especialmente tensas, você pode precisar de uma rolagem de Força de Vontade (dificuldade 6) para não fazer palhaçada. Ora, você não consegue evitar, certo, se está só tentando aliviar o clima? Nossa, por que a magia tem de ser tão séria assim…?
Witch-Hunted	As Massas querem você morto. Você foi exposto pelo que é e pelo que pode fazer, e por isso vários grupos não Despertos decidiram eliminá-lo como a abominação em que você se transformou. Esses caçadores podem ser autoridades policiais, grupos religiosos, seitas fanáticas, turbas furiosas, caçadores imbuídos, peões da Gente da Noite… sejam quem forem, essas pessoas representam ameaça séria à sua existência, com poder para acabar com você e determinação para tanto. Suas Artes sozinhas não conseguem detê-los, e um confronto doloroso (ou três) é, infelizmente, inevitável.
Acute Sense	Um dos seus sentidos é excepcionalmente aguçado, seja a visão, a audição, o olfato, o tato ou o paladar. As dificuldades de todas as tarefas que envolvam esse sentido em particular são reduzidas em dois. Esta Qualidade pode ser combinada com a Disciplina Auspícios para produzir uma acuidade sensorial sobre-humana.
Acute Senses	Veja Mage 20, pp. 642-643.
Addictive Blood	Você não apenas trafica narcóticos; pelas bênçãos do Deus Sombrio, você é a droga perfeita. Seu sangue é especialmente delicioso para os outros, Cainitas ou rebanho. Quem provar o seu sangue precisa, em qualquer cena seguinte em que o encontrar, beber de novo ou gastar um ponto de Força de Vontade para evitar as pontadas da fissura. Essa fissura soma +2 de dificuldade a qualquer rolagem Mental ou Social. Setitas com esta Qualidade acham muito mais fácil criar um laço de sangue com um adversário, pois, uma vez provada a vitae maculada, ele fará quase qualquer coisa para bebê-la de novo.
Additional Discipline	Você pode adquirir uma Disciplina adicional (a critério do Narrador) como se fosse uma Disciplina de Clã. Todos os custos para aprendê-la são pagos como se ela fosse nativa do seu Clã. Uma personagem não pode adquirir esta Qualidade mais de uma vez, e vampiros Caitiff não podem adquiri-la.
Advanced Tech	Você tem um dispositivo (ou possivelmente alguns) de projeto avançado. Embora os Brujah Verdadeiros não sejam especialmente bons em inovação, são bons em fazer melhorias. Assim, esse dispositivo não tem funções especiais indisponíveis aos seus contemporâneos, mas funciona bem melhor. Ele reduz pela metade a chance de falha mecânica (como um travamento), e todos os usos são feitos com -1 na dificuldade. O Narrador deve decidir o custo desta Qualidade conforme a quantidade de itens que a personagem tem e o quanto eles são poderosos.
Alcohol /Drug Tolerance	Você bebe todo mundo debaixo da mesa, ou de outro modo aguenta a festa até o último cair. Em termos de sistema, esta Qualidade permite uma rolagem de Vigor (dificuldade 7) para se livrar dos efeitos da intoxicação – talento útil para Extáticos festeiros e Ternos Pretos de couro grosso!\nNa forma de um ponto, esta Qualidade só funciona para drogas "naturais" (bebida, maconha, cocaína etc.), não para concocções sintetizadas em laboratório (LSD, metanfetamina, krokodil etc.). Por dois pontos, porém, ela neutraliza os efeitos psicoativos de qualquer droga, a menos que aquela droga tenha sido criada como veículo de um Efeito mágico baseado em Esferas. (Ou seja, digamos, uma pílula que entrega um Efeito de Vida 3/Mente 3 a quem a toma, ao contrário de uma pílula "comum" que um mago usa como parte dos instrumentos de foco Drogas e Venenos ou Beberagens, Poções e afins, conforme detalhado em Mage 20, pp. 588-600.) Nesse último caso, a personagem precisa usar contramagia; esta Qualidade não ajuda contra tais drogas. Substâncias "Despertas", porém (conforme Mage 20, p. 443), são tratadas como "concocções sintetizadas" mesmo que sejam, em todos os outros aspectos, "naturais".\nPara uma resistência mais ampla a toxinas, veja Resistência a Venenos, abaixo.
Alien Perfection	Você possui uma beleza perturbadora em sua perfeição. As pessoas ficam maravilhadas diante da sua forma impecável, enquanto uma náusea inexplicável sobe sem que percebam. A dificuldade de qualquer rolagem de Aparência é reduzida em três. Uma rolagem de Vigor é exigida de quem passar mais de uma cena na sua presença, se for a primeira vez que o encontram. Uma falha os afasta de você com uma sensação de doença sacudindo o corpo.
Ambidextrous	Você tem alto grau de destreza com a mão não dominante e consegue realizar tarefas com a mão "errada" sem penalidade. As regras de ações múltiplas continuam valendo, mas você não sofre penalidade de dificuldade ao usar duas armas ou ao ser forçado a usar a mão não dominante.
Animal Magnetism	Embora talvez não envolva beleza convencional, você possui um tipo primal de atratividade. Suas rolagens sociais subtraem 2 da dificuldade quando você tenta encantar, seduzir ou de outro modo impressionar alguém apelando à natureza carnal dessa pessoa. Esse benefício normalmente não vale para ameaças ou tentativas de intimidação, embora aplicações espertas de puro apelo sexual possam ser bastante perturbadoras, o que pode render ameaças bem eficazes…
Antitoxin Blood	Embora vampiros costumem ser imunes a drogas e venenos mortais, existem venenos sobrenaturais capazes de afetar a fisiologia Cainita. Um Ravnos com esta Qualidade é imune a todas as formas de droga e veneno, inclusive às peçonhas e toxinas de criaturas sobrenaturais ou criadas por poderes sobrenaturais.
Apostate (Modern)	Desde sua origem, os Baali Nergali subvertem membros de outros Clãs para as próprias fileiras. Conhecidos como Apóstatas, os iniciados são primeiro drenados por completo por um senhor de ninho Baali, que então extrai o coração ainda batendo de uma vítima mortal, o enche com o próprio sangue e o enterra numa poça de vísceras dentro de um Poço de Sacrifício. O iniciado nada por entre os corpos desmembrados e os restos viscosos para achar e consumir o coração. Assim, os Nergali não fazem vítimas daqueles que Abraçam; os candidatos precisam conquistar aquilo pela força de vontade.\nApóstatas trocam uma Disciplina de Clã por Daimoinon, mas em troca ganham a fraqueza de Clã Baali somada à sua fraqueza de Clã original. Eles ainda passam com relativa facilidade por membros dos Clãs de origem, mas qualquer filho que Abracem é indistinguível de um Baali comum. Além disso, esse filho não compartilha nenhuma das Disciplinas ou fraquezas de Clã do antigo Clã do senhor, salvo as Disciplinas inatas dos Baali. Apóstatas não perdem níveis na Disciplina que escolhem trocar por Daimoinon, mas níveis futuros nela são comprados a custo de fora de Clã. Baali não podem adquirir esta Qualidade.
Arcane	Alguns vampiros têm uma estranha capacidade de escapar da atenção, que se manifesta como uma aura de esquecimento. Quem tenta se lembrar do vampiro sente algo como um jamais-vu. A capacidade pode ser desenvolvida de propósito, ou o Cainita pode simplesmente ser comum demais para chamar atenção. Embora não se pareça com Ofuscação, Arcano não ajuda em situações de combate — o vampiro não some literalmente. Contudo, quem estiver procurando por ele pode muito bem falhar, já que ninguém se lembra dele nem consegue dar uma descrição confiável.\nCada ponto adquirido subtrai um dado de qualquer parada usada para localizar ativamente o vampiro ou recordá-lo. Quem tem esta Qualidade pode escolher "desligar" Arcano, se quiser. Sendo um traço passivo, ele não ajuda em rolagens de Furtividade nem em outras tentativas explícitas de se esconder. Se você tiver qualquer ponto em Status ou Fama, Arcano deixa de funcionar enquanto você os possuir.
Artistically Gifted	As Musas fazem sua vontade por meio de você, ou pelo menos é o que parece. Sempre que empregar seu talento artístico (ou seja, o Talento Arte, em Mage 20, p. 275), reduza a dificuldade dessas rolagens em -2. Como em outras Qualidades do gênero, esta não reduz a dificuldade das rolagens de conjuração mágica, mas pode reduzir a dificuldade de rolagens de Atributo + Habilidade envolvidas em atos mágicos. (Para mais detalhes, veja Habilidades que Ampliam a Magia, Mage 20, p. 533.)
Aura of Command	Seja porque você é bom em berrar ordens, seja porque tem simplesmente um tom autoritário, as pessoas tendem a fazer o que você manda. Você não é tanto um líder nato quanto um comandante nato. Ao usar a perícia Liderança para fazer os outros lhe obedecerem, a dificuldade é reduzida em dois.
Avatar Companion	De vida em vida, você divide um pedaço do seu Avatar com um companheiro que o segue pelas encarnações e se lembra dos detalhes melhor que você. Embora não seja tão poderoso quanto você, e não tenha a destreza metafísica das Qualidades Alma Gêmea ou Avatar Estilhaçado (acima), esse companheiro sabe muita coisa sobre o seu eu reencarnado… bem mais que você. Esse personagem leal (nem sempre agradável) literalmente o acompanha pela vida inteira, em geral encerrando a própria vida quando a sua termina; enquanto isso, ele oferece percepções, conselhos, informações sobre vidas anteriores e qualquer outra ajuda que possa dar. Como a Qualidade Anjo da Guarda, o Companheiro de Avatar é basicamente um empurrão ambulante do seu Narrador, sujeito aos caprichos dele mas agindo em favor dos seus interesses… na maior parte do tempo, pelo menos.\nA menos que seja comprado junto do Antecedente Aliados, seu companheiro não tem nada de especial; pode ser uma pessoa ou um animal, mas não um vampiro, um metamorfo ou outra entidade da Gente da Noite. Ele também pode ser um Tutelado, o objeto de um Amor Verdadeiro ou talvez a encarnação de um Avatar Manifesto. Trate-o mal o bastante e ele pode virar um Inimigo. (Veja as entradas correspondentes.) Como em todo Traço baseado em personagem, esse companheiro tem personalidade, desejos e assim por diante. Ele pode ser leal, mas não é suicida, e dificilmente ficará contente se o mago decidir abusar dessa lealdade!
Backup Identity	A maioria dos agentes monta uma ou duas identidades de fachada, completas com histórico e documentos de apoio. Você foi além e tem uma identidade de fachada que sua agência desconhece. Ela tem documentação completa, incluindo registro civil e passaporte, conta bancária e até um pequeno apartamento no nome dela. Ao contrário da maioria das fachadas, nada liga você a essa identidade reserva, o que a torna muito útil quando você precisa trabalhar por fora e como carta de fuga quando as coisas apertam.\nEsta Qualidade fornece apenas a documentação e a garantia de que as agências de inteligência não conhecem seu álter ego. Você ainda precisa do Antecedente Identidade Alternativa se quiser desempenhar o papel de forma convincente.
Bardic Gift	Abençoado com uma inspiração fora do comum, você cria obras profundamente evocativas. A verdade ecoa nas suas palavras, arde na sua tela, ressoa no canto, fala em silêncio na dança. Embora a técnica artística seja, claro, importante, este dom vai mais fundo que a mera técnica. A arte é sua paixão, seu espírito, sua Verdade. E essa Verdade se manifesta em qualquer arte que você siga, até e inclusive as Artes Mágicas.\nAo fazer uma rolagem com o Talento Arte, reduza a dificuldade em -2. Mesmo quando a tentativa fica aquém das suas expectativas (ou seja, quando você falha na rolagem), suas criações carregam um brilho inconfundível de genialidade e uma expressão sobrenatural de Verdade. Embora você não seja obrigado (como jogador) a usar a arte como parte do seu foco mágico, é bem provável que a sua abordagem da magia traga elementos de pintura, dança, música e outras manifestações de expressão artística.
Benevolent Domitor	Por razões que você desconhece, seu domitor gosta de você. Talvez seu serviço tenha sido exemplar, ou talvez você simplesmente lembre a seu mestre um amor do passado. Dada a natureza alienígena da mente de um vampiro, você pode nunca ter certeza, mas não reclama dos benefícios que ganhou com os sentimentos dele por você.\nVocê se sente seguro sob os cuidados do seu mestre e não teme passar noite após noite cumprindo suas obrigações. Seu domitor o trata com certa compaixão fingida e não põe sua vida em risco à toa. Ao contrário da relação entre outros mestres e seus carniçais, esta Qualidade não representa uma fase passageira. Você já provou seu valor ao seu mestre. Assim, a relação de vocês se parece com a amizade entre um ótimo chefe e seu funcionário.\nEmbora esta Qualidade determine como seu domitor o trata, ela não garante que você jamais se indisponha com ele. Você pode, a critério do Narrador, perder o direito de mantê-la, se seus atos com o tempo justificarem essa decisão.\nPré-requisito: Antecedente Domitor. Usado por: carniçais da Camarilla, alguns carniçais da Sabá
Berserker (Mage)	Veja Mage 20, p. 644, e o Defeito Atavismo de Estresse.
Berserker (Vampire)	Você tem a capacidade de entrar voluntariamente num estado de fúria berserk por uma cena. Enquanto está nesse estado, você ignora as penalidades de ferimento e reduz em -3 a dificuldade de todas as rolagens de combate, exceto esquivas. Você também não pode realizar ações complexas além de combater, esquivar ou correr. Social
Bigger Boys Came	Quando alguém usa seus contatos em proveito próprio, você pode tentar usar os seus para passar por cima. Talvez consiga que um editor engavete a matéria de um repórter, ou que um chefe de gangue impeça seus capangas de derrubar um rival. Para isso, você precisa fazer uma rolagem de Manipulação + Contatos (dificuldade 8). Se obtiver mais sucessos que o valor de Contatos do seu oponente, os contatos dele não respondem ao chamado.
Bioluminescence	Talvez por perícia biológica, talvez por destravar algo primordial dentro de si, você acessou os segredos da bioluminescência. Usando a Vicissitude, você pode conceder a si mesmo (por Semblante Maleável) ou aos outros (por Moldar Carne — ambos conforme V20, p. 241) a capacidade de emitir um brilho suave. Com controle muscular e prática, você domina a cor e o padrão da luz. Isso pode acender um brilho suave no escuro, criar exibições belíssimas ou até funcionar como forma primal de comunicação. Alguns Demônios concedem bioluminescência a seus carniçais ou filhos, desenvolvendo com seus servos e ninhadas uma linguagem sem palavras, inquietante em suas nuances. Apenas personagens com ao menos um ponto de Vicissitude podem comprar esta Qualidade.
Blasphemous Pact	Num passado recente ou há muito tempo, você firmou conscientemente um pacto com um ser de maldade absoluta. Fosse ele um demônio de imenso poder, um ceifador querendo reclamar sua alma ou algum monstro maior em busca de conhecimento em troca da sua bênção torpe, o pacto lhe rendeu um presente. Esse presente permite conter, até certo ponto, a Maldição de Caim. Talvez ele lhe permita andar de dia sob abrigo. Talvez você consiga comer carne crua, ainda escorrendo sangue. Talvez o dom lhe permita procriar. A natureza sombria do pacto significa que tudo isso tem um preço. A entidade com quem você se associou tomará, numa noite qualquer, tudo o que você tem, e o levará à ruína. Destruirá todas as suas relações, toda a sua reputação e todo o bem que você conquistar. Reclamará sua alma e, provavelmente, a alma de quem está perto de você. Converse com o Narrador sobre a natureza do seu presente. Ele decidirá o preço que você terá de pagar.
Blessed by St. Gustav	Muitos Ventrue antitribu trocam sua afinidade tradicional com Presença por aptidão em Auspícios, por meio do ignobilis ritus conhecido como a Prece a São Gustav. Pela sua piedade e devoção à causa da Sabá, você foi especialmente abençoado e tem afinidade com as duas Disciplinas.\nSistema: esta Qualidade é idêntica à Qualidade Disciplina Adicional, de V20, p. 494, exceto que só pode ser usada para acrescentar Auspícios como quarta Disciplina de Clã. Apenas Ventrue antitribu podem adquiri-la.
Blood Flaw Immunity	Você descobriu que é resistente às fraquezas de Clã ou linhagem presentes no sangue que bebe. Sua domitora pode ser uma Nosferatu de Geração baixa, que vive nos esgotos porque sua aparência é medonha, e ainda assim a sua aparência não muda. Se membros dos Clãs Tremere ou Tzimisce souberem da sua Imunidade a Fraquezas de Sangue, você pode virar alvo de estudos. Afinal, se a biologia de um carniçal é tal que ele não sofre tanto quanto seu domitor, certamente existe uma "cura" para as fraquezas presentes no sangue de cada Clã ou linhagem.\nEsta Qualidade deixa de valer se seu carniçal ou revenante for Abraçado.\nUsado por: todos os carniçais e revenantes
Blooded by the Code	Iniciada por um verdadeiro Guerreiro Salubri, e não por um mero membro da linhagem, a jovem Ciclope possui um poder sobrenatural muito além do que teria de outra forma. Ela pode comprar e usar o poder de Disciplina Canção do Sangue a custo normal (40 pontos de experiência), independentemente da Geração. Nenhum outro poder da Disciplina Valeren pode ser comprado, a menos que a Salubri se qualifique para ele por outros meios. Além disso, seu Status conta como dois pontos mais alto ao interagir com outros Salubri.
Blush of Health	Você parece mais saudável e corado que os outros vampiros, o que lhe permite se misturar à sociedade humana com muito mais facilidade. Você mantém a cor de um mortal vivo, e sua pele é apenas ligeiramente fria ao toque.
Boon	Alguém lhe deve um favor. O vampiro em dívida com você pode ser o mais reles neonato da cidade ou a própria Príncipe; tudo depende de quantos pontos a Qualidade custa. Você tem direito apenas àquele único favor (a menos que adquira a Qualidade várias vezes), então usá-lo bem é da maior importância. Dependendo do status e de outros fatores, o vampiro que lhe deve o favor pode ter ressentimento da dívida e fazer questão de "quitá-la" cedo — chegando ao ponto de criar situações das quais precisará "resgatá-lo", limpando assim a conta.
Brahmin	Como membro do jati Brâmane, você é sacerdote, artista, professor ou outro pilar da sociedade. Talvez guarde o saber do Clã, talvez atue como conselheiro de outros Ravnos em busca de sabedoria. Uma vez por sessão, se falhar numa rolagem de Acadêmicos ou Expressão, você pode rolá-la de novo imediatamente.\nVocê não precisa comprar esta Qualidade para ser membro do jati Brâmane, mas só membros do jati Brâmane podem tê-la.
Broken Bond	Você já esteve preso por um laço de sangue, mas se soltou da coleira em segredo, e está livre para agir como quiser mais uma vez. Seu regente não faz ideia de que você não está de fato vinculado e continua a tratá-lo como se estivesse. A critério do Narrador, a experiência de ter sido vinculado uma vez pode torná-lo imune a jamais ser escravizado de novo. Vampiros da Sabá não podem adquirir esta Qualidade.
Bruiser	Sua aparência é suficientemente de capanga para inspirar medo (ou pelo menos desconforto) em quem o vê. Embora você não seja necessariamente feio, irradia uma ameaça silenciosa, a ponto de as pessoas atravessarem a rua para não passar perto de você. Todas as rolagens de Intimidação contra quem não tenha demonstrado superioridade física sobre você recebem -1 de dificuldade.
Bullyboy	Você faz parte do esquadrão de brutamontes que o Xerife ou o Bispo local aciona quando precisa de músculo. Por isso, você participa de ações que os outros perdem por completo, marca pontos com quem está no poder e vez ou outra tem a chance de agir fora da lei. Até onde você pode ir depende das circunstâncias e do quanto o vampiro a quem você se reporta gosta de você.
Burning Aura	Para quem consegue percebê-la, sua aura arde com brilho e clareza impressionantes. Até quem não enxerga essa coroa luminosa de energia percebe que você é "diferente". Entidades capazes de ler sua aura reagem de acordo; algumas o tratarão com respeito incomum, outras o verão como uma bela refeição. A natureza da sua aura não pode ser escondida com facilidade (+2 na dificuldade de qualquer tentativa) e, embora isso seja uma desvantagem terrível para, digamos, um Nephandus, pessoas que valorizam a integridade franca podem reduzir suas dificuldades em 2 ao tentar causar uma impressão condizente com essa aura vívida, diante de personagens capazes de percebê-la.\nSupondo que você use estes Traços opcionais, sua Ressonância e sua Sinergia ganham, cada uma, um vívido acréscimo de um ponto por esta Qualidade – veja o Capítulo Três, pp. 133-134. Para cores e tons de aura, veja Mage 20, p. 507.
Call of the Sea	Há algo no mar que faz você se sentir em casa. Você está em sintonia com as marés e o ritmo do oceano. Quando estiver num barco no mar ou num rio, você acrescenta um dado a todas as suas paradas de dados, exceto às de Disciplinas.
Calm Heart	Você é naturalmente calmo e não perde a cabeça com facilidade. Recebe dois dados extras ao tentar resistir a um frenesi. Brujah não podem adquirir esta Qualidade.
Cast-Iron Stomach	Você come mais ou menos qualquer coisa sem ter ânsia. Insetos se contorcendo, gosma sintética, uma carcaça recém-estripada com as vísceras ainda penduradas… ora, é tudo comida, então mande ver! Qualquer coisa que você consiga fisicamente devorar e digerir está liberada. Esta Qualidade não o protege de forma alguma dos efeitos dessas substâncias (carne podre ainda pode envenená-lo), mas você segura no estômago uma refeição que faria a pessoa comum vomitar só pela proximidade… um dom especialmente útil se você tiver o Defeito sobrenatural Fome Bizarra (veja p. 87).
Catlike Balance	Você tem um senso de equilíbrio inatamente perfeito. Personagens com esta Qualidade reduzem em dois as dificuldades de todas as rolagens ligadas a equilíbrio (por exemplo, Destreza + Esportes para andar por uma saliência estreita).
Celestial Affinity	Você se dá especialmente bem com certo tipo de entidade espiritual. Conforme a sua prática, pode se entender bem com espíritos da natureza, Cortesãos da Alta Umbra, entidades da Teia Digital, os Mortos Inquietos, os Loa, seres angelicais ou demoníacos e assim por diante.\nAo lidar com entidades de uma única categoria escolhida, você reduz em -2 a dificuldade das suas rolagens de convocação e negociação. (Veja a seção sobre Convocação, Vínculo, Barganha e Proteção em How Do You DO That?, pp. 90-95.) Esse bônus não vale para tentativas de vincular ou barrar tais seres, pois se baseia em boa vontade, não em força. Vale, porém, para as rolagens de Arete ao lançar o Efeito de convocação (dentro dos limites normais de modificador, como sempre), porque as entidades em questão ficam mais inclinadas a aparecer quando você as chama.\nPor três pontos adicionais por categoria, você pode acrescentar outra categoria de espíritos, supondo que sua prática favoreça afinidade com eles. (Um "caça-fantasmas" da DPC dos Engenheiros do Vazio, por exemplo, não poderia comprar Afinidade com fantasmas, embora um necromante certamente pudesse.) Se você abusar dessa boa vontade, como se pode imaginar, tanto o bônus quanto a Qualidade somem – e podem acabar substituídos por um Defeito como Inimigo Imortal (p. 93), se o seu mago se comportar de forma especialmente tola.
Celestial Attunement	Você sabe por instinto que horas do dia são e consegue estimar com precisão o horário do nascer e do pôr do sol, com alguns minutos de margem. Com um momento de concentração, também consegue estimar a posição das estrelas, mesmo sem a ajuda de uma carta celeste.
Chorus Trained	A personagem aprendeu a usar a Fuga para se sintonizar com suas irmãs e trabalhar em conjunto com muito mais eficiência. Por 3 pontos, esta Qualidade lhe dá 2 dados extras em qualquer parada de Melpominee ao usar o poder junto de outra personagem que também a tenha. Por 5 pontos, os 2 dados de bônus podem ser somados a qualquer ação realizada em parceria com quem tenha esta Qualidade, como fazer arte ou até lutar lado a lado.
Circumspect Avatar	Você nunca viu seu Avatar e provavelmente duvida que tal coisa exista. Claro, você tem uma sombra, e um reflexo, e talvez um cachorrinho que o segue desde a infância e não parece mais velho, mesmo devendo ter morrido de velhice anos atrás — mas um Avatar? Que nada, isso é papo de hippie da Nova Era! Você ainda não encontrou nada disso, não sai por aí em "buscas", ou seja lá como chamam, e obtém suas percepções metafísicas do mesmo jeito que qualquer pessoa normal: por meio dos acontecimentos cotidianos do mundo cotidiano.\nBasicamente, esta Qualidade concede um Avatar "silencioso" – um que, por alguma razão, não persegue nem guia sua personagem, apenas deixa pistas, deixas e indícios que a maga decifra ou não por conta própria. Buscas e Epifanias acontecem no plano físico, em geral como enigmas e dilemas ligados a questões que a maga precisa resolver para avançar ao próximo nível de compreensão. Nessas situações, o Avatar pode até aparecer (possivelmente até se manifestar – veja a Qualidade Avatar Manifesto, p. 71), mas apenas como alguma pessoa, criatura ou coisa aparentemente mundana, nunca como entidade obviamente paranormal. Você pode, por exemplo, receber uma ligação da sua mãe que o joga num humor introspectivo que, por sua vez, o leva a decifrar um enigma importante do seu passado; a mãe, claro, nega ter ligado. Hum. Então de quem terá sido aquela ligação? Ou será que você apenas a imaginou?
Clan Apostate	Tendo passado pelo Rito de Apostasia Baali, você agora pertence a uma ninhada. Troque uma Disciplina de clã por Daimoinon, mas ganhe também a fraqueza de clã Baali além da sua fraqueza de clã original. Você ainda passa por membro do seu antigo clã com relativa facilidade, e qualquer um que você Abrace também pertencerá ao seu clã de origem. Você não perde níveis na Disciplina que escolheu trocar por Daimoinon, mas níveis futuros nela são comprados a custo de fora de clã.
Clan Friendship	Um Clã em particular (que não o seu) tem uma simpatia especial por você. Você pode ter feito um favor ao Clã inteiro em algum momento, ou talvez seja apenas uma voz alta em apoio aos objetivos deles. Seja como for, você tem -2 de dificuldade em todas as rolagens Sociais amistosas envolvendo membros daquele Clã. Claro que a reação que sua relação aconchegante com outro Clã provavelmente vai provocar nos líderes do seu próprio Clã é uma lata de minhocas totalmente diferente.
Clear Sighted (Hunter)	Você enxerga através de todos os níveis de Ofuscação, Quimerismo e outras Disciplinas ou poderes sobrenaturais aparentados dos Cainitas, com uma rolagem de Percepção + Prontidão contra o nível do poder adversário + 3.
Clear Sighted (Mage)	Mesmo sem usar suas Artes, você tem um dom sobrenatural de ver as coisas como elas são, e não como parecem ser. Ilusões, disfarces, magias de ocultação e outras formas de embuste raramente enganam seus olhos.\nEm termos de jogo, você pode fazer uma rolagem de Percepção + Prontidão para enxergar através de poderes metafísicos de engano: Disciplinas vampíricas, cantos feéricos, Dons de metamorfos, ilusões baseadas em Esferas e outros poderes que se apoiem em enganar a percepção de quem vê. Essa rolagem só funciona contra poderes que enganam a percepção do alvo, e não contra qualquer outra forma de Dom, Disciplina, canto e assim por diante. (Ofuscação vampírica, por exemplo, mas não Presença ou Dominação.)\nA dificuldade dessa rolagem costuma ser 5 + o Nível de Esfera mais alto ou outro nível envolvido no poder; uma ilusão de Forças 2/Primórdio 2, então, seria dificuldade 7, enquanto a Máscara de Mil Faces de um vampiro (Ofuscação 3) seria dificuldade 8. Se a personagem normalmente teria direito a uma rolagem para enxergar através da ilusão (como mostrado em How Do You DO That?, pp. 129-132), então ela subtrai -3 da dificuldade ao tentar.\nSua visão clara também reduz sua dificuldade em -3 quando você tenta enxergar através de um disfarce, de uma magia ou dispositivo de ocultação, ou de outras tentativas de esconder a verdade de um observador. Ela não permite, porém, enxergar no escuro, notar personagens furtivos ou invisíveis, nem perceber de outro modo algo que você não conseguiria ver sem esta Qualidade; combiná-la com a Qualidade física Sentidos Aguçados, contudo, pode fazer de você uma personagem formidavelmente perceptiva.
Clear-Sighted	Sua personagem não se deixa enganar facilmente por ilusões. Diante de uma ilusão sobrenatural, como as criadas por Ofuscação, Quimerismo e afins, você pode fazer uma rolagem de Percepção + Prontidão (dificuldade igual ao nível do poder adversário + 3) para que ela enxergue através do efeito.
Cloak of the Seasons	O tempo adverso não o incomoda. Independentemente da roupa que use, ou da falta dela, você é essencialmente imune aos efeitos da exposição a climas rigorosos, como descrito em Mage 20, p. 435. Você ainda precisa comer, beber e respirar – esta Qualidade não o salva de morrer de fome ou sufocado – e obstáculos climáticos (neblina, ventos fortes, montes de neve, gelo etc.) o atrapalham tanto quanto atrapalham qualquer um. Fora ataques diretos dos elementos, porém, você permanece intocado por extremos de temperatura e clima. Nem sempre estará confortável, mas sobreviverá.
Code of Honor	Você tem um código pessoal de ética ao qual adere. As especificidades desse código devem ser acertadas com o Narrador antes do jogo, e a personagem precisa segui-lo à risca. Personagens com esta Qualidade ganham dois dados adicionais em todas as rolagens de Força de Vontade ou Virtude ao agir de acordo com o código (por exemplo, defendendo os indefesos) ou ao tentar evitar situações que possam forçá-las a violá-lo.
Cold Read	Sempre que conhece alguém pela primeira vez, você pode gastar um número de pontos de Força de Vontade igual à sua Percepção. Para cada ponto gasto, pode fazer ao Narrador uma pergunta sobre aquela personagem. O Narrador precisa responder com sinceridade ou devolver o ponto de Força de Vontade para não responder.
Coldly Logical	Embora alguns possam chamá-lo de "peixe frio", você tem talento para separar o relato dos fatos do colorido emocional ou histérico. Você pode ou não ser emotivo, mas enxerga com clareza quando os outros estão embaçando os fatos com sentimentos (-1 de dificuldade em todas as rolagens cabíveis).
Common Sense	Você tem uma boa dose de sabedoria prática do dia a dia. Sempre que estiver prestes a agir de forma contrária ao bom senso, o Narrador pode fazer sugestões ou dar avisos sobre as implicações daquele ato. É uma Qualidade muito útil para jogadores iniciantes que não conhecem bem o jogo.
Computer Aptitude	Você conhece e tem talento para o uso de equipamentos de informática. Outros Cainitas podem não entender computadores, mas para você eles são intuitivos. Todas as rolagens que envolvam computadores têm -2 de dificuldade para você.
Concentration	Você tem a capacidade de focar a mente e bloquear qualquer distração ou incômodo. Personagens com esta Qualidade não sofrem penalidade alguma vinda de circunstâncias que distraiam (por exemplo, ruídos altos, luzes estroboscópicas ou estar pendurado de cabeça para baixo).
Confidence	Você exala uma aura de autoridade inabalável. Nada parece abalá-lo. As pessoas se curvam a você por padrão, e você não espera menos. Mesmo quando está inventando tudo na hora, ou mentindo descaradamente sobre seus sentimentos ou intenções, sua autoconfiança inspira um grau incomum de confiança. Frieza é o seu nome do meio, e os poucos que tentam passá-lo para trás têm imensa dificuldade em consegui-lo.\nQuando os dados começam a rolar, subtraia -2 da dificuldade de todas as rolagens sociais baseadas em impressionar os outros com suas capacidades. Os demais jogadores, porém – o Narrador incluído –, somam +2 à dificuldade das rolagens sociais de personagens que tentem abalar sua confiança ou quebrar sua calma.
Connoisseur	Seu estudo da Disciplina Auspícios, somado ao seu paladar refinado, lhe permite uma empatia e uma conexão fora do comum com a vítima, dando-lhe percepções poderosas sobre o caráter de quem quer que você prove o sangue.\nSistema: a personagem prova o sangue de outro (arriscando potencialmente um laço de sangue), e o jogador rola Percepção + Empatia (dificuldade 6 para mortais ou 8 para Cainitas). Se o sangue veio de um mortal, cada sucesso permite descobrir um dos seguintes: a Natureza dele, o Comportamento, quaisquer Perturbações que possua, se está vinculado pelo sangue e se carrega alguma doença transmitida pelo sangue. Se a vitae veio de um vampiro, ele pode descobrir tudo isso mais qualquer coisa acessível pelo primeiro nível do Caminho do Sangue (veja V20, p. 213). O Ventrue pode provar o sangue de um mortal fora da sua restrição alimentar por tempo suficiente para usar esta capacidade, mas precisa cuspi-lo logo em seguida.\nVampiros sem Auspícios •• não podem adquirir esta Qualidade.
Consanguineous Resistance	Sua personagem não pode ser vinculada pelo sangue por ninguém que compartilhe da sua linhagem mortal. Ou seja: se você nasceu na família Giovanni, não pode ser vinculado por outro nascido Giovanni, embora ainda possa ser vinculado por, digamos, um Pisanob do Clã Giovanni, ou por Cainitas de qualquer outro Clã. Do mesmo modo, um Dunsirn com Resistência Consanguínea não poderia ser vinculado por outros nascidos na família mortal Dunsirn, mas poderia ser vinculado por um Milliner do Clã Giovanni.\nOs Giovanni desconfiam profundamente de quem se sabe manifestar essa esquisitice. Embora essa aberração do sangue não tenha sido documentada, alguns Giovanni espertos têm uma ideia aproximada do que ela é e do que faz. Em geral, ela é associada a jovens rebeldes e atrevidos que precisam ser postos no lugar. Isso não é tão injusto quanto parece: quando uma resistência ao laço fica realmente evidente, é provável que seja porque alguma punição não está funcionando. Uma personagem descoberta com este traço provavelmente ganha, no mínimo, a hostilidade do seu senhor.
Controllable Night Sight	Sua visão noturna é extraordinariamente boa, mesmo para um vampiro. As sombras mais fundas são para você como olhar para uma sala bem iluminada. Contudo, sob luz normal ou forte, você precisa voltar à visão menos sensível, ou a luz mais fraca o cega rapidamente. Enquanto sua visão noturna está ativa, você não sofre penalidade alguma pelo escuro e enxerga perfeitamente. Se usá-la em ambientes bem iluminados, sofre penalidade na proporção inversa das penalidades usuais para escuridão.
Court Favorite	Embora as Cortes de Sangue costumem ser difíceis de influenciar, você ficou muito bom em mover a balança. Uma mistura de experiência e sensibilidade política lhe permite saber exatamente como empurrar a decisão na sua direção, ou talvez na do seu cliente. Qualquer rolagem que venha a afetar a decisão numa Corte de Sangue recebe um bônus ou penalidade (o que for a seu favor) em dados igual ao nível que você tem nesta Qualidade.
Critters	Você é excelente com animais — tanto que eles vivem procurando sua amizade. Aonde quer que vá, os bichos ficam felizes em vê-lo e, na maioria das vezes, felizes em ajudá-lo quando você pede. Você recebe um dado de bônus em rolagens Sociais para afetar animais pequenos. Além disso, companheiros animais que convivem com você o veem como uma espécie de bicho de estimação e vez ou outra lhe trazem pequenas coisas úteis. Uma vez por sessão, os animais lhe trazem uma informação útil ou um pequeno objeto relevante para os acontecimentos. Esse objeto pode, de vez em quando, alimentar o vício particular daquele Ravnos, já que os bichos logo percebem o que agrada ao amigo.
Cultural Chameleon	Você capta depressa as deixas sociais, os costumes locais, as expressões, os modos de vestir e outras miudezas próprias de um lugar. Se conseguir dar conta delas (trocar de roupa, falar o idioma etc.), qualquer um que tente perceber que você não é de lá sofre penalidade de dois dados. De todo modo, você recebe dois dados extras em qualquer ação para identificar quem não pertence a determinado lugar.
Danger Sense	Um estado elevado de atenção permite que você sinta o perigo se aproximando. Esse dom pode nascer de uma percepção primal, de condicionamento intenso, de vozes de espíritos que o avisam do perigo, de sensores nanotecnológicos ou de outros métodos de consciência refinada. Seja qual for a origem desta Qualidade, seu Narrador precisa fazer uma rolagem secreta de Percepção + Prontidão por você quando alguma ameaça de outro modo oculta se aproximar da sua personagem.\nA dificuldade dessa rolagem depende da iminência do perigo; um perigo distante e abstrato (como uma trama para matá-lo) é bem mais difícil de sentir que um desastre em curso (como a bala de um franco-atirador), e por isso teria dificuldade maior (digamos, 10 para a trama, 6 para a bala). Um sucesso simples lhe diz que algo está errado, enquanto muitos sucessos podem localizar a natureza e a posição da ameaça.\nSeu Narrador, claro, não é obrigado a lhe dar detalhes objetivos sobre a ameaça. Ele pode ser tão vago quanto "um arrepio percorre seu couro cabeludo", talvez com uma pista da direção e da natureza da fonte ("um súbito estalo metálico ecoa atrás de você, à direita. O que você faz?").
Daredevil	Você é bom em correr riscos, e melhor ainda em sobreviver a eles. Ao tentar ações fora de combate excepcionalmente arriscadas (como pular de um carro em movimento para outro), personagens com esta Qualidade somam três dados às rolagens e anulam um dado de falha crítica que possa resultar delas. Em geral, essas ações precisam ter ao menos dificuldade 8 e o potencial de causar pelo menos três níveis de vitalidade de dano em caso de fracasso.
Dark Triad	Veja Mage 20, p. 643.
Darksight	Sua personagem enxerga na escuridão do jeito que os outros enxergam na luz. Mesmo na ausência completa de luz, ela vê perfeitamente e não sofre penalidade alguma pelo escuro. Além disso, ela capta vislumbres do outro mundo: vê fantasmas como se fossem materiais, mas apenas enquanto está no escuro. Mais luz que a de uma vela anula esta capacidade.
Dead Zone	Sua exposição rotineira à morte torna difícil para os fantasmas perceberem que você existe. Você é considerado como tendo um ponto de Ofuscação (que funciona também nas terras dos mortos) contra espectros, aparições e seres do gênero.
Death Grip	Graças à sua ligação com a morte, você tem uma percepção aguçada que poucos Cainitas possuem. Em contato com um cadáver, você faz uma rolagem de Raciocínio + Prontidão (dificuldade 7). Com um sucesso, sabe por intuição como aquele corpo morreu. Numa falha, você sofre uma versão ilusória do ferimento, que suga um ponto de Força de Vontade. Numa falha crítica, seu corpo espelha o ferimento e se machuca da mesma forma, causando dano letal igual ao golpe final.
Deathwalker	O Submundo lhe dá as boas-vindas. Enquanto a maioria dos viajantes da Umbra está mais ou menos barrada das Terras das Sombras e da Baixa Umbra, a menos que possua magias especiais (ou já tenha morrido), você consegue dar um passo lateral rumo às Terras Mortas com uma simples aplicação de Espírito 3. Ao fazê-lo, sua aura assume o tom pálido da morte, e você se torna essencialmente indistinguível de um fantasma, a menos que alguma entidade entendida tenha sucesso numa rolagem de Percepção + Ocultismo (dificuldade 7) para vê-lo pelo que realmente é. Se a Tempestade de Avatares ainda estiver em curso na sua crônica, você pode atravessar para a Baixa Umbra sem sofrer os efeitos dela.\nEsse tipo de "dom" costuma deixar marcas macabras nos mortais que favorece. Por isso, esta Qualidade combina bem com os Defeitos Ecos, Estranho e Marcas Primais. Graças aos laços inatos com as Terras Mortas, os Caminhantes da Morte, via de regra, veem os Outros Mundos pelo Vidare Mortem, sofrem Quietudes de Morbidez e tendem a ter uma visão bastante fatalista da vida.
Debt of Gratitude	Ainda que admita isso a contragosto, um ancião está em dívida com você. Com 1 ponto, ele lhe deve um favor. Acerte com o Narrador que tipo de favor é esse e o que você fez para merecê-lo. Com 3 pontos, o ancião endividado lhe deve a própria não-vida. Um episódio desses é extraordinariamente incomum, então ele provavelmente detesta estar em dívida com você. Combine com o Narrador como (e por que) isso aconteceu.
Deceptive Aura	Sua aura é antinaturalmente clara e colorida para um vampiro. Você é lido como mortal em todas as tentativas de leitura da sua aura.
Deceptive Eating	Por alguma sorte, você consegue consumir e apreciar a culinária mortal, o que acrescenta mais uma camada ao seu disfarce de mortalidade. Quando cabível, o Narrador pode determinar dificuldade menor ou penalidades reduzidas nas rolagens para convencer os outros de que você é humano. Você não consegue digerir a comida comum nem tirar nutrição dela, porém, e cedo ou tarde precisa achar hora e lugar para pôr tudo para fora.
Demonic Patron	Seus atos atraíram a atenção de uma entidade demoníaca. Talvez você a tenha procurado de propósito como meio de ganhar poder, ou talvez ela tenha se enfiado na sua existência e agora não larga mais. A entidade virou sua padroeira, oferecendo orientação quando procurada e ajuda contra seus inimigos. Numa noite qualquer ela se voltará contra você e exigirá algo. E você não poderá recusar o pedido. Até lá, sua padroeira conta como três pontos em Mentor e dois pontos em Aliados.
Detached	Seu caçador tem a rara capacidade de ver suas habilidades psíquicas como algo separado da existência física, e consegue manter essa distância mesmo em condições adversas. Penalidades de ferimento não afetam o uso de Númina Psíquicos até que sua personagem chegue a Incapacitado. Estando Incapacitado, você pode gastar um ponto de Força de Vontade para usar um poder de Númina Psíquico com metade da parada de dados normal (arredondando para baixo). Essa ação só pode ser feita uma vez por cena, e depois dela a personagem desmaia — então escolha bem os esforços derradeiros. Nota: esta Qualidade só pode ser usada em conjunto com Númina Psíquicos.
Discerning Palate	Seu paladar naturalmente seletivo lhe permite discernir traços específicos de uma amostra de sangue. Com apenas um gole, você determina potência, frescor, espécie ou se a amostra está contaminada, além de tentar identificar a Geração, a idade e até o Clã de outros vampires. Se provar mesmo que uma única gota, role Percepção + Prontidão (dificuldade 8).\nUm sucesso permite identificar a potência e o frescor relativos do sangue, uma espécie cujo sangue você já tenha provado e saiba reconhecer, a Geração de outro vampiro até dois degraus da sua, se o sangue tem menos ou mais de cem anos, e se é do seu próprio Clã.\nDois sucessos identificam se o sangue está contaminado por doença ou veneno, a Geração de vampiros até quatro degraus da sua, a idade aproximada dentro de cinquenta anos (se tiver menos de trezentos anos) e qualquer Clã cujo sangue você já tenha provado.\nCom três ou mais sucessos, você identifica contaminantes específicos que já tenha provado antes, Gerações até seis degraus da sua, a safra do sangue dentro de vinte e cinco anos (se tiver menos de seiscentos anos) e qualquer Clã, bem como a família de vampiros cujo sangue você já provou.
Disciple of Lazarus / Japheth	Você fala pelos poderosos da sua linhagem e ostenta a máscara mortuária branca e limpa de um Precursor respeitado, perdido em um dos expurgos históricos que seu povo sofreu. A maioria dos Precursores do Ódio ouve o que você diz e toma suas palavras como verdade. Esta Qualidade acrescenta dois dados a qualquer rolagem Social em que você invoque o nome de Lázaro ou de Jafé.
Distracting Aura	Ler uma aura com Auspícios exige que o observador se concentre em padrões e cores recorrentes para detectar o estado emocional do alvo. Por causa do estado singular da sua psique, sua aura é ainda mais difícil de ler que a maioria. Todos os usos de Percepção da Aura sofrem +2 de dificuldade contra você.
Dracon's Temperament	Você encarna o ideal de Azi Dahaka por dentro e por fora, em níveis viscerais e abstratos. Sua psique flui com a natureza mutável da mudança. Como o proteico Dragão, você é um turbilhão de temperamentos. Isto não é personalidade múltipla. Você é uma identidade só, vista através do prisma de Naturezas em constante transformação. Nenhuma âncora prende o seu senso de si. Você pode ser qualquer você.\nNo começo de cada história, você pode escolher um Arquétipo de Personalidade para funcionar como sua Natureza, e passa o resto da história percebendo o mundo por aquela perspectiva. Você também recupera Força de Vontade de acordo com a nova Natureza e pode ser afetado por outros efeitos ou poderes de Disciplina conforme ela.
Drug Resistance	A religião Setita é cheia de vícios, tanto para comprometer inimigos quanto para iluminar iniciados. Cultistas tendem a criar tolerância às substâncias que tomam diretamente (se humanos ou carniçais) ou pelo sangue da presa (se Cainitas). Você é excepcionalmente resistente a álcool, narcóticos e substâncias viciantes semelhantes. Pode fingir estar muito mais alterado do que está para levar vantagem sobre um adversário. Todas as rolagens para resistir aos efeitos dessas substâncias têm -2 de dificuldade.
Dual Affiliation	Você foi iniciado e treinado em dois grupos Despertos diferentes. Talvez fosse uma Verbena que gravitou para os Adeptos Virtuais, ou um Homem de Preto que buscou refúgio entre os Templários. Seja qual for a sua história e sejam quais forem suas filiações, você conhece intimamente os dois grupos, tem ligações (não necessariamente amigos) nos dois e pode usar e compreender as práticas, ferramentas e crenças (em resumo, o foco) de qualquer um deles.\nEm regras, seu mago desfruta dos benefícios das duas filiações. Se ele é um ex-Tecnocrata que passou para o lado místico, ainda pode usar tecnomagia enquanto transcende os banimentos tecnocratas usuais quanto a Arete e foco. Ao elevar uma Esfera, sua personagem usa a taxa de Esfera de Afinidade para uma Esfera por grupo. Seus antigos companheiros provavelmente não o veem com bons olhos, a menos que o "treinamento cruzado" tenha ocorrido entre grupos amistosos, como um Falador de Sonhos que virou Extático ou um Hermético que entrou para os Filhos do Conhecimento.\nPara mais detalhes sobre o assunto, veja o FAQ do Foco no Capítulo Três, p. 174.
Dynamic Personality	Seu carisma natural atrai os mortais como fãs atrás de um astro do rock. Por isso, é mais fácil para você adquirir certos Antecedentes ligados a mortais.\nSistema: além de quaisquer Antecedentes adquiridos na criação do personagem ou pela interpretação, você pode comprar novos Antecedentes com pontos de experiência ao fim de cada história. Os Antecedentes disponíveis são Aliados, Contatos, Rebanho e Lacaios, e cada ponto novo custa o valor atual em pontos de experiência.
Early Riser	Ninguém sabe explicar, mas você parece ter a capacidade de funcionar com menos descanso que os outros vampiros. Você é sempre o primeiro a se erguer e o último a se deitar, mesmo tendo ficado acordado até o amanhecer. Sua Humanidade ou seu Caminho conta como 10 para determinar a hora em que você se ergue a cada noite. Vampiros com esta Qualidade não podem adquirir o Defeito Sono Pesado.
Eat Food	Você é capaz de comer alimentos e até de apreciar o sabor deles. Embora não consiga tirar nutrição alguma de comida comum, essa capacidade lhe será muito útil para fingir ser humano. Claro que você não digere o que come, e em algum momento da noite terá de pôr tudo para fora.
Ecclesial Rank	Embora sua condição de Inquisidor seja segredo fora da Sociedade de Leopoldo, você é também membro oficial da hierarquia católica romana. Esta Qualidade determina sua posição, e cada ponto amplia o alcance do seu serviço e da sua influência. A versão de um ponto lhe dá a patente de padre, à frente de uma paróquia (e de seus diáconos e leigos). A de dois pontos lhe dá a de Bispo, à frente de uma diocese formada por muitas paróquias (e seus padres). A de três pontos lhe dá a de Arcebispo, à frente de várias dioceses (e seus bispos).
Ecstatic	Você é propenso a acessos de êxtase religioso — estigmas, glossolalia (falar em línguas), visões e transes. É uma Qualidade de benefício duvidoso. Enquanto alguns desconfiam de você como histérico religioso, você é muito bem visto por outros da fé como alguém "tocado por Deus". Some um dado a qualquer parada de dados Social ao interagir com a Sociedade (e possivelmente com outros de crenças espirituais semelhantes).
Ecumenist	O Espírito Santo "sopra onde quer". Você entende isso. Vê os reflexos fractais do seu Deus em outras religiões e se mantém humilde ao saber o quão pouco do divino você pode conhecer. Onde outros precisam brandir os símbolos sagrados da própria tradição ao usar a Fé Verdadeira, você enxerga a centelha superna no âmago de crenças que não são a sua, e consegue usar os ícones religiosos e o solo sagrado delas ao enfrentar o sobrenatural. Do mesmo modo, na sua presença um grupo de pessoas de religiões diferentes pode somar sua Fé Verdadeira para um efeito maior. Essa soma coletiva exige apenas uma pessoa com esta Qualidade. Você pode ser a ponte que une todas as fés como irmãos e irmãs na longa noite escura da alma.
Efficient Digestion	Você consegue tirar do sangue mais nutrição que o normal. Ao se alimentar, você ganha um ponto adicional na reserva de sangue a cada dois pontos consumidos. Isso não lhe permite ultrapassar o máximo da sua reserva.
Eidetic Memory	Você se lembra, em detalhes perfeitos, do que vê e ouve. Documentos, fotografias, conversas etc. podem ser memorizados com pouca concentração. Em condições estressantes, com muitas distrações, você precisa fazer uma rolagem de Percepção + Prontidão (dificuldade 6) para reunir concentração suficiente e absorver o que seus sentidos captam.
Elysium Regular	Você passa um tempo incomum no Elísio. Você vê e é visto a tal ponto que todos os figurões do Elísio ao menos sabem quem você é. Esse tempo prolongado também lhe dá mais oportunidades de conviver com as Harpias e outros Cainitas daquele porte — e eles saberão seu nome quando você se aproximar. Esta Qualidade em geral é adquirida por vampiros que respeitam e frequentam o Elísio regularmente.
Embedded Agent	Você é um membro aceito da sua agência de inteligência, apesar de qualquer projeto paralelo esquisito em que trabalhe. Pode ser um agente do FBI de ficha impecável que faz bico para a DAE, ou um analista da NSA que por acaso passa algumas semanas por trimestre monitorando relatórios de caoscópio. Como convive mais com agentes "normais", eles o aceitam como um dos seus. Some um dado de bônus a qualquer rolagem de Empatia, Liderança ou Investigação ao lidar com outros membros da sua agência. Você também é a última pessoa que alguém apontaria como "caçador de monstros", o que o mantém fora do radar de criaturas sobrenaturais que de outro modo seriam bem informadas.
Embraced without the Cup	Por alguma razão, você não bebeu o sangue dos anciões quando foi admitido no Clã Tremere. Mais perigoso ainda: pode ser que ele não tenha surtido efeito em você. Por isso, você não está vinculado ao Clã como a maioria dos Tremere. Se isso for descoberto, normalmente será corrigido, mas quase dá para acreditar que houve algum propósito nesse lapso, já que os Tremere não cometem erros. Talvez o Clã tenha uma tarefa especial em mente para você, em que precise agir contra o próprio Clã para manter um disfarce…
Enchanting Feature	Abençoado com olhos magníficos, cabelo sedoso, bíceps poderosos, uma graça sobrenatural, abdômen definido, um sorriso deslumbrante ou outra característica física de destaque, você encanta as pessoas com a perfeição bruta desse traço. Ele não precisa ser visualmente evidente: talvez você tenha um cheiro bom, uma voz sedutora, um andar de apelo animalesco ou outro atributo físico igualmente notável. (Tenham bom gosto aqui, pessoal.)\nEsta Qualidade substitui Qualidades Físicas relacionadas, como Olhar Encantador, Voz Suave, Gracioso e outros atributos parecidos. Em termos de história, esse Traço Encantador vira parte marcante da descrição da sua personagem. Em termos de sistema, você reduz a dificuldade em -2 quando ela usa aquela característica como parte de algum feito social.\nSe o seu mago empregar o Traço Encantador como parte do foco mágico (veja as entradas de Instrumentos Contato Visual, Dança e Movimento, Provações e Esforços, Sexo e Sensualidade, Dominação Social, e Voz e Vocalizações no Capítulo Dez de Mage 20), você pode contá-lo como instrumento personalizado único/especializado (conforme Mage 20, pp. 503 e 588). Do lado bom, isso permite reduzir certas dificuldades de conjuração em -2 quando a característica é especificamente usada para lançar um Efeito. Do lado nem tão bom, isso pode render ao seu mago olhos arrancados, rosto desfigurado, cordas vocais cortadas ou… bem, você entendeu… se um inimigo particularmente cruel considerar aquele traço "o foco do poder dele".
Enchanting Voice	Há algo na sua voz que os outros não conseguem ignorar. Quando você ordena, eles se encolhem. Quando você seduz, eles derretem. Trovejando, acalmando, persuadindo ou simplesmente conversando, sua voz comanda atenção. As dificuldades de todas as rolagens que envolvam usar a voz para persuadir, encantar ou comandar são reduzidas em dois.
Entrepreneur	Ganhar dinheiro é natural para você, e você sabe o que é preciso para ter sucesso. Todas as rolagens que envolvam obter dinheiro por meio de negócios têm a dificuldade reduzida em 2.
Expert Driver	Você nasceu para dirigir como um demônio, aonde quer que a estrada leve. Todas as suas dificuldades em rolagens de direção são reduzidas em -2.
Extra Sharp	Todos os Nagaraja já têm presas afiadas para cortar a carne com facilidade. Uma personagem com esta Qualidade, porém, tem fileiras adicionais de presas, como as de um tubarão, cada uma pronta para causar o máximo de dor possível. Em vez de causar 1 nível de dano letal inabsorvível por mordida, ela causa 2. Alguns Nagaraja gostam desse dom, porque faz as vítimas pararem de se contorcer bem mais rápido. Outros temem que ele crie uma ligação com a mordida dolorosa dos Giovanni, e podem ver Nagaraja com esta Qualidade quase como estranhos.
Eyes of Shadow	Há algo nos seus olhos que faz você parecer sombrio e perigoso. Manter contato visual com você é como encarar o Abismo. Pode não ser óbvio o porquê, mas qualquer um com quem você fale sente um arrepio ao cruzar o seu olhar. A dificuldade de qualquer rolagem de Intimidação é reduzida pelo número de pontos nesta Qualidade (até um mínimo de 2).
Fae Blood	Suas veias pulsam com o sangue enigmático dos fae. Embora não seja um changeling completo, você possui um laço distante com o Sonhar por causa dessa herança estranha. Nos termos de Changeling: The Dreaming, você é kinain: um humano mortal aparentado com eles. Sua Banalidade é baixa (não mais que 4, e muitas vezes menos), e você permanece permanentemente encantado, no sentido de que percebe o mundo changeling e é afetado por ele. Como membro por natureza dessa irmandade encantada, você também tende a ser arrastado para as intrigas esquisitas deles, e sabe um tanto desconfortável sobre o mundo oculto em que vivem.\nComo na Qualidade Afinidade Feérica, esta é proibida a tecnomantes de todo tipo. A Banalidade deles é alta demais para sustentar este dom do sangue.
Faerie Affinity	Os seres fae gostam de você. Atraídos por um apelo indizível, eles o procuram e dividem com você segredos que poucos mortais sequer compreendem. Em termos de sistema, você reduz em -2 a dificuldade das suas rolagens sociais ao lidar com changelings e entidades aparentadas; em troca, os changelings reduzem em -2 a dificuldade quando tentam – por qualquer método – obter Glamour de você, ou encantá-lo para trazê-lo ao reino efêmero deles. Em termos de história, os Fae tendem a favorecê-lo em relação a outros mortais, mesmo quando os temperamentos de vocês parecem incompatíveis. Um Nocker ranzinza, por exemplo, normalmente não tem paciência para frivolidade… mas, no seu caso, seu Cultista bobo, ele abre essa exceção!\nTecnomantes, sendo considerados "banais" aos olhos dos Fae, não podem comprar esta Qualidade. Mesmo que não pertençam à União Tecnocrata, a presença desses magos é veneno metafísico para os Sonhadores. (Veja Changeling: The Dreaming para detalhes sobre os efeitos de Glamour e Banalidade sobre os changelings.)
False Reflection	Mesmo usando a Ofuscação, os Nosferatu ainda aparecem em sua forma verdadeira quando captados por máquinas, como câmeras ou circuitos de vigilância. Com esta capacidade, o Nosferatu pode estender seu poder a imagens e mídias gravadas. Contudo, como na Máscara de Mil Faces, a imagem original não muda de fato; as pessoas é que a veem do jeito que o Nosferatu quer. Infelizmente, computadores não se enganam tão fácil: se a imagem for usada em software de reconhecimento facial, por exemplo, a máquina verá o rosto real do Nosferatu e não achará correspondência. É melhor o Nosferatu tomar cuidado com o uso deste poder, pois ele pode se dissipar com o tempo. Algumas fotos de arquivo deram um belo susto em bibliotecários, anos depois de guardadas.
Family Support	Sua família sabe da sua vida Desperta – e, na maior parte, aprova. Você pode pertencer a uma "tradição de família" ancestral (uma linhagem de práticas mágicas/ocultas), a um clã simpático à Nova Era, a uma família religiosa apropriada (ou seja, parentes que seguem o mesmo credo que você), a uma dinastia rica que banca suas escolhas de vida e assim por diante. Essa família pode ser sua proverbial "família de origem" (parentes de sangue), uma "família escolhida" adotiva (gente sem parentesco genético que funciona como família agora) ou as duas. De um jeito ou de outro, sua família está do seu lado. Esta Qualidade não se estende a ajuda econômica pesada, a menos que você compre também os Antecedentes cabíveis (Recursos, Lacaios e assim por diante). Ainda assim, é bom ter um lugar a que chamar de lar, e alguém a quem recorrer quando precisa.\nQuanto mais influente a sua família e mais apoio ela lhe dá, mais esta Qualidade custa:\n(1 ponto) Você tem uma família "típica" para a sua cultura, e o apoio dela é sobretudo emocional, embora você consiga uns trocados, um favor e um lugar para dormir quando precisa.\n(2 pontos) Sua família tem status, dinheiro e influência. Embora espere que você se vire sozinho na maior parte do tempo, ainda dá para conseguir ajuda quando é necessário.\n(3 pontos) Herdeiro de riqueza, poder e privilégio, você pode recorrer a favores e influência quando preciso. Seu clã puxa cordas em seu nome mesmo sem você pedir, e as pessoas o tratam com deferência por causa da sua origem.\nComo pode atestar quem nasceu num clã rico e disfuncional, é possível ter Apoio Familiar e Problemas de Família (o Defeito descrito abaixo) ao mesmo tempo. Seu pai rico pode ser um babaca abusivo, seu tio querido pode ser possessivo de forma assustadora, e o apoio da mamãe vem com mais cordinhas que uma convenção de marionetistas. Os dois Traços juntos também podem representar uma personagem cuja família de origem é um desastre, mas cuja família escolhida a apoia.\nPara fins de magia coincidente, uma família representada por esta Qualidade não conta como testemunha Adormecida quando o mago querido lança Efeitos. Esse benefício normalmente não se estende aos seus companheiros, a menos que eles usem o mesmo tipo de foco que você, pratiquem magia que caiba na visão de mundo da sua família, ou comprem esta Qualidade para representar terem sido "adotados" pela família como amigo de infância, cônjuge ou parte querida do clã.
Fatalist	O estudo do tempo levou a personagem a acreditar que o que está feito está simplesmente feito. O destino é um caminho fixo e, portanto, somos todos escravos do nosso próprio futuro. Assim, nada pode ser realmente culpa nossa, pois nada está inteiramente sob nosso controle. Fica então bem mais fácil se desculpar dos próprios excessos. A personagem subtrai 2 da dificuldade de todas as rolagens de degeneração contra perda de Humanidade ou de Caminho de Iluminação.
Favor	Também conhecida como Dádiva, esta Qualidade significa que alguém lhe deve, e muito. Você coçou as costas dessa pessoa e, no devido tempo, vai cobrar que cocem as suas. Talvez você tenha ajudado um mago de nível Mestre… ou socorrido um príncipe vampiro… ou feito um favor a um Adormecido rico, a um espírito, a uma fada ou a um membro graduado das Raças Metamorfas. Seja quem for, essa parte é mais poderosa que você e consegue fazer, em seu nome, coisas que você não conseguiria sozinho.\nO valor desta Qualidade depende do tamanho do favor. Atos menores de benevolência custam um ponto, dádivas consideráveis valem dois, e uma dívida de vida vale três. Você pode comprar vários Favores, seja de uma mesma parte, seja de várias pessoas que lhe devem. O Narrador pode conceder esta Qualidade no lugar de pontos de experiência se sua personagem tiver ajudado um personagem coadjuvante e pedido, merecido ou exigido um Favor em troca. Uma vez prestado o favor, porém, a Qualidade se esgota. Ajuda duradoura seria contada como um Antecedente do tipo Mentor ou Patrono, ou como um dos aliados descritos na seção de Qualidades Sobrenaturais.
Fist of God	Alguns o chamam de "Martelo das Bruxas", pois suas mãos nuas causam ferimentos graves aos filhos da noite antiga. Todo o seu dano de Briga é considerado agravado contra sobrenaturais. Acerte com o Narrador uma boa razão para esse efeito raro e para o modo como ele se desenvolveu. Apenas mortais com Humanidade sete ou mais podem comprar (ou manter) esta Qualidade.
Force of Spirit	A luz da sua alma é evidente para quem está ao redor. Você pode brilhar fisicamente, parecer divinamente belo, ou talvez sua voz ressoe com a música das esferas. Você pode gastar pontos de Quintessência para reduzir a dificuldade de uma rolagem social, um por um. Nenhuma dificuldade pode ficar abaixo de dois, e nenhuma pode ser reduzida em mais de três. Você precisa ser capaz de armazenar Quintessência no próprio padrão para se qualificar a esta Qualidade.
Former Ghoul	Você foi apresentado ao Sangue muito antes de ser feito Cainita. Sua longa experiência como carniçal lhe dá compreensão e desenvoltura na sociedade vampírica. Você tem -1 de dificuldade em todas as rolagens Sociais na presença de outros neonatos (em especial os que não foram educados por seus senhores), e -1 de dificuldade em todas as rolagens ligadas a conhecimento vampírico.
Foul Blood	Seu sangue é repugnante; na verdade, tem gosto tão nojento que exige uma rolagem de Força de Vontade (dificuldade 6) só para não engasgar e vomitar depois de prová-lo. Se alguém for tolo o bastante para tentar diablerie em você, precisará de três sucessos em rolagens de Força de Vontade (dificuldade 9) para levar aquilo até o fim. O sangue é tão nojento que ninguém consegue segurá-lo tempo suficiente para virar carniçal, tampouco.
Friend of the Underground	Embora você não seja Nosferatu, conhece bem os esgotos, túneis, dutos, linhas de metrô e outras passagens subterrâneas da sua cidade. Os Nosferatu locais (e quaisquer outras criaturas que morem na lama) podem até não gostar de você, mas não estão inclinados a matá-lo à primeira vista quando o veem no território deles. Você tem -1 de dificuldade em qualquer rolagem que envolva o mundo subterrâneo (esgueirar-se de um ponto a outro por baixo, achar rotas para subsolos e assim por diante). Nosferatu não podem comprar esta Qualidade.
Friendly Face	Você tem um rosto que lembra alguém a todo mundo, a ponto de estranhos ficarem bem-dispostos com você por causa disso. O efeito não some nem quando você explica o "engano", o que lhe dá -1 de dificuldade em todas as rolagens Sociais cabíveis (vale para Sedução, não vale para Intimidação, por exemplo) quando há um estranho envolvido. Esta Qualidade só funciona no primeiro encontro.
Fugue Instinct	Você consegue ouvir avisos e obter percepções ao escutar a Fuga mais fundo. Para isso, precisa abrir mão de uma das suas ações e escutar direito a Fuga interior. Durante esse tempo, você pode se defender, mas não realiza ações ativas. Se o fizer, ganha uma percepção para a ação seguinte, que lhe concede +2 dados na parada que usar.
Ghoul	O sangue dos Cainitas fez de você algo mais que humano. Por vontade própria ou não, você bebeu do sangue de um vampiro e, embora provavelmente já não esteja vinculado pelo sangue ao serviço dela (a menos que esteja), a vitalidade antinatural daquela criatura virou sua. O problema é que você precisa de mais vitae para sustentar suas capacidades sobrenaturais… e, como muitos magos descobriram, esse sangue é extremamente viciante.\nUma personagem carniçal envelhece muito devagar, ganha um sucesso automático em qualquer rolagem baseada em Força e causa um dado extra de dano em todos os ataques corpo a corpo não mágicos. Se sua crônica usa as regras de Vampiro: A Máscara, ela também tem uma reserva de sangue, um ponto em Potência e a possibilidade de comprar e usar Fortitude, Potência e uma capacidade do clã do vampiro que a iniciou.\nEssa é a parte boa; as ruins envolvem o desejo constante por mais vitae, a perda desses bônus sobrenaturais depois de cerca de um mês sem sangue de vampiro, vários pontos em Ressonância (ou o Defeito Ecos, detalhado em Mage 20, pp. 646-647) que refletem a natureza corrupta dos mortos-vivos, e os inconvenientes óbvios de andar com vampiros só para poder beber o sangue deles.
Green Thumb	As plantas florescem ao seu toque. Embora não desabrochem e cresçam ao contato (um efeito escancaradamente paranormal que fazia parte da forma original desta Qualidade), elas recebem um belo impulso de saúde quando você trabalha com elas. Reduza em -2 a dificuldade de todas as rolagens que não sejam de Arete, e em -1 a das rolagens de Arete, ao lidar com plantas, árvores e outras formas de vegetação – algas, mofo, fungos, limo marinho e afins. Em termos de história, sua aura pulsa com vitalidade verde, a matéria vegetal cresce rápida e robusta na sua presença, e sua Ressonância e Sinergia refletem uma ligação poderosa com o mundo verde. Qualidade comum entre Verbena, Bata'a e outros místicos primais, ela também pode representar um tino estranho para biomassa vegetal que certos tecnomantes possuem.
Groomed for Embrace	Sua personagem foi julgada digna do Abraço e está sendo preparada para essa eventualidade por meio de treinamento cuidadoso e dirigido pelo seu futuro senhor. Embora esta Qualidade não garanta quando você será Abraçado, sua personagem sabe que virará vampira e conhece a identidade do seu futuro senhor.\nOs benefícios de ser Preparado para o Abraço têm a ver com seu papel atual como carniçal e com sua futura posição como vampiro dentro de um Clã ou linhagem específica. Assim, seu lugar entre os carniçais da casa da sua domitora sobe ao de aprendiz valioso, em vez de servo descartável. Alguns Clãs, como os Tremere ou os Tzimisce, podem acompanhar seu progresso pelo estudo acadêmico do saber, das Disciplinas ou dos rituais taumatúrgicos. Você pode não conseguir usar a Vicissitude, por exemplo, mas talvez tenha permissão de auxiliar sua domitora na mesa de laboratório dela. Outros vampiros podem ser mais cautelosos e prepará-lo para ser avaliado pelo príncipe local antes de irem adiante.\nHá alguns inconvenientes que sua personagem pode encontrar ao longo da crônica. Como você alcançou o sonho de muitos carniçais, pode ser alvo de acessos de ciúme raivoso ou de agressões por parte de outros carniçais. Sua domitora pode até saber disso e ter estimulado esses sentimentos para testar se você é digno de virar vampiro.\nAlém disso, se o fato vier à tona, você pode atrair atenção indesejada dos inimigos do seu futuro senhor. Como é bem provável que ele também seja sua domitora, você pode ser sequestrado, espionado ou pressionado por informações sobre o refúgio, os bens e os planos dela. Muitos vampiros, porém, não revelam que seus carniçais e revenantes estão sendo Preparados para o Abraço, e mantêm as intenções em segredo.\nSe decidir comprar a Qualidade Preparado para o Abraço, você pode comprar Domitor Benevolente por um ponto, desde que tenha o Antecedente Domitor exigido. Nesse caso, você está sinalizando ao Narrador que sua domitora se comprometeu a ser sua futura senhora. Você também pode, a critério do Narrador, aprender um ponto numa terceira Disciplina conhecida do seu futuro senhor, ou seguir um Caminho depois de abandonar sua Humanidade.\nUsado por: carniçais da Camarilla e da Sabá, além de alguns revenantes. Carniçais independentes podem ser Abraçados, mas não seriam Preparados para o Abraço, por sua condição de párias entre os carniçais.
Guardian Angel	Uma entidade poderosa está velando por você, oferecendo conselhos, ajuda e proteção ocasional quando a coisa fica feia. Essa ajuda está além do seu controle (talvez até além da sua compreensão) e, embora este "anjo" certamente tenha defendido os seus interesses até agora, pode haver um preço terrível preso a tudo isso. Você acha que seu anjo é dos bons mas, sério – você já leu as lendas sobre anjos? Doçura e luz não estão entre as características mais citadas deles.\nDo ponto de vista da Qualidade, este Traço às vezes gera situações bastante irônicas – um anjo de verdade, por exemplo, velando por um mago Infernalista, ou um espírito da natureza protegendo um Tecnocrata convicto. A parte prestativa pode estar esperando que o mago "veja a luz", honrando um voto antigo feito aos ancestrais dele, conduzindo o protegido a um Caminho novo e inesperado, ou talvez preparando-o para uma revelação final que pode ser pior que aquilo de que o anjo o vem afastando.\nDo ponto de vista do Narrador, recomendamos explorar a natureza misteriosa e potencialmente assustadora deste "anjo" da guarda. Os anjos das lendas costumam ser notoriamente sangrentos no trabalho e conseguem apavorar mortais mesmo quando as intenções são tecnicamente justas. Como Narrador, determine quem está ajudando o mago, e por quê; essa informação, claro, pode ser só sua, e cabe aos jogadores especular. Sempre que o anjo se manifestar, explore a estranheza implacável dessas entidades, envolvendo suas aparições em simbolismo inquietante e fenômenos elementais (ventos, fogos, terremotos e assim por diante). (Para sugestões, veja Mage 20, pp. 356-359 e 363-367.)\nPor outro lado, o anjo pode ser uma pessoa ou um animal aparentemente comum que simplesmente desencadeia o inferno em nome do mago. Os espíritos animais, servos e elementais descritos no Apêndice I de Mage 20 representam a ponta mais comportada do espectro de anjos da guarda; seres mais estranhos podem incluir massas protoplasmáticas, energias cintilantes, bestas medonhas e coisas inomináveis a serviço de poderes que é melhor nem sonhar. Mesmo que o anjo seja exatamente isso – um mensageiro do Deus bíblico –, esses mensageiros podem ser bem apavorantes. Veja Ezequiel 1-10, Gênesis 3, Apocalipse 4 e outras manifestações de tirar o fôlego. Se os Poderosos por trás deste anjo da guarda forem mais do tipo deuses pagãos ou horrores cósmicos, esta Qualidade sobrenatural pode soltar coisas bem assustadoras…
Half-Life	Você é mais que um vampiro; é um espectro em forma vampírica. Sua consciência das realidades da morte permite gastar metade do custo normal em pontos de experiência para elevar Caminhos de Necromancia depois do primeiro ponto, e permite transitar entre as Terras das Sombras e as Terras da Pele gastando um ponto de Força de Vontade. Você não pode ser controlado como um espírito comum pelo uso de Necromancia mas, se outros vampiros descobrirem o que você é, pode esperar ser caçado sem piedade. Você sofre as mesmas fraquezas e tem as mesmas forças de um vampiro mas, se for observado com um poder como Percepção da Aura (V20, p. 135), sua aura aparece como uma dupla exposição, com uma forma humanoide translúcida e trêmula entrando e saindo da sua.
Hands of Daedalus	Você tem um dom inato para construir máquinas e tecnologia. Esses aparelhos parecem ganhar vida nas suas mãos, encaixando-se com facilidade e funcionando com precisão incrível depois que você trabalha neles. Embora o dom não se estenda aos meandros do software, você pode trabalhar em hardware (supondo que saiba o que está fazendo) com a mesma naturalidade com que regula um Ford 58.\nEm termos de sistema, qualquer rolagem que você faça para construir, consertar, inventar ou de outro modo modificar tecnologias mecânicas tem -2 de dificuldade quando você tem a chance de pôr essas Mãos de Dédalo para trabalhar. Instrumentos mágicos de base tecnológica (veja as entradas de Mage 20 sobre Armaduras, Dispositivos e Máquinas e outras tecnologias de hardware) e práticas (veja Artesanato e Hipertecnologia na seção Foco e as Artes, Capítulo Dez de Mage 20) funcionam, nas suas mãos, como Instrumentos Personalizados (Mage 20, pp. 503 e 587-588) depois que você tem a chance de se familiarizar com eles… e de deixá-los se familiarizar com você.
Harmless	Todo mundo na cidade conhece você, e sabe que você não é ameaça aos planos deles. Embora esse tipo de avaliação possa parecer ofensivo, é também o que o mantém vivo. Ninguém o considera digno do tempo deles, e essa opinião baixa o mantém em segurança. Se você começar a agir de um jeito que demonstre não ser mais inofensivo, a reação dos outros provavelmente vai mudar.
Haven Affinity	Você é a terra. A terra é você. O solo natal o chama. Você dá a ele, e ele dá a você. Sua ligação com a terra do seu refúgio principal lhe concede um dado extra em todas as paradas quando você age ali. Ela funciona também como farol místico, permitindo localizá-lo com uma rolagem normal de Percepção + Sobrevivência (dificuldade 6), +1 de dificuldade quando um estado ou país o separa dele; +2 se você estiver do outro lado do mundo. Isso vale apenas para o seu refúgio principal.
Healing Touch	Normalmente, vampiros só conseguem selar os ferimentos que causam ao se alimentar lambendo-os. Com um simples toque, você obtém o mesmo efeito, fechando as perfurações deixadas pela bebida do sangue.
Heart of Needles	Suas capacidades naturais com ilusões o deixaram particularmente blasé e difícil de impressionar. Como algo poderia ser tão perfeito quanto a sua própria imaginação? Por isso, seu coração é mais duro que a média, e você tem resistência significativa ao controle emocional. Todos os poderes e desafios Sociais que tentem manipulá-lo emocionalmente sofrem +2 de dificuldade.
Heavy Hands	Um dos efeitos de virar vampiro são as mudanças estranhas que acontecem no corpo. As alterações evidentes nas suas mãos as deixaram mais duras, mais rígidas e mais insensíveis à dor. Todas as dificuldades de rolagens de dano com ataques desarmados caem em 1.
Heretical Sympathizer	Você é o protetor de uma Bruxa de Equidna, ou possui um tesouro do conhecimento delas. Fazendo isso por altruísmo ou por interesse próprio, você tem a ganhar o apoio permanente do culto e a desconfiança duradoura da Ortodoxia. Dependendo da situação que o levou a adquirir este traço, você pode conseguir cortejar o lado oposto entregando sua Górgona tutelada e ganhando o aval dos Seguidores de Set egípcios.
Hidden Diablerie	Os reveladores riscos negros da diablerie não se manifestam na sua aura.
Hideaway /Safehouse	Quando você precisa de um tempo só seu, existe um lugar aonde ir que ninguém conhece além de você. É pequeno, sim, e remoto o bastante para que amigos e inimigos não o achem lá. É provável que seja um apartamento secreto, uma cabana distante, um trailer, ou literalmente uma caverna, um bosque ou um ponto de acampamento aonde você foge do estresse da sua vida comum. Pode até ser um Reino de bolso, acessível apenas a você e a quem você escolher, se for tolo o bastante para confiar esse esconderijo a alguém. A menos que você entregue a localização, ou acabe rastreado até lá por um perseguidor dedicado, esse refúgio é sua saída de emergência pessoal. Use-o com sabedoria e tome cuidado ao ir e vir!\nAo contrário da Qualidade Propriedade (veja abaixo) ou dos Antecedentes Capela, Nodo e Santuário, esse buraco discreto não é amplo, elaborado nem mágico por natureza. Dito isso, ele está escondido da maioria das formas casuais de detecção. Você pode combinar esta Qualidade com Propriedade, Nodo ou Santuário, embora esses Traços precisem ser comprados além do seu Esconderijo, e a existência deles precise permanecer secreta dos outros personagens. Capelas são sociais por padrão e, portanto, não podem virar Esconderijo. O lugar está abastecido com o que você precisaria para umas duas semanas de estadia, e pode, claro, ser abastecido para períodos maiores se você levar mais suprimentos. Embora você possa ser rastreado até lá por magia ou outros métodos, seu retiro não está ligado a você por nenhum canal oficial pesquisável: contas, contrato de aluguel, correspondência, serviços de internet etc.\nUma vez por história – se acontecerem coisas que possam levar outras pessoas até o esconderijo, se você fizer algo que possa revelar a localização, ou se alguém dedicar tempo e esforço a rastreá-lo –, o Narrador pode rolar dois dados contra dificuldade 6. (Sim, essa rolagem é feita em segredo, então você não sabe o resultado.) Se ela obtiver ao menos um sucesso, seu segredo continua guardado; uma falha significa que alguém pegou uma pista, mas não o seu paradeiro exato; quatro falhas sucessivas revelam a localização, e uma falha crítica a expõe imediatamente. Enquanto você continuar apagando seus rastros, porém, o lugar continua sendo só seu.\nPor quatro pontos, esta Qualidade também pode ser comprada com o nome Casa Segura. Nesse caso, é um refúgio protegido com instalações e proteções melhores que as de um Esconderijo comum. O estoque dá conta de umas doze pessoas por cerca de dois meses, e a Qualidade inclui uma pequena equipe dedicada (em regras, dois pontos em Lacaios ou quatro em Reforços) para manter o local. Ao contrário do Esconderijo, essa área aguenta um assalto de pequeno porte e traz até três escritórios/áreas de trabalho, paredes reforçadas, vidro à prova de balas e uma sala de pânico tipo cofre. A casa segura inclui também um sistema blindado de comunicações (-2 nas tentativas de invadir ou rastrear) e um sistema simples mas eficaz de alarme e câmeras (de novo, -2 nas tentativas de subversão). A desvantagem é que a Qualidade não é propriedade sua: pertence aos seus superiores e pode lhe ser tirada se você se indispuser com quem paga a conta. Em geral, uma Tecnocrata em boa situação com seus superiores consegue a Qualidade Casa Segura (ou é premiada com uma, por serviço especialmente bom), mas outros magos também podem obter instalação semelhante.\nPor seis pontos, seu refúgio pode ser Casa Segura e Esconderijo ao mesmo tempo; nesse caso, a propriedade é inteiramente sua. Aproveite sua Batcaverna, Sr. Wayne!
Hive-Minded	Seu Animalismo funciona com insetos e outros bichos rastejantes, além dos animais. Se você escolher a versão de dois pontos desta qualidade, suas formas de Proteanismo podem assumir a forma de um enxame de insetos em vez de uma criatura só (embora o enxame precise ter tamanho e equivalência mecânica de um lobo ou de um morcego, conforme o caso).
Holy Aura	Não importa a cor: sua aura arde como um farol brilhante de devoção religiosa. Até mortais que não enxergam auras se sentem atraídos pela sua presença. Subtraia um da dificuldade de todas as rolagens de interação social. Alguns sobrenaturais verão isso como algo positivo; outros, especialmente os Cainitas, provavelmente serão hostis a você. Muitos vão acreditar que você tem grande poder (independentemente da verdade).
Huge Size	Você é anormalmente grande, com pelo menos 2,08 m e 135 kg. Além de torná-lo extremamente notável em público, essa massa extra lhe concede um nível de vitalidade Escoriado adicional. Personagens com esta Qualidade também podem ganhar bônus para empurrar objetos, arrombar portas trancadas, evitar ser derrubado etc.
Hyperflexible	Você é o que se costuma chamar, de forma equivocada, de "desossado" (como na velha Qualidade de mesmo nome). Na verdade, suas articulações são extremamente flexíveis, talvez por treino intenso, por ampliação mágica ou pela condição médica conhecida como Síndrome de Ehlers-Danlos (SED – veja acima, e também o Defeito Impedimento, abaixo). Seja qual for a razão, você se estica e se dobra de formas que a maioria não consegue.\nEm termos de jogo, esta Qualidade concede -2 de dificuldade em rolagens que envolvam flexibilidade física – tentativas de escapar, contorções etc. Sua personagem também consegue realizar feitos impressionantes de hiperflexibilidade, como os vistos no Cirque du Soleil, na dança butô e em posturas extremas de ioga.
Hyperfocus	Com tempo e ausência de distrações, você consegue concentrar a mente a um grau fora do comum. Para cada hora de concentração sem distrações numa tarefa mundana (não numa rolagem de conjuração mágica), você pode somar um dado à sua parada em cada rolagem feita durante uma ação estendida (como descrito em Mage 20, p. 389). Esse bônus tem limite de três dados no total. Assim, se Nix tem Hiperfoco e passa duas horas numa tarefa, o jogador soma dois dados extras à parada de Nix; três horas dão três dados, mas quatro horas continuam dando três. Esses dois ou três dados, porém, são usados toda vez que o jogador de Nix rola para completar aquela ação estendida.\nComo dito acima, esta Qualidade não ajuda em rolagens de conjuração mágica. Por causa do tempo necessário de concentração – e da ausência de distrações –, o Hiperfoco também não ajuda em combate, embora uma personagem estrategista possa hiperfocar no planejamento de uma batalha, mas não em travá-la depois que o combate começa. Na mesma linha, um mago pode usar o Hiperfoco para auxiliar nos elementos mundanos de um ritual – veja Rituais e Habilidades Mundanas, Mage 20, p. 541.\nO hiperfoco extremo costuma (embora não exclusivamente) ser associado a pessoas do espectro autista, ainda que algumas autoridades afirmem que a perseveração (veja o Defeito Trava Mental) é uma forma mais precisa de olhar para esse tipo intenso de concentração. Com ou sem autismo, esta Qualidade é útil para Herméticos, tecnomantes, xamãs e outros magos cujas práticas dependem de dedicação extrema a certas tarefas.
Hypersensitivity	Extraordinariamente aberto às sensações físicas, você possui uma profundidade de sensibilidade que a maioria das pessoas nem consegue conceber. Um simples gole de vinho lhe revela a safra; um sopro de fumaça denuncia a qualidade (ou a falta dela) e a origem do tabaco queimado; um toque leve pode invocar êxtases orgásmicos.\nEm termos de história, você "cai" com facilidade dentro de uma sensação prazerosa, saboreando-a muito além da sensibilidade humana comum. Em termos de sistema, você reduz a dificuldade em -2 ao tentar usar uma rolagem de Percepção + Prontidão para identificar detalhes de uma sensação. Supondo que você use instrumentos como Trabalho Corporal, Drogas, Energia, Contato Visual, Comida e Bebida ou Sexo e Sensualidade (e você provavelmente usa a maioria deles, se não todos), consegue extrair mais dessas sensações, o que lhe permite empregar tais instrumentos mais rápido e, talvez (opção do Narrador), lhe dá -2 na dificuldade das rolagens de Habilidade associadas. Os limites normais de modificador continuam valendo.\nPor outro lado, sensações dolorosas e superestimulação podem disparar agonias paralisantes e pânico intenso. Sempre que você experimentar uma sensação dolorosa sem consentimento (ou seja, ser açoitado contra a vontade, submetido a música alta que não queria ouvir, ou ferido por algo que não queria que o ferisse), precisa fazer uma rolagem de Força de Vontade para não ser "puxado para o fundo" e ficar atordoado pela dor por um turno ou dois. (Veja Atordoamento em Mage 20, p. 417.) A dificuldade depende da intensidade da dor – de 4 para um incômodo pequeno a 10 para uma agonia de gritar. Como qualquer Cultista pode lhe dizer, o êxtase é mesmo uma via de mão dupla!\nEmbora esta Qualidade combine bem com Sentidos Aguçados, ela não pode ser adquirida por uma personagem que também seja Insensível à Dor (detalhada abaixo).
Impossible Ritual	Você conseguiu, de algum modo, desenvolver um ritual que funciona a partir de um Caminho que normalmente não os permite (como Metamorfose) ou que depende de vários Caminhos (como um ritual que exija Fogo do Inferno e Manipulação das Sombras). A mecânica exata desse ritual deve ser desenvolvida com o seu Narrador mas, claro, não pode superar o valor que você tem no Caminho (ou nos Caminhos) em que ele se baseia.
Impressive Restraint	Quando você não se alimentou, estar perto de mortais pode ser uma tortura. O martelar do sangue nas veias deles não o tenta nem de perto tanto quanto tentaria outros Cainitas. Quando a oportunidade aparece, a dificuldade de todas as rolagens de Autocontrole para resistir à fome recebe -2. Personagens em Caminhos de Iluminação que exijam Instinto não podem adquirir esta Qualidade.
Incantation	Sua personagem aprende um único Encantamento. Esta Qualidade pode ser comprada várias vezes durante o jogo, cada vez para um Encantamento novo. O custo é de seis pontos de experiência.
Indelible	Enquanto o corpo dos outros vampiros volta a cada noite ao estado em que estava no Abraço, quaisquer modificações corporais que você adquira depois do Abraço permanecem como estão até que você gaste ativamente um ponto de Força de Vontade para devolver o corpo ao seu estado de tabula rasa. Esta Qualidade vale desde mudanças simples, como pintar ou cortar o cabelo, até modificações complicadas, como tatuagens, piercings ou mesmo pequenos implantes.\nSe a Qualidade permitir apenas alterações cosméticas, vale 1 ponto. Se permitir alterações mais utilitárias, como implantes de RFID que acionam certos dispositivos eletrônicos, vale 2 pontos.
Inner Knight	No fundo do seu coração, você é um herói. Enquanto seus companheiros trabalham pelos próprios fins egoístas, você encarna um propósito mais alto. Esse propósito o guia de formas estranhas que, às vezes, parecem movidas por uma força maior que você – uma força nobre, naturalmente, mas que transcende até a sua Iluminação pessoal. Em sonhos, você se vê como Guerreiro da Razão, Campeão da Verdade. Um paladino. Um gênio. Um cavaleiro de tudo o que vale a pena defender.\nPensada mais para operativos Tecnocratas e tecnomantes céticos que para magos que aceitam a reencarnação como verdade metafísica, esta Qualidade lhe concede dons especiais quando parece que toda esperança se perdeu. Esses dons permitem: acessar Traços que você não possui, como no Antecedente Sonho (com valor 5), mas sem entrar em transe; somar cinco pontos temporários ao seu Traço de Força de Vontade, para usar durante aquela crise de "esperança perdida"; e talvez recordar coisas de uma vida anterior que a personagem não teria como saber – um idioma que ela não fala, uma rota de fuga num lugar onde nunca esteve, uma pessoa que nunca conheceu e assim por diante.\nEsses impulsos duram apenas pela cena em curso, mas trazem uma explosão de energia vitalizante e a sensação de que o herói interior veio de novo salvar o dia.\nNão é o tipo de coisa sobre a qual se fala, claro, ainda mais se você for agente da União Tecnocrata. Os benefícios, porém, não podem ser negados, mesmo que a fonte deles seja claramente… bem, improvável, na melhor das hipóteses. E, embora esta Qualidade tenha sido criada originalmente para o suplemento Guide to the Technocracy, qualquer mago com senso de propósito maior pode adquiri-la. Só lembre que a maior diferença entre um cavaleiro e um assassino é o lado da espada em que você está na hora.
Inner Strength	Diante da adversidade, você vence. Em termos de sistema, esta Qualidade reduz em -2 a dificuldade das rolagens de Força de Vontade quando você luta contra probabilidades aparentemente esmagadoras.
Innocent	Você é sempre visto da forma mais positiva possível, a menos que existam provas em contrário. Se fizer algo errado e o ato não for facilmente atribuído a você, é bem provável que a culpa recaia sobre outra pessoa. Isso não significa que você seja "um inocente" — significa apenas que todo mundo acha que é.
Inoffensive to Animals	Com raras exceções, os animais em geral detestam os Cainitas. Uns fogem, outros atacam, mas todos não gostam de estar perto de um vampiro. Você não tem esse problema. Os animais podem não gostar da sua companhia, mas não fogem ativamente de você.
Insensate to Pain	Nada dói até matar você. Certo, provavelmente dói, mas não o bastante para atrasá-lo. As penalidades de ferimento não afetam sua personagem de forma alguma; até morrer, ela costuma funcionar com as paradas de dados intactas. Esta Qualidade não muda de forma alguma o modo como ela recebe dano – para isso, veja a Qualidade abaixo –, mas muda radicalmente o modo como esse dano afeta a capacidade dela de fazer as coisas.\nHá, claro, um lado ruim nisso tudo: a dor nos avisa que não estamos funcionando direito e que provavelmente é melhor parar enquanto dá tempo. Assim, você também vai acabar se queimando sem querer, tentando andar com as pernas quebradas e só notando cortes quando o sangue já atravessa a camisa. Embora a dor não o atrase, ossos e órgãos despedaçados atrasam. Ferimentos que causem limitação física considerável (pernas esmagadas, crânio quebrado, olhos arrancados etc.) se sobrepõem à sua imunidade usual às penalidades de dados por ferimento, e você pode causar mais dano letal a si mesmo (opção do Narrador) se continuar depois que o corpo tenta lhe dizer para parar.
Instrument of God	Sua autoconfiança não vem da crença nas próprias capacidades, mas de um mandato direto do Senhor. Você tem um propósito divino e Ele age por meio de você, ainda que seus objetivos possam parecer tudo menos santos. Seja pela força da sua vontade, seja por uma ligação real com o divino, você ganha três dados adicionais para resistir aos poderes da Fé Verdadeira usados contra você, inclusive para absorver dano de capacidades de Fé Verdadeira.
Inter-Agency Liaison	Você trabalha para duas agências ao mesmo tempo. Ou é oficial de ligação entre elas — a Segurança Interna é um disfarce prático para a CIA ou a NSA enfiarem o nariz no FBI, e vice-versa — ou seus atuais empregadores não sabem para quem você realmente trabalha. De todo modo, você pode recorrer à inteligência e aos recursos das duas agências quando precisa. Você precisa comprar o Antecedente Patente para cada agência separadamente, e sua Patente na agência "de origem" precisa ser igual ou maior que a da agência nova.
Introspection	Você tem uma percepção aguçada das segundas intenções de todos os seus atos. Por esse exercício noturno, você também tem uma percepção incrível dos motivos ocultos por trás dos atos alheios. Some dois dados à sua parada de Percepção quando precisar agir contra alguém com a mesma Natureza ou Comportamento que você.
Iron Will	Quando você está determinado e decidido, nada o afasta dos seus objetivos. Personagens usando Dementação, Dominação ou qualquer outra magia, feitiço ou caminho de Taumaturgia que altere a mente contra a sua personagem sofrem +3 de dificuldade.\nNíveis de ancião de poderes como Dementação e Dominação podem superar até essa resistência. Contra poderes de Nível Seis, gastar um ponto de Força de Vontade pela Vontade de Ferro aumenta a dificuldade da rolagem de Disciplina em apenas dois. Contra poderes de Nível Sete, o aumento é de apenas um. Poderes de Nível Oito ou acima não podem ser resistidos com Vontade de Ferro.\nEsta Qualidade não afeta Presença nem outros poderes que lidem com emoções. Personagens com Força de Vontade abaixo de 8 não podem adquiri-la.
Jack-of-All-Trades	Você sabe um pouco de muita coisa. Ao tentar uma rolagem usando uma Perícia (não um Talento) que sua personagem não possui, você não sofre a penalidade usual. (Veja Perícias, Mage 20, p. 279.) Se estiver tentando usar um Conhecimento que ela não possui, ainda pode rolar, mas com +2 na dificuldade normal. (Veja Conhecimentos, Mage 20, p. 283.)\nComo os Talentos representam dons inatos afiados pela prática, esta Qualidade não dá acesso a Talentos que sua personagem não possui.
Judge's Wisdom	Por uma autodisciplina firme, você dominou suas emoções até uma perfeição vulcana. Nenhum ataque baseado em paixão abala seu julgamento, e os golpes baixos dos demônios que torcem corações têm pouco domínio sobre você. Em regras, você permanece imune a Efeitos de Mente ou Vida que influenciem emoções (conforme detalhado em How Do You DO That?, pp. 60 e 120-122) e consegue ignorar a Disciplina vampírica Presença, a menos que o sugador de sangue tenha ao menos seis pontos nela. Poderes emocionais de metamorfos, fadas e outras criaturas do gênero não conseguem afetá-lo, embora você ainda possa ser possuído, controlado mentalmente, encantado e de outro modo dobrado ou quebrado, desde que o ataque não dependa de arrancar uma resposta emocional do seu comando sereno e perfeito.
Kashaph	O termo kashaph tem sentido ambíguo, derivado de uma raiz hebraica para "murmurar", e sugere feitiçaria e encantamentos falados. A palavra é usada no Antigo Testamento para condenar os praticantes de bruxaria. O verdadeiro kashaph está extinto há muito tempo — exceto entre os Inconnu. O kashaph é uma língua encantada e não pode ser "decodificada" pela linguística ou pela criptografia modernas. Os Inconnu a usam para se comunicar em segredo e também como método de reconhecimento mútuo.\nNovos membros dos Inconnu não aprendem kashaph por meios normais. Ela não pode ser estudada nem aprendida como uma língua convencional. Em vez disso, os membros são iniciados na sociedade por um ritual elaborado durante o qual a língua kashaph é inscrita na alma deles. Uma vez "aprendida" assim, a língua pode ser falada, mas não escrita (não existe forma escrita, e os sons não podem ser capturados com precisão por rabiscos fonéticos), e apenas outra pessoa com esta qualidade tem capacidade de compreender o que é dito em kashaph.
Keys to the Library	Você ocupa uma das posições mais cobiçadas da capela: bibliotecário. É seu dever catalogar e manter o saber mágico guardado ali. Isso significa que você tem acesso completo a ele e decide quem pode ou não vê-lo. Um vasto conjunto de rituais e conhecimento taumatúrgico reside ali, o que torna simples aprender muitos dos segredos da magia. Por mais restritiva que seja sua capela, você tem acesso irrestrito à biblioteca para pesquisa. O custo desta qualidade é igual ao valor de Biblioteca da capela (veja pp. 221-222).
King or Queen of Shadow	É difícil manter sua Humanidade dentro da Sabá, ou mesmo apenas como vampiro. Você, porém, tira força da sua capacidade de sentir empatia pelo rebanho. Qualquer teste de degeneração que faça enquanto estiver no Caminho da Humanidade tem a dificuldade reduzida em dois.
Kshatriya	Você é membro do jati Xátria; talvez seja um guerreiro, descendente de governantes ou militar. Seu papel é proteger os Ravnos na guerra e governar na paz. Uma vez por sessão, você recupera um ponto de Força de Vontade ao usar com sucesso uma manobra de combate (veja V20, pp. 274-278).\nVocê não precisa comprar esta Qualidade para ser membro do jati Xátria, mas só membros do jati Xátria podem tê-la.
Language	Você conhece um idioma além do seu nativo. Pode adquirir esta Qualidade várias vezes, cada uma representando um idioma diferente.
Lawman's Friend	Por alguma razão (talvez seu sorriso cativante, talvez apenas sua excelente técnica de bajulação), o Xerife ou o Bispo local encarregado da disciplina gosta de você. Ele tende a fazer vista grossa para suas transgressões menores e a lhe contar coisas que você não deveria saber. Chega a avisá-lo sobre batidas ocasionais e sobre épocas em que a cúpula não está lá muito generosa. Claro que abusar dessa conexão pode muito bem transformar um vampiro amistoso em inimigo — e a virada pode não ficar evidente até que seja tarde demais.
Legacy	Sua personagem vem de uma linhagem de caçadores; ou uma responsabilidade familiar foi passada adiante, ou ela é considerada "sucessora" de um caçador especialmente famoso ou bem-sucedido do passado. Ao comprar o Antecedente Contatos, você pode dobrar o número de contatos específicos que recebe por ponto. Como alternativa, pode comprar o Antecedente Artefato ou Relicário para representar uma herança poderosa.
Legendary Attributes	Dotado da força de Xangô ou da beleza de Lúcifer, você pode superar a capacidade humana em um Traço de Atributo. Esse Traço não fica automaticamente mais alto que o normal (você ainda precisa gastar pontos para elevá-lo), mas você pode comprar até seis pontos naquele Atributo, superando o limite usual de cinco.\nAlém desse máximo mais alto, você também ganha uma capacidade heroica ligada àquele Atributo. O mago com a força de Xangô pode sempre causar ao menos um nível de vitalidade de dano com golpes corpo a corpo, enquanto o sedutor luciferino pode obter um sucesso automático sempre que tentar encantar alguém que deveria saber das coisas. Esses bônus estão sempre sujeitos à aprovação do Narrador e só entram em vigor quando você alcança seis pontos no Traço em questão. Nem mesmo Lúcifer, afinal, tinha todo o seu charme quando era só um diabinho…
Legerdemain	Você é extremamente bom em prestidigitação e outros truques físicos. As dificuldades ao usar Manha para trapaças físicas, jogos de casca, truques de carta e afins são reduzidas em dois.
Lesser Mark of the Beast	Comum entre os Gangrel conhecidos como Cavaleiros de Avalon, você consegue controlar como sua Besta se manifesta mais que os outros. Sempre que fosse ganhar uma característica animalesca (V20, p. 55), role sua Força de Vontade atual (dificuldade 12 - Humanidade, máximo 9). Com sucesso, você consegue canalizar sua humanidade e evitar a característica. Sua Besta, porém, fica mais distante, o que lhe dá +2 de dificuldade em rolagens que envolvam Animalismo ou Proteanismo (ou Disciplinas combinadas com esses poderes) pelo resto da noite. Vampiros em Caminhos de Iluminação perdem todo o acesso a esta Qualidade.
Light Sleeper	Você desperta instantaneamente a qualquer sinal de problema ou perigo, e o faz sem sonolência nem hesitação. Você pode ignorar as regras que fazem a Humanidade ou o seu Caminho de moralidade restringir o número de dados disponíveis durante o dia.
Lightning Calculator	Sua cabeça é uma calculadora de capacidade impressionante. Com alguns instantes de reflexão, você realiza feitos matemáticos intrincados – talento útil para magos Herméticos, operativos do Sindicato, engenheiros Iluminados e outros magos que empregam matemática e geometria no trabalho.\nEm termos de sistema, esta Qualidade permite reduzir em -2 as dificuldades de rolagens baseadas em matemática e cálculo. Contas simples não levam tempo algum, enquanto problemas sofisticados podem exigir um turno ou mais. Obviamente, sua personagem precisa ter acesso aos dados corretos antes de fazer os cálculos… e lixo entra, lixo sai, então garanta que seus dados estejam certos!\nPara aplicações possíveis da matemática na magia, veja as entradas de instrumento Círculos e Desenhos Geométricos, Fórmulas e Matemática, Dinheiro e Riqueza, e Números e Numerologia em Mage 20, pp. 590-596, além das práticas de Hipereconomia (p. 573), Alta Magia Ritual e Hipertecnologia (pp. 578-579) e Hackeamento da Realidade (pp. 581-582). Lembre que Qualidades não podem reduzir a dificuldade de uma rolagem de conjuração abaixo do mínimo, nem em mais de -3. Dito isso, cálculos rápidos e precisos são auxílios úteis quando você usa Perícias Mundanas e Efeitos Mágicos, como descrito na entrada de mesmo nome (Mage 20, pp. 532-534). Conforme o feito, isso pode envolver uma rolagem de Inteligência + Acadêmicos para a maioria dos cálculos, Percepção + Acadêmicos para estimar chances ou dimensões geométricas, e Raciocínio + Acadêmicos para soltar estimativas rápidas com os dados mais grosseiros.
Lingua Franca	Você fala uma língua mista, formada de idiomas comuns que a maioria das pessoas que você encontra vai entender. Talvez não consiga travar discussões filosóficas, mas se vira em conversas na maioria dos lugares e consegue se comunicar o suficiente em situações difíceis.
Literacy	Você é um estudioso letrado, capaz de ler e escrever. Esta Qualidade pressupõe que você lê e escreve com fluência na sua língua natal, além do latim e de quaisquer idiomas obtidos pela Qualidade Multilíngue. Em algumas crônicas, o letramento pode ser presumido. Nesses casos, Analfabetismo vira um Defeito de 1 ponto.
Lizard Limbs	Como um lagarto, você consegue de fato desprender partes do próprio corpo. Gastando um ponto de sangue e um pouco de esforço, pode soltar uma mão ou um pé, ou até um braço ou uma perna. Isso pode servir para escapar de amarras ou de um agarrão. Infelizmente, o apêndice não se prende de volta, e você terá de fazê-lo crescer novamente com o tempo (em geral alguns dias para mão ou pé, e uma semana para um membro inteiro). Você também sofre penalidade de -3 dados em ações que exijam o uso de mais membros.
Local Hero	Você fez grandes coisas pela sua comunidade, e as pessoas o amam por isso. Talvez tenha expulsado os traficantes do bairro, enfrentado donos de cortiços, criado uma casa de apoio ou um centro religioso – seja lá o que tenha feito pelas Massas, você recebe comida de graça, descontos de "amigo da casa", lugares para dormir (possivelmente com companhia feliz!) e outras ofertas de agradecimento das pessoas que ajudou.\nTambém conhecida como Herói Popular, esta Qualidade representa sua popularidade entre os Adormecidos locais. Você reduz em -2 a dificuldade das suas rolagens sociais ao lidar com a gente da sua comunidade, e recebe ajuda e respeito constantes dessas pessoas sempre que precisa. A questão, claro, é que você precisa estar à altura da sua reputação heroica; dê as costas a essas almas gratas, ou tome a boa vontade delas como garantida, e você vira "herói de ontem" num piscar de olhos.
Long Fingers	Você foi abençoado com dedos incomumente longos e graciosos. Isso significa mais facilidade tanto na manipulação fina quanto em agarrões, ganhando um dado extra nessas ações.
Long-Term Planning	Você nunca deixa nada ao acaso; cada ação é um estratagema cuidadosamente pensado. Uma vez por sessão, você pode declarar que a ação que está prestes a realizar "fazia parte do plano" o tempo todo e reduzir a dificuldade dela em dois pontos. O Narrador pode vetar o uso desta capacidade em rolagens específicas. Jogador e Narrador devem anotar cada uma dessas ocasiões e decidir como elas se encaixam num plano maior.
Loyalty (Mage)	Você é especialmente devotado a certa causa, grupo, credo ou pessoa. Quando alguém tenta virá-lo contra o objeto da sua lealdade, você recebe dois dados de bônus na parada ao resistir com sua Força de Vontade. Se o ataque usar seu Traço de Força de Vontade como dificuldade, então quem ataca soma +2 à dificuldade ao tentar minar sua lealdade. (Veja o feito Resistir na tabela de Feitos Dramáticos de Mage 20, p. 403, e a entrada da Esfera da Mente no mesmo livro, p. 519.)\nNaturalmente, você precisa definir a origem e as razões da sua devoção ao escolher esta Qualidade. Essa lealdade também influencia muitas das suas escolhas de interpretação – amigos, inimigos, prioridades, foco mágico e outras coisas. Para uma diversão extra (ha ha), você pode complementá-la com o Defeito Lealdades em Conflito, descrito abaixo.
Loyalty (Vampire)	Embora os revenantes sejam ferramentas dos Cainitas, eles não são conhecidos por lealdade inabalável a um vampiro ou Clã em particular. Quando um membro de uma família revenante demonstra essa lealdade, isso chama atenção. A maioria desconfia de depositar confiança num vampiro ou Clã específico, e provavelmente tomaria providências para não ficar dependente demais de um único domitor.\nA personagem pode esperar favores ocasionais do Clã de vampiros que controla sua família revenante. Ela também pode receber liberdade considerável para perseguir os próprios interesses, já que os vampiros "confiam" que ela está trabalhando pelos objetivos do Clã. Lealdade é também uma boa Qualidade para escolher se a personagem estiver sendo preparada para o Abraço, especialmente se aquela revenante conhecer sua futura senhora.\nUsado por: Ducheski, Rossellini, Irmandade de Kairouan e Servos de Anushin-Rawan
Lucky	Você nasceu com sorte — ou então o Diabo cuida dos seus. De um jeito ou de outro, você pode repetir três rolagens fracassadas por história, inclusive falhas críticas, mas só pode tentar uma vez por rolagem fracassada.
Magic Resistance	Você tem uma resistência inerente aos rituais dos Tremere e aos feitiços dos magos de outros Clãs. A dificuldade de toda magia desse tipo, maliciosa ou benéfica, é dois pontos maior quando dirigida a você. Você nunca pode aprender Disciplinas mágicas como Taumaturgia e Necromancia.
Manifest Avatar	Para a maioria dos magos, o Avatar continua sendo uma figura misteriosa, provocando de longe e aparecendo sobretudo dentro de uma Busca ou em outros momentos de estresse intenso. Para você, porém, o Avatar é uma presença vibrante na sua vida, tão real quanto qualquer pessoa. Sendo essencialmente uma personagem por direito próprio, esse Avatar manifesto interage com você quase todos os dias. Em certas situações, pode interagir com outras pessoas, tão manifestamente real quanto qualquer um no seu mundo.\nA Qualidade Avatar Manifesto encarna o Avatar como personagem completa sob controle do Narrador. Sozinha, ela representa o Avatar como alguém que só o mago associado enxerga, ouve e com quem interage fisicamente; combinada com o Antecedente Aliados, porém, o Avatar vira uma personagem que todos podem ver, ouvir e sentir. Nos dois casos, ele vai e vem como quer, preso apenas às leis físicas às quais escolhe se prender. A casca física do Avatar pode ser ferida ou morta, mas isso em si não mata o Avatar – mata apenas o corpo dele. Por razões óbvias, esse Avatar sólido deve ter um disfarce que não seja vulgar ou bizarro demais para a Consciência Coletiva suportar – uma figura encapuzada e sussurrante, talvez, mas não uma monstruosidade guinchante e cheia de tentáculos. Os Traços do Avatar manifesto dependem do valor do Antecedente Aliados e da forma física daquela encarnação. Um Avatar equino ou lupino, por exemplo, terá Traços diferentes de um que se manifeste como corvo, sombra, espelho ou criança.\nSeu Avatar não pendura uma placa no pescoço anunciando "Avatar". No livro de Tradição do Culto do Êxtase da primeira edição, por exemplo, Cassie lida com um Avatar manifesto chamado Aria, que jamais se revela como outra coisa que não uma criança selvagem, perturbadoramente parecida com uma versão de Cassie de outra realidade, e que sabe coisas que ninguém deveria saber sobre o passado, o presente, o futuro e o íntimo de Cassie. (Para detalhes, veja aquele livro, pp. 5-45.) A menos que o mago ou o Avatar anunciem a verdadeira identidade dele, os outros personagens em geral não pensam que seu Avatar manifesto seja outra coisa além do que aparenta. Magos ou Gente da Noite capazes de ver auras ou almas podem sacar, mas a maioria continua no escuro.\nUm Avatar que se manifesta apenas para o mago só consegue afetar o mundo material quando nenhum outro personagem ou dispositivo pode vê-lo, embora possa aparecer aos outros como presença on-line, figura fantasmagórica, sons estranhos ou outros fenômenos. Um Avatar baseado em Aliados permanece tão sólido quanto quiser, sem os poderes de um mago humano mas dono (literalmente) do poder de surgir e sumir quando deseja. De novo: o Avatar Manifesto é personagem do Narrador, com agendas e esquisitices de comportamento que confundem tanto o mago quanto o jogador. Embora tenha em vista o bem do seu mago, ele pode assumir o papel de rival, amante, melhor amigo ou nêmesis… possivelmente todos ao mesmo tempo.
Mark of Favor	Uma entidade divina o reivindicou como seu e estampou nos seus traços a prova dessa posse. Você pode ter os cabelos ruivos e revoltos e os olhos matreiros de Reinaldo, a Raposa; o temperamento forte e o físico avantajado de Thor; a fúria compassiva de Cristo no olhar; ou a perna manca de Legba e o gosto por cachimbos de sabugo e tabaco. Quem conhece o saber sobre a forma divina associada reconhece essa Marca do Favor, e mesmo quem não sabe por quem você foi marcado percebe que há algo especial em você.\nExcelente companheira do Antecedente Lenda, e já um elemento do Antecedente Totem (veja Marca do Totem em Mage 20, p. 327), este Traço fornece uma ligação reconhecível com uma forma divina renomada. Se isso é de fato sinal de favor divino, claro, depende da metafísica teológica preferida do seu Narrador. Para sua personagem, é totalmente. Note que esse favor nem sempre é coisa boa; a mitologia está cheia de gente que teve relações disfuncionais com pais e padroeiros divinos!\nAo lidar com quem reconhece a Marca e respeita a divindade que a concedeu, você subtrai -2 da dificuldade das rolagens sociais cabíveis. Opositores do seu padroeiro divino o consideram inimigo e, embora rolagens do tipo intimidação ainda recebam -2 de dificuldade, as que tentam cair nas boas graças dessas pessoas somam +2 em vez disso.\nUma Marca do Favor pode, a critério do Narrador, conceder também outros talentos miraculosos. Coisas estranhas acontecem, e elas ficam fora do controle da personagem Marcada. Alguém escolhido pela Virgem Maria pode ter um leve toque curativo, enquanto o escolhido de Thor tem um toque literalmente chocante quando fica bravo. De novo: esses poderes existem inteiramente ao capricho do Narrador e servem ao sabor da história, não aos desejos do jogador. Basicamente, são milagres concedidos pelo seu deus, dados e tirados de formas misteriosas.
Master of Red Tape	Um sábio da burocracia, você abre caminho no obstrucionismo oficial. Quando a papelada se desenrola no seu caminho, você sabe com quem falar, que formulários preencher e onde estão as brechas. Umas poucas ligações para as pessoas certas, e os obstáculos oficiais somem como por magia. Afinal, não é o que você pede, é a quem você pede, e como.\nDiante do quase inevitável atoleiro burocrático, subtraia -2 de todas as dificuldades que envolvam lidar com o sistema. Para usar esta Qualidade, você precisa decidir o que quer alcançar e como pretende fazê-lo. Sua personagem faz as ligações necessárias às pessoas necessárias, e os dados determinam o resto. Antecedentes como Identidade Alternativa, Reforços, Certificação, Contatos, Influência, Patente, Requisições, Lacaios, Armas Secretas e Espiões costumam envolver burocracias, e Aliados, Capela, Recursos e outros podem trazer papelada se vierem de uma organização maior. Embora seja mais útil para membros da União Tecnocrata, qualquer mago moderno pode achar proveito nela. Capelas Herméticas são famosas pela burocracia bizantina, e as cortes da China clássica praticamente inventaram esse tipo de coisa, o que torna esta Qualidade apropriada para os Wu Lung e para certos Akashayana monásticos.
Master of the Masquerade	Há muitos tiques pequenos, manias nervosas e funções corporais automáticas (como respirar) que os Cainitas simplesmente esquecem de fazer. Eles ficam perturbadoramente imóveis ou esquecem de respirar, sobretudo quando pensam estar sozinhos. Você nunca baixa a guarda. O ato de respirar continua sendo hábito inconsciente para você, e você jamais cai naquela imobilidade sinistra de estátua, mesmo quando está absorto ou concentrado. Por isso, as dificuldades de todas as rolagens Sociais caem em um ao interagir com mortais. Esta Qualidade não permite comer alimentos nem se beneficiar do rubor da saúde (V20, p. 480) — essas Qualidades continuam necessárias para ser um verdadeiro mestre da Máscara.
Mechanical Aptitude	Ah, seu tecnófilo! Abençoado pelos deuses das máquinas, você tem jeito com engenhocas mecânicas. Como na maioria das Qualidades deste tipo, esse tino permite reduzir dificuldades em -2 nas rolagens ligadas a trabalhar com tecnologia mecânica. Não, você não precisa ser tecnomante para usar esse dom, muito menos membro da Tecnocracia; ainda assim, esse tino sugere que a tecnologia mecânica significa muito para você, o que – por extensão – sugere que seu paradigma, sua prática e seus instrumentos têm algo a ver com aplicações de princípios e tecnologias mecânicas. Para sugestões, veja os paradigmas Um Cosmos Mecanicista, Tudo é Dado e A Tecnologia Tem Todas as Respostas em Mage 20, pp. 568-571, além das práticas e instrumentos relacionados e do material correspondente no Capítulo Três deste livro. Para aplicações mais práticas, veja a seção O Mundo Tecnológico de Mage 20, pp. 458-464.
Medium	Você tem afinidade natural para sentir e ouvir espíritos, fantasmas e sombras. Embora não consiga vê-los, você os sente, fala com eles e, por súplica ou lábia, os atrai à sua presença. Pode pedir ajuda ou conselho a eles, mas sempre haverá um preço. Além disso, sua dificuldade é reduzida em dois em todas as rolagens de Prontidão envolvendo os espíritos dos mortos.
Mole	Você tem um informante infiltrado numa das organizações inimigas da sua Seita, que lhe passa todo tipo de informação sobre o que os pares dela andam aprontando. O que você faz com essa informação é escolha sua, mas abusar do conhecimento pode ser um bom jeito de fazer seu informante ser morto. O outro lado também tem espiões…
Monstrous Maw	Você tem presas do tamanho de defesas ou uma boca enorme cheia de dentes afiados. Seja qual for a forma, sua boca é de monstro. Ao atacar com uma mordida, você causa um ponto adicional de dano. Você também pode somar um dado à sua parada de Intimidação quando sorri.
Mortuario	Você morreu. Talvez tenha sido assassinado, talvez tenha sofrido um acidente de carro. Seja qual for a causa, você se foi. Mas seu senhor o achou útil demais, ou não conseguiu deixá-lo partir. Você foi Abraçado pelo ritual Chamado do Barqueiro (veja p. 109). O Abraço lhe deixou as cicatrizes da sua morte, lembretes eternos entalhados da sua viagem ao outro lado. Deixou também a pele esticada e pálida dos mortos.\nAlém da fraqueza tradicional do seu Clã, você sofre a desfiguração do seu tempo como cadáver de verdade. Embora consiga se curar como qualquer outro vampiro, os ferimentos não fecham limpos. Você retém as cicatrizes de cada experiência. Dependendo da natureza do dano, isso pode tornar as relações sociais extremamente difíceis e reduzir seus pontos de Aparência com o tempo (até 0). Por outro lado, seu tempo do outro lado da Mortalha também lhe deu um tino natural para a magia de sangue necromântica. As dificuldades de todas as rolagens de Necromancia são reduzidas em um. Este traço custa 4 pontos para personagens que já tenham Aparência 0 (como Samedi e Precursores do Ódio), ou 2 pontos para qualquer outro Cainita. É condição incrivelmente rara mesmo entre os Giovanni, e praticamente desconhecida fora do Clã.\nGiovanni com esta Qualidade em geral despertam a superstição do próprio Clã e são tratados com clara desconfiança, sobretudo pelos anziani. Personagens com a Qualidade Mortuario não podem possuir também a Qualidade Incongruência Sanguínea nem defeitos semelhantes, como Monstruoso.
Multi-Lingual	Por paciência, estudo e/ou imersão, você fala outro idioma ou outros idiomas com fluência de nativo. Isso representa domínio pleno da língua. Para cada ponto de Inteligência que sua personagem possui, você pode conhecer mais um idioma. Você também pode usar esta Qualidade para representar códigos secretos, gírias fechadas, jargões ou línguas de sinais. Idiomas adicionais aumentam o custo desta Qualidade em um ponto por idioma.
Mute Devotion	Seu Animalismo traz um efeito colateral incomum: ele permanece na mente das bestas com quem você fala ou que controla, dando a elas certa resistência aos outros. Quando alguém tenta comandar uma criatura que você já controlou com Animalismo, a dificuldade dessa pessoa sobe +2.
Natural Channel	Você tem afinidade inata com os Outros Mundos. Deslizar do reino mortal para os Três Mundos é mais fácil para você que para os outros Despertos. Em termos de sistema, você subtrai -2 da dificuldade das suas rolagens para atravessar a Manopla. Em termos de história, a travessia parece, para você, uma espécie de retorno primal ao lar, como se você existisse entre mundos num nível elemental.
Natural Leader	Você é dotado de certo magnetismo diante do qual os outros naturalmente se curvam. Você recebe dois dados extras nas rolagens de Liderança. Você precisa ter Carisma 3 ou mais para comprar esta Qualidade.
Natural Linguist	Você tem talento para idiomas. Pode somar três dados a qualquer parada de dados que envolva línguas escritas ou faladas, e cada compra da Qualidade Idioma (página anterior) lhe dá dois idiomas em vez de apenas um.
Natural Shapeshifter	Guiado por uma afinidade inata com a metamorfose, você muda de forma com mais facilidade que a maioria dos magos. Essas mudanças ainda exigem os Níveis e Efeitos usuais da Esfera da Vida, mas sua dificuldade nessas rolagens é reduzida em -2 (valem os limites de sempre), e você não precisa se preocupar em se perder na nova forma, como descrito em How Do You DO That?, p. 20. Esses talentos não o ligam necessariamente à Gente da Noite, embora esta Qualidade combine bem com Sangue Feérico ou Parente de Metamorfo (e também com o Defeito Mental Mente Feral; veja p. 52). O dom não afeta, porém, sua capacidade de mudar a forma de outras pessoas. Ele funciona só para você.\nPara um paradigma e uma prática possivelmente relacionados, veja as entradas do Capítulo Três Fomos Feitos para Ser Selvagens (p. 93) e Animalismo (pp. 197-199).
Nephilim /Laham	Há muito tempo, dizem, imortais caminhavam sobre a terra, gerando uma prole cujos descendentes ainda vivem entre nós. A Bíblia hebraica os chama de nephilim, palavra ambígua que parece ligada a raízes que significam "caídos", "prisioneiros" e "vigias". Transliterações posteriores os chamam de gigantes, monstros, sentinelas e os caídos (ou violentos). Eram deuses? Anjos? Demônios? Nem os Despertos sabem ao certo; você, porém, carrega um pedaço de essência da Alta Umbra dentro de si, e essa herança nephilim – às vezes chamada pelo nome de sangue demoníaco laham – o marca como algo mais que meramente humano (Desperto ou não).\nEncruzilhada viva entre o Reino Astral e o mundo mortal, você existe num estado elevado de essência espiritual. Sua aura arde com intensidade sobrenatural, e sua presença assusta muitos habitantes dos Outros Mundos. Sua ligação com entidades da Alta Umbra pode envolver um parentesco distante com progenitores primordiais, ou as atividades bem mais recentes de mortais e espíritos que dividiram uma relação distintamente carnal. ("Mãe, sério – eu preciso saber a verdade sobre o papai.") Você é meio demônio? Descendente de um anjo? Gerado por uma entidade cuja natureza transcende conceitos mortais como "bem" e "mal"? Você provavelmente nem sabe, embora acontecimentos da sua crônica possam revelar a verdade, queira você ou não.\nEm termos de sistema, esta Qualidade traz os seguintes ônus e benefícios: como dito acima, sua aura arde com clareza e brilho desumanos. Seu temperamento puxa ao do seu ancestral umbral, e você tende a agir de acordo. Você precisa adquirir ao menos três pontos em Defeitos Físicos para refletir a natureza instável da sua forma física e as energias metafísicas que ela contém; esses Defeitos não contam para o seu total de pontos de Defeito, nem lhe rendem pontos.\nEssas energias lhe dão Quintessência 7, e esses pontos se renovam automaticamente até esse máximo de sete toda vez que você dorme, independentemente do seu Avatar. Se a crônica usa as regras de Ressonância do Capítulo Dois, você começa com três pontos de Ressonância, não um. Se não usa, você recebe três pontos do Defeito Ecos. De novo, esses fenômenos refletem o temperamento do seu ancestral umbral.\nVocê subtrai -1 das dificuldades das suas rolagens de conjuração ao lançar Efeitos usando a Esfera da Mente, a Esfera do Espírito, ou ambas, em relação à Alta Umbra. Se, por exemplo, a maga laham de sangue demoníaco Jenatrix quisesse ler a mente de alguém, sua dificuldade seria normal; se quisesse projetar seu eu astral na Alta Umbra, porém, reduziria a dificuldade em -1. Você pode viajar fisicamente até a Alta Umbra usando um Efeito de Mente 4/Espírito 3.\nAo tentar intimidar, comandar ou barganhar com entidades da Alta Umbra, você soma dois dados à parada que estiver usando na tentativa. (Para detalhes, veja O Processo de Barganha em How Do You DO That?, pp. 91-95.) Apesar da vantagem, porém, usar sua herança estranha como alavanca não vai exatamente cair nas graças das entidades em questão. Nessas negociações, costuma ser mais construtivo usar a cenoura que o porrete.\nNa mesma linha, você sofre penalidade de +2 na dificuldade das rolagens para resistir, absorver ou anular rituais lançados por magos Herméticos de Alta Magia Ritual ou por clérigos Despertos das denominações judaica, muçulmana e cristã. Essa gente passou milênios estudando os seus, e seja você anjo ou demônio, eles sabem lidar com você melhor que a maioria dos magos. (Por rituais, entendemos magias cerimoniais de rolagem estendida, não feitiços improvisados. Suas chances são tão boas quanto as de qualquer um se um feiticeiro atirar um raio em você; se ele desenhar um círculo de convocação, porém, você está meio ferrado.)\nA critério do Narrador, você também pode receber até sete pontos nas Vantagens descritas em Mage 20, p. 658 (e ampliadas no suplemento Gods, Monsters & Familiar Strangers). Personagens laham de sangue demoníaco podem, em vez disso, adquirir até sete pontos nos Investimentos demoníacos descritos no suplemento de Mage: The Sorcerers Crusade chamado Infernalism: The Path of Screams ou no suplemento de Mage 20 The Book of the Fallen. Nos dois casos, esses benefícios adicionais e opcionais são equilibrados por um Defeito de Perturbação de cinco pontos à escolha do Narrador (veja Mage 20, pp. 648-650).\nEmbora o jogador possa não saber de que tipo de entidade sua personagem descende, o Narrador deve determinar essa herança e então plantar pistas (sonhos, visões, saudações estranhas de personagens que parecem saber mais sobre a maga do que ela mesma…) ao longo da história. Ele também deve passar notas de interpretação ao jogador: este Reino parece familiar, embora você não se lembre de ter estado aqui antes; você quase consegue sentir o gosto do mal na alma daquela garota; cara, você só quer arrancar a garganta daquele sujeito e não sabe bem por quê… O jogador, claro, pode tirar suas próprias conclusões – conclusões que talvez não sejam nem um pouco corretas.\nEsta Qualidade combina bem com Qualidades como Atributos Lendários, Nove Vidas e Duro de Matar, com Defeitos como Inimigo Imortal, Marcas Primais ou Sem Sombra nem Reflexo, e com Antecedentes como Culto, Domínio e Vida Passada. Como na Qualidade "Imortal" (acima), este Traço pode ser poderoso demais para personagens de jogador. Personagens coadjuvantes, porém, podem descender de nephilim, o que renderia aliados potentes e inimigos memoráveis.
Nightsight	Ao contrário da maioria das pessoas, você enxerga em escuridão quase total. Só a ausência completa de luz visível anula esta capacidade. Mesmo na luz mais fraca, suas capacidades visuais permanecem essencialmente intactas.\nEsta Qualidade não aumenta a capacidade visual da sua personagem – para esse dom, veja Sentidos Aguçados, acima; ela significa, porém, que a luz baixa não impõe penalidade alguma às rolagens de percepção visual dela. Outros impedimentos visuais, como fumaça ou neblina, bloqueiam a visão normalmente, e a escuridão imposta magicamente (por exemplo, a causada por desviar a luz com a Esfera das Forças) anula esta Qualidade quando envolve a dispersão da própria luz.
Nine Lives	O destino lhe deu a oportunidade de chegar tão perto da Morte Final quanto se pode chegar e ainda sobreviver. Quando ocorrer uma rolagem que resultaria na sua morte, ela é refeita. Se a nova rolagem tiver sucesso, você vive — e uma das suas nove vidas se esgota. Se essa nova rolagem falhar, faz-se outra rerrolagem, até que haja sucesso ou até que suas nove vidas acabem. O Narrador deve manter uma contagem cuidadosa de quantas vidas restam à personagem.
Noble Blood	Embora o mundo moderno resista às velhas tradições de linhagem como marca de qualidade, seus traços o ligam a uma família poderosa; você é um Kennedy, um Windsor, um Saud, um Rothschild – alguém cujo pedigree é evidente na forma e na presença física.\nEm termos de história, esta Qualidade lhe dá os traços físicos óbvios de uma família "real" bem conhecida: o sorriso Kennedy, as orelhas Windsor e assim por diante. A família em questão não precisa pertencer a uma aristocracia formal; você pode ser um Kardashian, um Murdoch ou um Clinton, e que os deuses tenham misericórdia da sua alma. Por outro lado, seus traços distintos podem não ser lá muito atraentes (famílias reais são notoriamente consanguíneas), e vão marcá-lo para os inimigos daquele clã.\nEm situações sociais, esta Qualidade pode valer -2 de dificuldade nas rolagens sociais que envolvam gente que se importa com aristocracia, mas também aumentaria sua dificuldade em +2 ao lidar com quem odeia aquela família nobre! Em todos os casos, ela representa uma ligação genética real, e não mera semelhança cosmética… o que pode gerar todo tipo de complicação quando a magia e suas histórias secretas entram em cena.\nEmbora possa render algum trunfo social, esta Qualidade não fornece de forma alguma riqueza material ou outras regalias. Para essas mordomias, veja Antecedentes como Influência, Patente, Recursos e afins no livro básico de Mage 20, Capítulo Seis. Para os benefícios sociais de uma presença régia, veja a Qualidade Social Porte Régio, em outro ponto deste capítulo.
Non-Standard Access	Todo mundo que trabalha para uma das agências da sopa de letrinhas do governo dos EUA tem acesso a informação indisponível ao público, mas você tem acesso a segredos muito acima do seu nível hierárquico. Talvez alguém no Pentágono lhe deva a vida, ou talvez você simplesmente encontre arquivos num velho ponto morto. Uma vez por história, o Narrador garante que você receba informação sigilosa útil à sua operação atual. A informação é sempre útil e correta, mas não necessariamente completa. Embora seja perigoso explicar como você obteve esse conhecimento, seu informante é confidencial e você ainda não sofreu nenhum vazamento.
Noted Messenger	Emissário conhecido entre grupos, você é tratado com certa deferência e cortesia que outros magos não receberiam. Até inimigos do seu grupo não tentam matá-lo por princípio, ainda que possam não ficar lá muito felizes em vê-lo. O que você tem a dizer recebe certo peso, e sua presença pode abrir portas (literais ou não) que continuariam fechadas para quase qualquer outra pessoa.\nEsse é o lado bom; o ruim é que você precisa se comportar (e manter os companheiros na coleira) quando está em território alheio. Passar mensagens falsas mina sua credibilidade, e comportamento inconveniente puxa o tapete de boas-vindas debaixo dos seus pés bem rápido. Nem é preciso dizer que quebrar uma trégua no exercício da sua função oficial (ou mesmo fora dela!) destrói sua reputação e recai muito mal sobre seus superiores. Além disso… bem, tem gente que realmente prefere matar o mensageiro quando as coisas não saem como queria. Pise nesse tapete vermelho com cuidado.
Occult Library	Sua personagem possui uma coleção valiosa de livros e tomos antigos sobre o arcano. Sempre que seu carniçal recorrer à biblioteca, você pode reduzir em 1 a dificuldade de rolagens de Inteligência, Ocultismo ou pesquisa nas circunstâncias cabíveis. Você pode estar tentando descobrir mais sobre um ritual taumatúrgico, ou tentando identificar um símbolo estranho.\nTer essa biblioteca não faz automaticamente do seu carniçal um perito em ocultismo, nem representa sua capacidade de decifrar, compreender ou ler os textos reunidos. Sua biblioteca está abastecida de conhecimento registrado que você pode consultar com facilidade. Se você comprou a versão de 4 pontos desta Qualidade, sua personagem também tem acesso a um Laboratório Oculto abastecido com ingredientes raros e misteriosos, necessários para realizar os rituais descritos nos seus livros.\nCarniçais a serviço dos Tremere, dos Seguidores de Set ou dos Assamitas, além de revenantes das famílias Obertus ou Ducheski, são bons candidatos a adquirir este Recurso.
Officially Dead	Segundo as autoridades, você não está mais entre os vivos. Talvez tenha forjado com sucesso a própria morte, ou alguém a tenha forjado por você quando você assumiu uma identidade nova. Qualidade especialmente comum entre operativos Tecnocratas, magos Herméticos e os Chakravanti, esse apagamento da vida anterior costuma ser parte obrigatória do serviço na Nova Ordem Mundial, na Iteração X e em certas Casas de Hermes. Para sua família, para o governo e para os velhos amigos, você está sete palmos abaixo do chão. Naturalmente, você precisará ser discreto quanto à sua existência continuada, se não quiser que essa morte fique mais permanente.
Old Pal	Um conhecido dos seus tempos de respiração foi Abraçado ao mesmo tempo que você. Felizmente, a amizade de vocês sobreviveu à morte e à não-vida, e você tem no velho amigo uma fonte constante de apoio e ajuda. Ela espera o mesmo de você, o que nem sempre é conveniente, mas ao menos cada um tem alguém a quem se agarrar e que se lembra das boas e velhas noites — e dos dias. O Narrador deve conduzir o Velho Amigo como um Aliado muito leal.
Open Road	Ao contrário de muitos Cainitas, você gosta de viajar. Tem conhecimento sólido de rotas e métodos seguros, sem falar em espaço de refúgio disponível em vários destinos. A menos que alguém saiba sua rota exata e esteja procurando especificamente por você, você se desloca entre cidades sem ser atrapalhado por encontros aleatórios com Lupinos, policiais rodoviários zelosos demais e coisas do tipo.
Oracular Ability	Você enxerga e interpreta sinais e presságios. Consegue tirar deles conselhos, pois trazem pistas do futuro e avisos do presente. Quando o Narrador julgar que você está em posição de ver um presságio, será exigida uma rolagem de Percepção + Prontidão, com dificuldade proporcional a quão oculto ele está. Com sucesso, você pode então rolar Inteligência + Ocultismo para interpretar o que viu; a dificuldade, de novo, é proporcional à complexidade do presságio.
Outside Haven	Você mantém seu próprio refúgio particular fora da capela e do controle Tremere. Espera-se que a maioria dos Tremere descanse na capela, onde o Clã pode ficar de olho neles. Você, porém, recebeu a confiança de um pouco mais de privacidade. Isso pode ser porque você já provou sua lealdade, ou talvez porque estejam justamente testando-a.
Pain Tolerance	Talvez você seja durão, talvez tenha desligado seus nervos com a Vicissitude. Talvez seu senhor o tenha submetido a tantos infernos intrincados que seria difícil alguém competir. Talvez isso simplesmente o excite. Seja como for, nos níveis Machucado ou Ferido você não sofre penalidade de ferimento, embora ainda sofra as penalidades integrais em Muito Ferido e abaixo. Você precisa ter Convicção ou Coragem 3 ou mais para adquirir esta Qualidade.
Pale Aura	Qualquer cor que a aura da sua personagem assuma tem um tom pálido, como se ele fosse um vampiro. A menos que o jogador obtenha cinco ou mais sucessos numa rolagem de Percepção da Aura, qualquer vampiro lê a aura do seu caçador como sendo de um Cainita.
Paragon	Os outros o acham particularmente atraente. Escolha um Antecedente entre os seguintes: Aliados, Contatos, Domínio, Fama, Rebanho, Influência, Mentor, Recursos, Lacaios ou Status. Você recebe um ponto gratuito nesse Antecedente, e seu valor máximo nele pode superar em um os limites normais de Geração.
Paranormal Link	Você está ligado a outra espécie estranha do mundo e, sem perceber, consegue compreender a linguagem, os códigos e os rituais dela. As dificuldades para decifrar os ritos e as línguas ocultas de uma sociedade (escolhida na compra desta Qualidade) são reduzidas em três.
Parlor Trick	Você aperfeiçoou um truque especial – uma aplicação simples, específica e não combativa das suas Artes – que consegue realizar sem rolagem de conjuração. Esses truques incluem coisas como conjurar um cartão de visita, mexer uma panela sem tocar na colher (nem na panela), acender o cigarro sem isqueiro nem fósforo, produzir um pouco de luz sem engenhoca mecânica, mudar a cor do cabelo com um balançar de cabeça e assim por diante. Para um Adormecido, esses truques parecem algo que uma pessoa normal faria com uma habilidade misteriosa. Você, claro, sabe que a habilidade em questão não é bem o que eles pensam.\nTrês regras importantes governam esta Qualidade: ela não pode ser um feito com aplicação direta de dano em combate (embora um truque de "acender o cigarro" também possa funcionar com um fio de gasolina escorrendo). Nada de garras saltando ou armas de fogo conjuradas! Precisa ser uma ação rápida e simples que uma testemunha Adormecida possa explicar como prestidigitação bem treinada. E os truques se limitam a coisas que você conseguiria fazer com Níveis de Esfera 1 a 3, valem para um único truque específico (conjurar uma rosa, digamos, e não conjurar qualquer coisa do tamanho de uma rosa), e você precisa ter as Esferas necessárias para realizar o feito. Esta Qualidade não permite lançar Efeitos acima das suas capacidades normais!\nCada truque custa três pontos e precisa combinar com o foco metafísico da sua personagem. Você pode adquirir esta Qualidade até três vezes no total. Feitos escancaradamente vulgares (fazer-se sumir em plena luz do dia) são proibidos, embora um uso esperto das circunstâncias (o velho truque de desaparecimento do Batman – veja How Do You DO That?, p. 77) possa entrar na sua cartola.\nEsta Qualidade existe para dar um brilho extra à sua personagem e à crônica. Ela não deve ser usada como atalho para driblar as regras, nem como arma secreta a ser usada sem consequências como o Paradoxo. Em circunstâncias desconhecidas e/ou hostis, como mexer a panela dos outros na cozinha dos outros, este Truque de Salão pode simplesmente não funcionar.
Patagia	Seus braços e pernas têm membranas de pele coriácea entre eles, parecidas com as de um esquilo-voador. Embora tornem um pesadelo achar roupas, elas também permitem planar por distâncias curtas, dada altura suficiente e um vento decente. O Narrador pode exigir uma rolagem de Esportes na hora do pouso.
Path Dabbler	Você aprendeu a dar umas bicadas em vários caminhos além daqueles a que se dedicou, o que lhe permite acessar os efeitos básicos de uma variedade de estudos mágicos. Todo dia, escolha um único Caminho no qual você não tenha valor algum; você é tratado como tendo um ponto nele pelo resto do dia, embora a dificuldade de usá-lo aumente em +1 e você não ganhe um Ritual gratuito (o que torna inútil escolher Caminhos de "Somente Rituais"). Você pode escolher um Caminho diferente a cada dia.
Path Natural	Você é naturalmente dotado para um Caminho de poder. Isso pode estar ligado às suas perícias mundanas, que se traduzem com facilidade em magia, a uma herança que chama certo poder, ou a um acordo que você fez com seres de outro mundo para se abrir a um poder maior. Na criação do personagem, escolha um Caminho; nele, você paga apenas três quartos da experiência, arredondando para baixo, para avançar de nível ou aprender rituais.
Patron	Você tem a sorte de contar com um personagem de certa riqueza e poder disposto a patrocinar seus empreendimentos. Presume-se que seu Patrono goste de você e esteja disposto a oferecer bens materiais para avançar o objetivo que vocês combinaram, desde que você não abuse do favor. A escala desta Qualidade diz respeito tanto ao poder do Patrono quanto à proximidade dele com você. Um Patrono de 1 ponto pode ser um vampiro distante mas poderoso, ou um mortal rico e entusiasmado com fundos irregulares. Um de 3 pontos pode ser um príncipe ou uma rainha mortal, ou um vampiro de certa posição mais disposto a financiá-lo ou defendê-lo com regularidade, enquanto um de 5 pontos é quase certamente sobrenatural e tem vastos recursos à disposição. Nada disso é de graça, porém, e de tempos em tempos (com frequência diretamente proporcional aos pontos investidos nesta Qualidade) seu Patrono pedirá algo a você. Em geral é imprudente dizer não.
Peacemaker	Você tem fama de ter juízo e de manter a palavra dada, custe o que custar. Por isso, seus aliados e companheiros de seita pedem que você medeie as disputas deles, mesmo com outras seitas. Esta Qualidade permite à sua personagem usar a reputação como alavanca para manter a paz em situações tensas. Reduza em 2 a dificuldade de todas as rolagens sociais para manter a paz ou mediar honestamente entre facções (mesmo de outras seitas).
Perfect Liar	Ah, meus deuses, como você mente bem! As inverdades escorregam da sua língua como água em folha de videira, e até quem o conhece bem tende a cair quando você começa a falar. Você também não tem os "sinais" habituais que denunciam um mentiroso: seus sinais vitais permanecem estáveis, seus olhos não tremem e sua voz nunca falha. A menos que alguém esteja literalmente lendo sua mente (usando magia da Esfera da Mente ou outro poder paranormal), você continua parecendo dizer a verdade; e, mesmo então, quem lê sua mente pode supor que você ao menos acredita estar dizendo a verdade!\nEm termos de história, as pessoas em geral acreditam no que você diz quando você mente sobre coisas pequenas e casuais que não sejam imediata e obviamente falsas. Nos dados, reduza a dificuldade em -2 quando estiver mentindo sobre algo importante. De novo: esta Qualidade não altera auras nem muda os pensamentos na sua cabeça, embora quem não puder monitorar ativamente sua alma tenda a lhe dar o benefício da dúvida. (Otários…)
Personal Masquerade	Por charme, manipulação ou pura sorte, você conseguiu convencer outros vampiros de que é membro de um dos Clãs. Em qualquer interação social com vampiros ignorantes da sua verdadeira natureza, a penalidade usual por ser Caitiff é ignorada. Contudo, você precisa vigiar constantemente sua farsa. Se alguém perceber que você o vem fazendo de bobo, a vingança será rápida. Quanto mais alto você sobe na política Cainita, mais provável isso fica. O Defeito Fraqueza de Clã pode até ser uma bênção para sustentar sua Máscara. Os outros, porém, precisam ser muito mais cuidadosos.
Physically Impressive	Você é um desgraçado imponente, não tanto grande quanto aparentemente perigoso, seja qual for o seu humor no momento. Isso pode ser tão evidente quanto cicatrizes ou um físico intimidador, ou tão intangível quanto o proverbial "ar de ameaça". Em termos de sistema, esta Qualidade soma dois dados a todas as rolagens de Traços Sociais que envolvam intimidar alguém; em termos de história, as pessoas o acham perturbador – e possivelmente atraente de um jeito perigoso – mesmo quando você não está tentando impressionar.
Piscine	A água é um ambiente bem mais confortável para você, seja o mar, seja o efluente de esgoto. Rolagens que envolvam nadar ou se mover debaixo d'água têm a dificuldade reduzida em 1.
Pitiable	Ah, coitadinho! As pessoas querem ajudá-lo, e você as deixa ajudar. Embora esta Qualidade reduza em -2 a dificuldade das suas rolagens sociais quando você tenta fazer alguém cuidar de você, ela soma +2 à dificuldade das rolagens que tentam intimidar as pessoas ou de outro modo fazê-las levá-lo a sério.
Poison Resistance	As toxinas podem deixá-lo doente, mas provavelmente não vão matá-lo. Embora venenos mágicos possam ser exceção à regra, seu corpo sacode de si os piores efeitos de venenos naturais e sintetizados.\nQuando atacado por essas substâncias, some dois dados à rolagem de Vigor da sua personagem ao resistir aos efeitos; um sucesso reduz a intensidade de toxinas potentes e elimina por completo os efeitos mais letais das mais fracas. Claro, ela pode se sentir meio tonta e ficar seriamente doente mas, mesmo que a rolagem falhe, provavelmente não morrerá.\nEmbora funcione contra bactérias tóxicas, esta Qualidade não protege contra doenças transmitidas por vírus, condições genéticas e afins. Para detalhes, veja Drogas, Venenos e Doenças em Mage 20, pp. 441-444 e 456. E, como intoxicantes também são toxinas, ela ajuda a sobreviver a overdoses de bebida ou drogas – veja Tolerância a Álcool/Drogas, acima.
Poisonous Blood	Por circunstâncias misteriosas, o sangue da sua personagem é venenoso para vampiros. Se um vampiro beber dele, cada ponto de sangue ingerido lhe causa um nível de vitalidade de dano contundente. Vampiros naturalmente têm rancor de mortais que se sabe possuírem essa bênção, e podem muito bem buscar a destruição deles. Os Narradores são encorajados a ter uma explicação para essa aberração nas suas crônicas, embora o jogador (e provavelmente a personagem) possa não ter acesso imediato a ela. Alguns exemplos são proteção sagrada de um poder superior, um ritual raro de proteção ou mesmo uma anormalidade genética.
Poker Face	Nada o abala. Nada. O surgimento de uma coisa anciã e titânica das profundezas do espaço talvez mereça um tremor preocupado do canto da boca, mas é basicamente isso. Ah, isso não significa que você não sinta nada – isso é o Defeito Mental Frieza, abaixo. Sua expressão impassível, seus olhos vazios e seu tom monocórdico, porém, não revelam nada dos seus pensamentos ou intenções… o que, para quem está do outro lado, pode ser bem desconcertante; reduza em -2 a dificuldade de rolagens de intimidação, manha e resistência à intimidação, somando +2 às dificuldades de quem tentar tirá-lo do sério ou entrar sob a sua pele, inclusive tentativas de ler, seduzir, torturar ou de outro modo furar essa cara de paisagem.
Postulant of Echidna	Você recebe a tutela de uma das Bruxas de Equidna. Esta Qualidade permite adquirir a Feitiçaria Setita como Disciplina de Clã no lugar de uma das suas. Se estiver fora da Ortodoxia Setita, você pode acabar caçado para integração ou destruição por outros do seu sangue. A maioria dos Postulantes de Equidna tem vários pontos no Antecedente Mentor para representar a tutora Górgona, embora a ausência de um Mentor possa sugerir que a Bruxa encontrou a destruição. Esta Qualidade é predominantemente Setita, mas correm boatos de Bruxas de Equidna passando conhecimento a vampiros de outros clãs.
Powerful Ally	Você tem amigos seriamente durões – um senhor vampiro, um nobre feérico, uma matilha de lobisomens, cortesãos Umbrood ou outras entidades igualmente magníficas. Em quase tudo, esta é a Qualidade Companheiro Sobrenatural, mas num nível de poder muito mais alto… um nível que pode estar além da capacidade de magos abaixo do posto de Mestre. E, embora o Narrador determine quem são seus amigos, o que podem fazer e o que querem da relação com você, o valor desta Qualidade depende do benefício relativo que trazem:\n(5 pontos) Um camarada de poder e influência consideráveis dentro da comunidade dele – um Príncipe da Cidade, um ancião Garou e assim por diante.\n(6 pontos) Um pequeno grupo de Companheiros Sobrenaturais (uns cinco), ou um representante especialmente poderoso da sua espécie.\n(7 pontos) Um grupo maior de Companheiros (uns doze), ou dois ou três amigos poderosos.\n(8 pontos) Mais de uma dúzia de Companheiros, um punhado de amigos poderosos, ou um aliado de poder quase divino.\nDe novo: o Narrador decide quem são esses aliados, por que se interessam pela sua boa vontade e qual pode ser o preço da ajuda deles. Nada é de graça, afinal, ainda mais quando seres assim estão envolvidos! Para um nível equivalente de inimigos, veja o Defeito Inimigo Imortal, p. 93.
Precocious	Você aprende rápido. O tempo para você adquirir determinada Habilidade (ou Habilidades, a critério do Narrador) cai pela metade, assim como o custo em experiência.
Prestige	Também conhecida como Reputação, esta Qualidade o revela como pessoa honrada dentro da sua Tradição, Convenção, Ofício ou outro tipo de seita. Entre seus pares, você soma três dados extras a todas as rolagens sociais usadas para influenciar gente daquele grupo. Em termos de história, aliados do seu grupo tendem a gostar de você, e rivais ou inimigos tendem a… não.\nAo escolher esta Qualidade, defina a origem desse prestígio. Talvez você o tenha conquistado por feitos anteriores ao início da crônica, ou ganhado a Qualidade no lugar de pontos de experiência. Ela pode representar uma linhagem honrada à qual você pertence, ou refletir um mentor glorioso cuja fama respinga em você. De todo modo, esperam grandes coisas de você e em geral lhe dão deferência, desde que você esteja à altura da reputação de que desfruta.\nPara o avesso desta Qualidade, veja o Defeito Social Infâmia, pp. 62-63.
Prestigious Mentor	Seu Mentor (como no Antecedente de mesmo nome) tem uma reputação que beneficia você também. Ao fazer rolagens sociais em que invoca seu professor influente, reduza a dificuldade em -2. Claro que algumas pessoas ficarão bem menos impressionadas; em rolagens que envolvam rivais ou inimigos do seu mentor, some +2 à dificuldade, a menos que ele os apavore… caso em que é bom você conseguir estar à altura do medo que o nome dele desperta!
Prestigious Sire	Seu senhor tem ou teve grande status na Seita ou no Clã dela, e isso lhe rendeu certo prestígio. Embora ela talvez já não tenha trato algum com você, o simples fato da sua ascendência o marcou para sempre. Esse prestígio pode ajudá-lo muito no trato com outros vampiros, ou pode gerar inveja e desprezo.
Primogen/Bishop Friendship	Os vampiros que governam a cidade valorizam você e suas opiniões. Você é chamado para opinar em decisões, e suas recomendações têm grande peso. Sua posição pode não ser oficial, mas nem por isso é menos poderosa.
Prized Collection	Os Kiasyd apreciam coleções de livros, discos, safras de sangue e outros itens colecionáveis entre os Cainitas. Você possui uma coleção que pode não valer muito (1 pt.) ou valer bastante para o comprador certo (2 pts.). O importante é que ela é ponto de interesse para qualquer Kiasyd de passagem ou especialista da área, e essas pessoas tendem a tratá-lo bem só para conseguir acesso a ela.
Prized Patch	Você pertence a uma gangue Anarquista de reputação violenta, eficaz ou de outro modo impressionante. A história do bando pode remontar a cem anos antes do seu nascimento mas, enquanto você for membro e vestir as cores da sua turma, os outros Anarquistas tendem naturalmente a respeitá-lo. Alguns podem até executar tarefas menores para você de vez em quando, para cair nas graças dos demais. Quando sua filiação é conhecida, reduza em 2 a dificuldade de todas as rolagens de Manipulação com outros Anarquistas, a menos que aquele Anarquista tenha animosidade histórica com a sua gangue.
Profane Trappings	Você conspurca tudo em que toca. Seja por intenção, seja por infeliz acaso, seu Domínio, seus Lacaios, seu Rebanho e seus pertences estão todos maculados pelo profano. Embora isso polua o que o cerca com uma aura constante de náusea e desconforto, também torna mais fácil realizar atos infernais na presença deles. Ao adquirir esta Qualidade, quaisquer Disciplinas que você use são consideradas infernais; a critério do Narrador, usar suas Disciplinas em terras que você possui, em servos a seu serviço ou com objetos seus reduz a dificuldade da rolagem em -2.
Promethean Clay	Sua carne ondula e se molda à sua vontade sobrenatural quase antes de você invocar conscientemente a mudança. A dificuldade para usar qualquer poder de Vicissitude em si mesmo é dois pontos menor que o normal, e você pode ativar poderes de Vicissitude de forma reflexa, com a parada de dados cheia, enquanto realiza outras ações. Poderes que exijam vários turnos para ativar continuam exigindo a duração usual. A mudança simplesmente acontece, sem direção consciente. Como benefício final, você não precisa esculpir fisicamente nada para usar os três primeiros níveis de Vicissitude em si mesmo, pois sua carne ondula e se estende até a forma desejada. Apenas personagens com ao menos um ponto de Vicissitude podem comprar esta Qualidade.
Property	Você tem um imóvel de tamanho razoável que, embora não seja mágico, é certamente útil: uma casa senhorial, uma fazenda, uma boate, uma livraria, um restaurante, um bosque e assim por diante. Quanto maior e mais próspera a propriedade, mais pontos esta Qualidade custa. Conhecida em outros lugares como as Qualidades Boate e Mansão, ela exige um valor mínimo no Antecedente Recursos, como indicado abaixo.\n(2 pontos) Uma propriedade relativamente pequena, de uns 280 metros quadrados, com talvez – se for um negócio – um fiapo de renda que supera de pouco as despesas. Exemplos: uma boa casa, uma loja de quadrinhos, uma cafeteria, uma cobertura etc. Recursos mínimos: 3.\n(3 pontos) Um lugar bem bacana, com funcionários dedicados, todas as instalações necessárias (esgoto, coleta de lixo, conexão de internet etc.) e – se for um negócio – renda que contribui para o seu Antecedente Recursos. Exemplos: uma boate, uma mansão, uma pequena fazenda, uma estação de rádio, uma loja grande e assim por diante. Recursos mínimos: 4.\n(4 pontos) Um local considerável, com empregados qualificados (ainda que mundanos) e ligado a um ou dois hectares de terra. Exemplos: um pequeno edifício de escritórios, uma casa de família, uma arena, uma escola, uma fazenda média, um vinhedo, um pequeno laboratório, uma biblioteca e afins. Neste nível, também pode representar várias Propriedades menores, de dois pontos. Recursos mínimos: 5.\n(5 pontos) Um patrimônio impressionante, com equipe extensa e boa quantidade de terreno. Exemplos: um complexo de escritórios, um estádio, uma faculdade, um grande laboratório, um centro comercial, um arquivo e assim por diante. Este nível também pode refletir várias Propriedades de dois ou três pontos. Recursos mínimos: 6.\nEmbora esta Qualidade, por si só, não seja mágica nem equipada com hipertecnologia, sua Propriedade pode servir de base de operações para os Antecedentes Aliados, Reforços, Capela, Culto, Biblioteca, Nodo, Recursos, Lacaios, Santuário e até Espiões. (Baristas ouvem cada coisa…) A menos que você tenha um gerente dedicado, ela também exige certo tempo e atenção, e rapidamente cai em ruína e/ou falência se você a abandonar por uma semana ou mais enquanto sai por aí em aventuras. A Propriedade também tende a atrair interesse de gente mundana e não tão mundana, especialmente se houver rivalidade em curso com negócios concorrentes, inimigos de família, um arqui-inimigo e por aí vai. A polícia não vê com bons olhos coisas malucas acontecendo no seu imóvel, e o custo do seguro pode ser assassino se (leia-se: quando) o lugar for destruído por entidades extradimensionais, Marcas HIT ou Guerreiros da Ascensão furiosos.\nA menos que façam parte dos Antecedentes Aliados, Reforços, Culto ou Lacaios, os empregados da sua Propriedade contam como testemunhas Adormecidas no que toca a feitos mágicos dentro e ao redor dela.
Prophetic Dreams	Você tem sonhos durante o sono diurno. Sonhos dos quais se lembra. Às vezes, eles até se realizam. Gastando um ponto de Força de Vontade ao se erguer à noite, você pode pedir que o Narrador dê à sua personagem um sonho lúcido com prenúncios de acontecimentos, personagens e situações por vir.
Psychic Awareness	Mesmo sem ter poderes psíquicos próprios, você consegue sentir a presença de energias psíquicas recentes numa área próxima (raio de uns 3 metros) com uma rolagem de Percepção + Ocultismo (dificuldade 8). Quanta informação você colhe e o nível de detalhe dependem dos sucessos. Um único sucesso pode apenas confirmar que houve um talento psíquico ali há pouco, enquanto cinco ou mais podem permitir captar a sensação remanescente de um psíquico talentoso que passou por ali, sua força, seu humor e seus planos naquele momento.
Psychic Leech	Ao custo de um ponto de Força de Vontade, você pode se alimentar da Força de Vontade das suas vítimas a distância. A Força de Vontade consumida fortalece a potência do seu próprio sangue, transformando-a em sangue temporário que se dissipa ao fim da noite. Esses pontos de sangue temporários podem ser gastos como pontos normais, mas não podem ser perdidos por dano ou drenagem, não afetam as rolagens de fome para frenesi e não podem ser usados para criar ou sustentar laços de sangue ou carniçais. Para ativar esta capacidade, o alvo precisa ter ao menos um ponto do seu sangue no organismo e estar em contato visual com você.
Quartermaster	Você é um dos Cainitas responsáveis por manter e organizar os suprimentos mundanos da capela. Você pode retirar qualquer coisa dos estoques dela, conforme o valor de Estoques da capela. Embora tenha de devolver ou repor o que pegar emprestado, você tem acesso a toda a gama de equipamentos apropriada ao tamanho da capela. Isso pode ir de armas de assalto e explosivos a equipamento médico e científico avançado.
Ravnos Jati	Você pertence a um jati Ravnos amplamente reconhecido, o que lhe dá certa medida de status junto aos membros do seu Clã. Sempre que interagir com outro Vagabundo, trate seu Status como um nível mais alto; se ele também for do seu jati, trate seu Antecedente como dois níveis mais alto e seus Aliados, Contatos ou Mentor como um nível mais alto no que toca ao seu jati. Uma vez por sessão, se estiver numa cidade com população Ravnos significativa, você encontra sem problemas um membro do seu jati, que provavelmente o ajudará sem fazer perguntas. Uma vez por capítulo, um membro do seu jati o procura para pedir ajuda numa tarefa problemática e perigosa.
Regal Bearing	O carisma aristocrático é seu direito de nascença. Embora talvez você não venha de fato de uma família nobre, sua presença irradia dignidade. Postura, traços, tom de voz, aura de domínio – você tem tudo. As pessoas lhe dão deferência por reflexo; subtraia 2 da dificuldade das suas rolagens de Traços Sociais sempre que estiver tentando causar impressão e, embora certas pessoas queiram baixar sua bola por princípio, a maioria tende a respeitá-lo, mesmo sem necessariamente gostar de você.
Rep	Sua fama ultrapassou os limites da sua Seita. Todo mundo sabe quem você é, o que você fez e o que dizem que você fez (o que pode não ser a mesma coisa). A publicidade pode ser boa ou ruim; o que importa é que todos conhecem seu nome. Se as pessoas fora do seu círculo social imediato sabem o bastante para ligar seu rosto ao seu nome já é outra história.
Research Grant	Você tem uma bolsa de pesquisa prestigiosa de alguma universidade ou centro de pesquisa. Isso o livra do fardo de precisar de um emprego regular. A bolsa fornece um estipêndio mínimo (de US$ 1.500 a US$ 2.000 por mês na maioria dos casos), além de credenciais que dão acesso a bibliotecas e centros de pesquisa exclusivos pelo mundo.
Revenant Disciplines	O sangue da sua família revenante corre fundo, mais fundo que o Abraço. As Disciplinas que eram inatas em você como carniçal continuaram inatas como Cainita. Na criação do personagem, escolha a família de carniçais de onde você vem (V20, pp. 503-506). Em vez do conjunto padrão dos Tzimisce — Animalismo, Auspícios e Vicissitude —, você usa as três Disciplinas da sua família para a distribuição inicial (embora possa comprar outras Disciplinas com pontos livres, normalmente). Você troca todo o conjunto de Disciplinas de Clã Tzimisce pelo conjunto da família revenante, para fins de custo de experiência dentro do Clã.
Rising Star	Você é um dos nomes em ascensão da cidade, uma estrela em alta na sua Seita. Todos querem conhecê-lo e ser seus amigos, enquanto os que estão no poder o preparam para posições de maior responsabilidade. Você tem -1 de dificuldade em todas as rolagens Sociais contra vampiros da sua Seita que não estejam ativamente atrapalhando sua subida.
Ritual Dabbler	Por um estudo excessivamente focado que pulou os fundamentos pelos quais a maioria passa, você aprendeu um único Ritual de um Caminho ao qual não tem acesso, ou acima do valor que possui em determinado Caminho. Esse ritual pode ser de até terceiro nível, e você é tratado como tendo 3 pontos no Caminho para quaisquer exigências dele (como as que ainda usam Aspectos), mas fora isso não pode acessar o Caminho além dele. Alguns rituais podem não ser adequados ao uso sem o Caminho básico, a critério do Narrador.
Rugged Bad Looks	Embora ainda seja medonho, você não é tão feio quanto a maioria dos Nosferatu. Sua Aparência continua sendo 0, mas você pode passar por humano na luz certa. Ainda é boa ideia se cobrir e ficar nas sombras, mas a sua visão (ou mesmo o seu cheiro) não faz alguém pensar de imediato que você é uma aberração ou vítima de trauma. Dito isso, você ainda é feio o bastante para arrepiar a maioria das pessoas.
Sabbat Survivor	Você sobreviveu a pelo menos um ataque ou tentativa de recrutamento da Sabá. Sua experiência o ajuda a antecipar situações em que possa ser posto em perigo por eles de novo. Você tem -1 de dificuldade em todas as rolagens de Percepção em assuntos ligados à Sabá. Esta Qualidade em geral é adquirida por grupos em conflito com a Sabá, e entra em jogo com mais frequência como meio de evitar emboscadas.
Sanction	Sua agência lhe deu autorização limitada para usar força letal contra alvos específicos e nomeados. Eles o responsabilizarão por qualquer morte adicional e não hesitarão em revogar a autorização se você for desleixado demais. Esse tipo de permissão é extremamente raro — a CIA autoriza algumas mortes em território estrangeiro, e um grupo obscuro do alto escalão do FBI a usa para eliminar potenciais terroristas domésticos. Enquanto você fizer o que mandam, sua agência fornece armas e equipamento (dentro do razoável) e apaga seus rastros quando o trabalho termina. Apesar do que se imagina, isso não é uma "licença para matar" — assassinar continua sendo crime, mesmo com o aval de uma agência de inteligência, e você pode ser processado por homicídio se for pego.
Sanctioned Witch	Você é conhecido como "Bruxa de Judas", tendo recebido o Santuário da Disciplina Arcani das mãos da própria Inquisidora-Geral. Você não pode ser punido nem detido por estudo do oculto ou uso de Númina (embora a autorização possa ser revogada por má conduta). Uma tatuagem do Selo de Salomão, na palma da mão esquerda, atesta suas credenciais. Isso não significa que todos na Sociedade confiem na sua perícia, já que muitos desprezam as artes mágicas.
Sanctity	Esta Qualidade às vezes é chamada de efeito auréola: todos o consideram puro e inocente, ainda que não necessariamente ingênuo. Você tem uma qualidade de santo, difícil de apontar mas impossível de negar. Confiam em você, mesmo que você não seja confiável. A critério do Narrador, você tende a receber punições mais brandas por transgressões, e a maioria gosta de você.
Sanctuary	Sua personagem tem um esconderijo que é um verdadeiro santuário. Criaturas sobrenaturais precisam de sucesso num teste de Força de Vontade (dificuldade 9) para entrar na casa dela sem convite. Isso pode se dever a alguma ocorrência mística estranha, a sorte, a um ritual esquecido, ou talvez a casa esteja sobre solo consagrado. Esta Qualidade precisa ser atribuída a uma única edificação onde a personagem tenha residência permanente. Bons exemplos de santuário são uma casa, um pequeno prédio de apartamentos ou uma igreja.
Sanguine Incongruity	Giovanni com este atavismo são raríssimos. Cainitas que o possuem não carregam a fraqueza tradicional do Clã Giovanni, a chamada Maldição de Lâmia; o Beijo deles não causa mais dano que a própria perda de sangue. Esses vampiros, porém, adquirem uma palidez peculiar no Abraço — parecem cadáveres, e nenhuma quantidade de sangue ingerido consegue corar seus traços (como os outros vampiros conseguem). Na verdade, quem tem esta Qualidade se parece mais com os ancestrais Cappadocianos do Clã, e tem um ar ligeiramente perturbador. Por isso, todas as rolagens que envolvam um atributo Social (Carisma, Manipulação ou Aparência) sofrem +1 de dificuldade.\nGiovanni com esta Qualidade recebem larga distância, já que o Clã tende a ser bastante supersticioso a respeito. Personagens com a Qualidade Incongruência Sanguínea não podem possuir também a Qualidade Mortuario.
Scent of the Other	"Você não parece um sugador de almas…" Por alguma razão, seu terceiro olho se fecha por completo quando você quer escondê-lo, e seu sangue e sua aura não entregam seu Clã. Você pode ser tomado por Caitiff, ou por membro de outro Clã. De todo modo, caçadores Tremere ou de outros Salubri perdem sua trilha, a menos que você faça algo que o revele de novo.
Scholar of Enemies	Você dedicou tempo a estudar e se especializar num inimigo específico da sua Seita. Você conhece ao menos parte dos costumes, estratégias, capacidades e objetivos de longo prazo daquele grupo, e sabe usar bem esse conhecimento. Esta Qualidade vale -2 de dificuldade em todas as rolagens fora de combate que digam respeito especificamente ao objeto da sua especialização. Por outro lado, você sofre +1 de dificuldade ao lidar com outros inimigos, simplesmente por estar tão concentrado no seu campo.
Scholar of Others	Esta Qualidade funciona de forma idêntica a Estudioso dos Inimigos, exceto que se aplica a um grupo que não é necessariamente hostil à sua Seita.
Science Laboratory	Sua personagem tem acesso a um laboratório completamente equipado, com aparelhos científicos funcionais e material de pesquisa. Quando tem acesso a ele, ela pode realizar experimentos, fazer testes e coletar dados, e você pode reduzir em 2 a dificuldade das rolagens cabíveis de Investigação ou Ciência, ou em 1 a dificuldade de outras rolagens apropriadas (a critério do Narrador) enquanto ela usa o equipamento.
Scientific Mystic /Techgnosi	Certos tecnomantes heterodoxos entendem que "misticismo" é apenas outra forma de ciência, cujos princípios podem ser compreendidos por uma mente devidamente Iluminada. Embora você siga uma prática tecnológica e use instrumentos de base tecnológica, pode empregar instrumentos tradicionalmente tidos como "mágicos" depois de ter a oportunidade de estudá-los e encaixá-los no seu paradigma científico.\nA Qualidade Místico Científico permite a um tecnomante dedicado – isto é, membro da Sociedade de Éter, dos Adeptos Virtuais, um "órfão" de base tecnológica ou talvez até um Tecnocrata renegado como os Díspares de Navalon – estudar princípios metafísicos com magos de paradigma místico sem custo extra em pontos, desde que ele tenha a prática de foco Ciência Estranha. (Para detalhes, veja Um Mago Que Usa um Tipo de Foco Pode Aprender Magia com um Mago de Outro Tipo?, Capítulo Três, p. 174, e a entrada Ciência Estranha em Mage 20, p. 584.) Esse tecnomante também pode escolher ferramentas tradicionalmente "místicas" como até metade dos instrumentos exigidos (conforme detalhado em Arete, Foco e Instrumentos, Mage 20, p. 329) e pode descartar esses instrumentos como místico, e não como tecnomante (de novo, veja Mage 20, p. 329). Basicamente, isso significa que sua abordagem da ciência Iluminada é flexível o bastante para abraçar caminhos bizarros nas suas buscas metafísicas. Outros cientistas podem considerar tais coisas impossíveis, mas você sabe que "possibilidade" é o que você faz dela.\nDo outro lado dessa moeda metafísica, a Qualidade Tecnognose permite a um místico dedicado fazer exatamente as mesmas coisas, mas com instrumentos tecnológicos e sem custo extra para estudar magia com colegas tecnomantes, sejam quais forem suas práticas. (Veja a entrada do Capítulo Três citada acima.) Sim, sua alma pertence aos Mistérios, mas você reconheceu que a tecnologia também tem lugar neles.
Secret Code Language	A linguagem em si é uma série de códigos; quem foi iniciado nela (ou seja, quem aprendeu o idioma) é considerado membro daquela sociedade. Algumas línguas, porém, são mais exclusivas e secretas que outras. Esta Qualidade representa seu conhecimento de um código específico, conhecido apenas pelas "pessoas certas".\nMagos são reservados por natureza, e por isso a sociedade deles é cheia de códigos secretos. Mesmo os Adormecidos, porém, têm suas linguagens iniciáticas: jargão militar, a Linguagem das Flores, vários sinais de mão, cifras e senhas usadas por gente que precisa se comunicar de formas que ninguém fora do grupo entenda… exceto, talvez, quem aprendeu esses códigos por alguma fonte "não autorizada".\nComo na Qualidade Idioma (p. 44), esta concede conhecimento de um modo específico de comunicação, que pode não ser verbal de forma alguma. Ele pode envolver sinais de mão, posturas corporais, obras de arte, bandeiras, simbolismo, números e assim por diante. Para observadores não iniciados, essa linguagem parece algaravia (palavra que, aliás, remete aos escritos cifrados do alquimista Abu Musa Jabir ibn Hayyan); em muitos casos, um método codificado de comunicação parece completamente mundano, a menos que você saiba o que procurar, como na arte cifrada de O Código Da Vinci.\nUma ressalva vital: a personagem precisa ter uma razão muito boa, dentro do jogo, para saber o que sabe. Aprender uma Língua Codificada exige alguma base de história: treinamento militar de elite, leitura de mentes, tempo de convivência com o grupo em questão etc. Felizmente, línguas de código tendem a ser utilitárias, revelando o essencial de forma geral. ("Estou com fome", "Mate-o", "Esta área é proibida" etc.) Ainda assim, os códigos podem ter sutilezas nada evidentes; um único gesto ou uma sílaba acentuada pode marcar a diferença entre "nocauteie-o e siga rápido" e "torture-o até o último suspiro, não importa quanto tempo leve".
Secret Society Member	Você encontrou e ingressou numa das muitas sociedades secretas do Clã Tremere. Sua personagem precisa ser apta a entrar, como ter Necromancia para entrar na Aliança. Você pode escolher uma das sociedades listadas aqui ou criar a sua. Na maioria dos casos, sua filiação deve ser mantida em segredo, mas a lealdade a ela não é considerada crime. Embora a sociedade espere que você defenda seus preceitos e sua agenda, também se pode contar com ela para lhe dar respaldo e ajudá-lo a crescer em poder dentro da pirâmide.
Secret Stash	Você tem vários recursos, agentes adormecidos ou seguidores guardados para um dia de chuva. Para cada nível desta Qualidade, você tem um ponto de Antecedente não atribuído "no estoque" (2 lhe dá um ponto, 3 lhe dá dois, e assim por diante). A qualquer momento, você pode gastar quantos quiser para aumentar seu nível em Aliados, Contatos, Rebanho, Influência, Mentor, Recursos ou Lacaios. Uma vez gastos, os pontos ficam atribuídos em definitivo mas, até lá, não podem ser afetados por nada. Isso permite ao vampiro criar um recurso novo num instante, sem gastar pontos de experiência nem esperar um intervalo entre histórias. Ele não está de fato ganhando níveis novos: está revelando níveis que sempre teve.
Sectarian Ally	Você tem um amigo próximo em uma das seitas Cainitas. Talvez seja um guerreiro em contato com um dos antitribu, um vizir que divide interesses comerciais com alguns Ventrue da Camarilla, ou um feiticeiro que se corresponde com um dos raros magos de sangue do Movimento Anarquista. Seu aliado pode ajudá-lo a navegar as correntes da seita dele, mas pode querer algo em troca de vez em quando.
Self-Confident	Magos são confiantes; você é ainda mais. Ao gastar Força de Vontade para obter um sucesso automático, você nem precisa perder aquele ponto, a menos que:\n1) o sucesso obtido pela Força de Vontade seja o único sucesso daquela ação; ou\n2) a dificuldade da ação seja 5 ou menos.\nEsta Qualidade só entra em jogo em circunstâncias desafiadoras, e tarefas com dificuldade 5 ou menos são fáceis demais para exigir a autoconfiança da sua personagem.
Sense Influence	Por treino e convivência com outros caçadores experientes, você pode comprar a Perícia Prontidão. Além disso, consegue perceber que alguém está sob influência sobrenatural ou presença fantasmagórica com uma rolagem de Percepção + Prontidão, dificuldade 8.
Setite Initiate	Você foi Abraçado num Clã que não os Seguidores de Set. Contudo, aceitou a religião Setita, passou pelo processo de avaliação e pelos ritos, e foi formalmente iniciado no culto. Você tem acesso a Serpentis e à Feitiçaria de Sangue Setita (embora pague custo de fora de Clã para aprendê-las). Pode até estudar um dos Caminhos de Iluminação deles.\nÉ importante notar que "Setitas" de outros Clãs ou linhagens não são tratados como cidadãos de segunda classe. Você deixou de ser um trouxa a quem enrolar. Uma vez dentro, você é irmão de fé, distinção bem mais importante que a de sangue. Um forasteiro que aceita o Deus Sombrio é motivo de alegria, mesmo para o ancião mais conservador. Há até rumores de seres sobrenaturais não Cainitas entrando para o culto.
Shapechanger Kin	Por um capricho distante mas perceptível de linhagem, você compartilha um toque do Sangue Mutável. Em bom português: você é aparentado com uma das raças metamorfas — lobisomens, gatos-garou, corvos-garou e assim por diante. Este dom não lhe concede os poderes nem a Gnose deles, mas você provavelmente conhece alguns segredos (em regras, um Conhecimento de saber) sobre seus parentes. Você permanece imune ao Delírio de medo primal que afeta a maioria das pessoas na presença de um metamorfo (não que magos sofram dele, de todo modo); consegue viajar pelos Outros Mundos por mais tempo que a maioria dos mortais, sem sofrer os efeitos colaterais de Desconexão e Aclimatação dessas viagens (detalhados em Mage 20, pp. 482-483); e possivelmente desfruta de alguma boa vontade da sua família feral, desde que não tenha feito nada para irritá-la. Os inimigos deles, porém, são seus inimigos, o que faz desta uma Qualidade de gume extremamente duplo.
Shattered Avatar	Seu Avatar foi partido em pedaços por algum trauma de vida passada. Por isso, a parte que está dentro de você está incompleta… mas essa situação pode ser corrigida. Se e quando localizar os pedaços que faltam, você pode tornar esse espírito interior mais forte. Em termos de jogo, esta Qualidade permite aumentar seu Antecedente Avatar depois da criação do personagem – algo que, normalmente, não pode ser feito. (Veja Mage 20, p. 336.)\nComo em Almas Gêmeas, acima, esta Qualidade oferece muitos ganchos dramáticos. Os pedaços perdidos do seu Avatar podem estar encarnados em outras pessoas; presos em prisões espirituais (Reinos de Paradoxo, infernos demoníacos, armadilhas de alma, gemas encantadas e assim por diante); embutidos numa árvore de um jardim guardado por cinco dragões, e por aí vai. A busca pelos fragmentos da sua alma pode ser parte épica da sua crônica, com enigmas, reviravoltas, traições e batalhas em que sua alma é literalmente o prêmio. Esse tipo de coisa pode ser difícil de conciliar com suas crenças se, por exemplo, você for Tecnocrata. Ainda assim, até reunir os pedaços que faltam, haverá uma parte essencial de você que se sente incompleta.\nO Narrador deve determinar exatamente o que estilhaçou seu Avatar e o que você precisa fazer para reunir os pedaços num espírito só. Se ele vai ou não compartilhar essa informação com você é escolha dele – pode ser algo que você descubra ao longo do jogo. A cada peça recuperada, você soma um ponto ao seu Antecedente Avatar, a menos que aquele Avatar estivesse encarnado em outro mago; nesse caso, o valor de Avatar dele é somado ao seu se você conseguir matá-lo… e, se ele o matar primeiro, seu Avatar é somado ao dele. (Aparentemente, só pode haver um.)\nNão importa quantos pedaços estejam envolvidos, porém: o Antecedente Avatar tem teto de 5 pontos. Embora esta Qualidade permita elevar o valor do Traço, ela não permite ultrapassar esse limite.
Sight Beyond Sight	Seu terceiro olho ocasionalmente tem visões e fura ilusões. Quando ele está aberto (pelo uso de Auspícios ou Obeah), você vez ou outra atravessa Ofuscação ou Quimerismo. Alguns Salubri do passado enxergaram através de semblantes feéricos ou vislumbraram as terras mortas dos fantasmas. Você não tem controle sobre o que o olho vê, embora ele às vezes se abra involuntariamente em resposta aos fenômenos acima.
Simply Waiting	O Baali conhece seu lugar na ordem do universo, e sabe onde está em relação a outros vampiros ou aos da própria linhagem. Sabe também que o fim do mundo está chegando, e mais cedo que tarde. Ele parece apático diante do mundo ao redor mas, na verdade, está simplesmente resignado ao próprio destino e não se abala quando tentam desviá-lo do seu caminho. Todas as rolagens Sociais contra ele sofrem +2 de dificuldade, pois o Baali conhece o verdadeiro fim de tudo.
Skald	Sempre que fizer uma rolagem de Ocultismo para saber algum fato da história vampírica, você pode somar um dado à parada. Além disso, você tem memória excepcional para histórias orais e aprende rápido quando se trata de memorizar grandes volumes de informação decorada. Não é memória eidética de verdade, mas a capacidade de memorizar eddas poéticas, códigos ou mensagens complexas com apenas algumas horas de estudo.
Skin of Porcelain	Por beberagens ingeridas ou por um acaso do seu Abraço, sua pele tem uma camada semelhante à cerâmica. Para que isso tenha algum efeito além de parecer estranho, é exigida uma rolagem de Vigor (dificuldade 8). Um sucesso permite converter até três pontos de dano agravado causado por fogo em dano letal, antes das tentativas de absorção. O endurecimento se dissipa pelo resto da história em curso.
Sleep Unseen	O poder da Ofuscação em geral exige ao menos um pouco de concentração. Você, porém, consegue travá-lo ligado, o que lhe permite dormir sem deixar de estar escondido. Isso exige o gasto de um ponto de sangue, mas dura por todo o descanso do dia. Quem tem Auspícios ainda pode tentar detectá-lo, mas os mortais não perceberão seu santuário. É um truque útil para Cainitas que gostam de viajar.
Slimy	Você secreta uma gosma, tão nojenta quanto parece. Ela cobre todo o seu corpo e encharca suas roupas. Isso o deixa escorregadio e difícil de segurar, exigindo dois sucessos a mais para que adversários o agarrem. A umidade também o torna um pouco resistente ao fogo, reduzindo em 1 a dificuldade para absorver dano de fogo.
Slowed Degeneration	Sua Humanidade é forte e resiste melhor aos assaltos da Besta. Você ganha dois dados adicionais em qualquer rolagem de Consciência. Esse grau de resiliência moral permite a um vampiro bem-comportado perder Humanidade num ritmo muito mais lento que o normal. Apenas vampiros que seguem a Humanidade podem adquirir esta Qualidade, e ela é perdida para sempre caso o vampiro adote outro Caminho de Iluminação.
Soapbox	Você tem algum tipo de tribuna própria (um fanzine, um blog seguro, um podcast conhecido ou uma conta de rede social com muitos seguidores) que permite ao seu Anarquista expressar uma opinião e vê-la se espalhar. A Qualidade Tribuna representa um mecanismo social de difusão capaz de influenciar Cainitas fora do círculo ou da classe social habitual da sua personagem. Reduza em 2 a dificuldade das rolagens de Expressão e Manha ao lidar com vampiros que acompanham a Tribuna.
Socially Networked	Bem conectado na internet (como na Qualidade de mesmo nome dos Adeptos Virtuais), você desfruta de um perfil on-line de destaque – um site, ao menos um blog, mais seguidores no Twitter e amigos no Facebook do que você poderia conhecer no mundo de carne, e assim por diante. Quando você publica, as pessoas leem, compartilham e levam a sério. Isso pode ou não se traduzir em gente que você conhece na Teia Digital (e, sinceramente – você ia querer isso?), mas você exerce influência global pela rede mundial. Como resultado, tem um tipo de influência e de recursos que a maioria nem imagina: financiadores coletivos, informação instantânea, lugares para dormir no mundo inteiro quando quiser… os detalhes dependem do tipo de presença que você mantém e das pessoas que atrai, mas vão além de qualquer coisa que você conseguiria sem a internet.\nClaro que você também pode estragar tudo em escala planetária se não tomar cuidado – toda essa atenção pode se voltar contra você se publicar a coisa errada na hora errada – e certos odiadores o desprezam por princípio. Considerando que a internet é uma frente central nas guerras de realidade do século XXI, porém, esse tipo de rede pode dar uma vantagem enorme ao seu lado.
Spark of Life	Abençoado com grande vitalidade, você cura ferimentos com velocidade e facilidade heroicas. Seus próprios ferimentos de dano letal se curam como se fossem dano contundente (veja a tabela de Cura de Dano em Mage 20, p. 406), e o dano agravado se cura como se estivesse um nível acima do que está. (Dano de nível Muito Ferido, por exemplo, curaria na velocidade do nível Ferido.) Dano contundente, seja qual for a extensão, se cura em uma hora.\nSe estiver tentando curar outra pessoa, você subtrai -2 da dificuldade da rolagem, mesmo que ela envolva lançar um Efeito de cura da Esfera da Vida. (O modificador máximo usual de +3 e a dificuldade mínima de 3 continuam valendo – veja Mage 20, p. 503.) Enquanto mantiver contato físico com a pessoa ferida, ela usa a sua taxa de cura como se fosse dela. Seu toque também alivia dores pequenas – espasmos musculares, dores de cabeça e afins – em um ou dois minutos.\nAlém dos poderes de cura, essa onda de energia vital simplesmente faz bem. Sua aura brilha com vitalidade intensa, e sua Ressonância reflete a forte ligação com a força vital primal. No inevitável lado ruim, vampiros acham seu sangue delicioso – duas vezes mais potente que a vitae humana normal (valendo o dobro dos pontos de sangue usuais, para jogadores de Vampiro: A Máscara) – e indescritivelmente revigorante.
Spawning Pool	Você tem seu próprio poço de procriação (ou talvez faça doações pesadas ao poço principal do Clã). Criar um poço desses leva tempo e exige infusões regulares de sangue: ao menos seis pontos por semana durante um ano.\nEsta Qualidade concede seu nível como bônus de dados ao uso de Animalismo pelo Nosferatu na cidade natal, mas apenas com animais considerados pragas, como ratos e baratas. Basicamente, o bônus só vale para criaturas que possam concebivelmente beber com regularidade do sangue maculado.\nUma vez estabelecido, o poço exige o dobro do seu nível em pontos de sangue toda semana. Sem manutenção adequada, o nível dele cai em um. Ele pode ser reconstruído mantendo-o no novo nível e acrescentando quatro pontos de sangue extras por semana durante seis meses.\nEsta Qualidade não pode ser elevada acima do nível inicial, pois ela também representa a conveniência da localização e a variedade de criaturas que possam encontrá-lo.
Sphere Natural	Para um único elemento da magia – a Esfera da sua escolha –, você tem uma proficiência inata. Os poderes daquela Esfera vêm a você com mais facilidade que o normal, e você avança mais rápido naquele campo que nas outras Esferas. Em termos de sistema, você paga 70% do custo usual em experiência, arredondando para cima, ao avançar naquela Esfera. Naturalmente, o avanço custa ainda menos quando você eleva sua Esfera de Afinidade.\nCusto (Esfera comum / Esfera de Afinidade): Esfera nova 7 pts · nível 2: 6/5 · nível 3: 11/10 · nível 4: 17/15 · nível 5: 23/20.\nA versão de Mage 20 desta Qualidade custa mais que a das edições anteriores porque o custo de melhorar Esferas com experiência caiu e, portanto, os benefícios envolvidos aumentaram. Você só pode escolher esta Qualidade uma vez, para uma única Esfera, e ela deve ter alguma ligação intrínseca com o conceito, o passado e o foco mágico do seu mago. Afinal, esta é uma Arte que lhe vem naturalmente, e essa predisposição deve transparecer em muitos aspectos da personalidade da sua personagem.
Spirit Mentor	Você tem um companheiro e guia fantasmagórico. A identidade e os poderes exatos desse espírito ficam a cargo do Narrador, mas ele pode ser chamado em situações difíceis para ajuda e orientação.
Stillness of Death	Gárgulas costumam se esconder como estátuas. A dificuldade de qualquer busca para encontrá-lo aumenta em 2 quando você fica perfeitamente imóvel.
Stitcher	Ser despedaçado não é grande coisa. Quando partes do seu corpo são cortadas ou removidas por dano, você pode fazer uma rolagem de Destreza + Medicina (dificuldade 7) para costurar a parte de volta no lugar certo. Com sucesso, o custo de curar aquele ferimento cai em um ponto de sangue.
Stormwarden	Dada a época em que estas histórias se passam, esta Qualidade é um conceito irrelevante.
Stormwarden /Quantum Voyager	Veja Mage 20, p. 643.
Strength of Psyche	Você desenvolveu o talento de recorrer a energias arcanas para turbinar a mente. Consegue aguçar os sentidos, acelerar o pensamento e ligar os pontos entre pistas desconexas. Você pode gastar pontos de Quintessência para reduzir a dificuldade de qualquer parada de dados de ação mental. A dificuldade não pode cair abaixo de dois, nem ser reduzida em mais de três. Você precisa ser capaz de armazenar Quintessência no próprio padrão para se qualificar a esta Qualidade.
Sturdy	Treino, privações ou capacidade natural endureceram seu corpo contra a dor e o dano. Embora você não seja necessariamente um brutamontes, quem já o viu em ação sabe que você aguenta mais dano que a média. Você ganha um nível de vitalidade Escoriado adicional, e o Narrador pode conceder bônus cabíveis quando sua resistência inata entrar em jogo.
Style Sleeper	Sua personagem sabe que a magia é real e a pratica, mas esses outros pretensos magos são claramente falsos. Sempre que você vê magia que se encaixa no seu Paradigma, tudo corre como deveria; mas, quando testemunha magia fora daquele estilo, você é tratado como Adormecido. Isto não é um Defeito porque atrapalha mais a magia dos seus adversários que a sua. Pode haver consequências indesejadas quando outro feiticeiro de Paradigma diferente tenta curá-lo, mas sua descrença anula a magia dele.
Styx Baptism	Você jurou fidelidade aos Precursores do Ódio e prometeu trabalhar contra as maquinações de Ashur, apesar de não ter sido Abraçado na linhagem. Você foi escoltado até as Terras das Sombras, onde foi batizado de cabeça nas águas revoltas do Estige. A carne da sua cabeça se desprendeu com o contato ao longo do mês seguinte, deixando apenas manchas apodrecidas ou osso exposto, o que reduziu sua Aparência a 0 permanentemente. Agora você é tido em alta conta pelos Lazarenos, e ganha uma das Disciplinas da linhagem como Disciplina de Clã no lugar de uma das suas.
Subculture Insider	Você conhece por dentro um ambiente social que a maioria das pessoas nunca visita, muito menos compreende. Lá eles o conhecem e, por isso, mesmo quando você ainda não encontrou determinada pessoa (humana ou não) naquele meio, ela o considera alguém de dentro. Graças a essa familiaridade, você também navega certos elementos do ambiente físico do lugar – os aparatos de segurança, os "apertos de mão secretos", os cantos escondidos que só quem é de dentro conhece e que um forasteiro jamais pensaria em procurar, e outros obstáculos que uma subcultura ergue para garantir que só a gente "certa" circule. Ao se mover pela subcultura que escolheu, subtraia -2 das dificuldades das rolagens que concedam acesso social ou físico ao território estabelecido dela.\nA subcultura em questão pode ser qualquer ambiente social exclusivo que inclua também o entorno físico usado por aquele grupo: clubes de campo, cartéis de droga, a rede internacional de mercenários, o submundo global da espionagem, executivos do alto escalão financeiro, a comunidade fetichista, comunidades de população em situação de rua, comunidades rurais fechadas, redes do hip-hop, a jet set, a cultura dos festivais rave, fãs de fantasia, a comunidade de músicos de estrada, líderes financeiros mundiais, viajantes ciganos e assim por diante. Embora possa incluir magos e outra Gente da Noite, a comunidade precisa ser essencialmente "mortal" na maioria dos seus membros. Você pode comprar esta Qualidade várias vezes, para representar participação em várias comunidades. Essa condição de membro, porém, leva tempo para ser conquistada e muita atenção para ser mantida. Se você negligenciar sua comunidade, logo verá aquelas portas familiares batendo na sua cara.
Sugar Daddy	Você tem uma relação pessoal com um membro graduado de outra seita. Pode invocar o nome do seu Padrinho para reduzir em 2 a dificuldade de rolagens de Manipulação com membros daquela seita ao tentar aparar arestas ou obter favores menores. Claro que o Padrinho pode esperar tratamento semelhante em troca, e dificilmente verá com bons olhos qualquer comportamento que manche o status dele.
Supernatural Companion	Você tem um amigo entre a Gente da Noite: um vampiro, um changeling, um metamorfo, um fantasma ou outra entidade que existe fora das Massas Adormecidas. Esse amigo não é tão confiável quanto um personagem do Antecedente Aliados, mas pode ajudá-lo quando necessário. Essa porta abre para os dois lados, claro; seu companheiro também vai chamá-lo de tempos em tempos, e nem sempre nas ocasiões mais convenientes!\nAs pessoas (e a Gente da Noite) provavelmente torcem o nariz para essa amizade. Lobisomens, por exemplo, não vão com a cara de magos ladrões de Septos! Isso vale ainda mais se você for um Tecnocrata de fraldas com um daqueles malditos Desviantes da Realidade, ou um mago das Tradições que anda com um demônio chupador de sangue. Sim, a amizade vale o incômodo, mas às vezes dá um belo trabalho. Seja quem ou o que for esse amigo, o Narrador cria e controla a personagem em questão… com todas as prioridades estranhas, necessidades conflitantes e agendas secretas que isso sugere.
Sympathetic Mastery	Seja por prática intensa com magia simpática, treino sob um Mestre da Correspondência ou um capricho da sua linhagem mágica, você usa melhor as conexões simpáticas na sua magia. Para qualquer magia ou ritual que dependa do Nome Verdadeiro de um alvo, qualquer nome bem conhecido dele funciona. Para qualquer conexão que dependa de sangue ou de "pedaço" semelhante de alguém, um bem estimado funciona. Para o que dependa de um bem estimado, qualquer bem funciona; e, para o que dependa apenas de ter algum bem, você se vira com alguma representação da pessoa, como um retrato bem feito ou uma fotografia. Para magias e rituais de longo alcance, ou magias simpáticas que não usem diretamente os métodos acima, você igualmente pode usar uma conexão mais geral, mas os detalhes devem ser combinados com o Narrador.
The Company of Saints and Heroes	Experiências de vida (e possivelmente de não-vida) o aproximaram de augustas figuras religiosas, entidades políticas e heróis lendários. Eles realmente o conhecem e pensam bem de você, mas vocês não são necessariamente próximos. Use o Antecedente Aliados para representar uma relação mais estreita. Esta Qualidade permite que você invoque sua conexão famosa e reduza em um a dificuldade das rolagens Sociais aplicáveis.
The Flow of Ki	Você compreende o fluxo natural de energia através do corpo humano, ensinado por meio de uma forma de artes marciais. Essa energia é representada como Quintessência, mas pode receber vários nomes: chi, ki e outros, dependendo do seu estilo de artes marciais. Você pode gastar Quintessência das suas reservas internas para reduzir a dificuldade de qualquer parada de dados de ações físicas. Você não pode baixar a dificuldade abaixo de dois, nem reduzi-la em mais de três. Você precisa ser capaz de armazenar Quintessência no seu próprio padrão para se qualificar para esta Qualidade.
The High Price	O fardo de adquirir verdade ou poder sempre cobra um preço alto. Ninguém sabe disso melhor que estes Baali, que sacrificam uma parte da própria alma em busca da grandeza. Seu corpo físico é atormentado por fraqueza e dor, limitando qualquer Atributo Físico a quatro pontos e custando 1 ponto de Força de Vontade toda noite ao despertar. Em troca desse tributo, o Baali recebe +2 dados em qualquer teste relacionado a Disciplinas.
Thousand Meter Killer	Você provou ser digno de ingressar no Clube dos Mil Metros graças à sua habilidade notável com o rifle de precisão. A dificuldade de todas as rolagens associadas a tiros de precisão é reduzida em -1. Você também dobra o alcance normal ao usar um rifle de precisão como arma.
Thugs	Ao comprar o Antecedente Aliados, você está adquirindo membros linha-dura do submundo, e não membros comuns da sociedade respeitável. Seus Aliados podem ser membros de gangue, mafiosos ou integrantes do seu sindicato do crime organizado. Diferentemente dos Aliados normais, esses indivíduos estão dispostos a arrumar briga com outros mortais, assassinar inocentes, intimidar moradores locais, isolar temporariamente uma área da cidade ou até cometer crimes em seu nome.
Ties	Veja Mage 20, pp. 643-644.
Time Sense	Você tem um senso inato de tempo e é capaz de estimar com precisão a passagem do tempo sem usar relógio ou qualquer outro dispositivo mecânico.
Too Tough to Die	Veja Mage 20, p. 644.
Totemic Change	Suas formas de Metamorfose são flexíveis; você pode escolher uma forma animal diferente a cada vez que muda de forma. A forma escolhida em cada ocasião precisa seguir todas as convenções e regras das formas animais padrão de Metamorfose (veja a p. 91); você simplesmente pode optar por aparecer como um animal diferente sempre que assume a Forma da Besta.
Tough Hide	Sua pele é muito mais resistente que o normal, possivelmente como a de um rinoceronte ou de um lagarto. Esse couro o protege contra a maior parte do dano, concedendo um dado extra ao fazer uma rolagem de absorção. Contudo, esse bônus não se aplica contra fogo e luz solar.
Tracker's Mark	Bem sintonizado com a alma de sua presa, o terceiro olho da Salubri enxerga a influência do oponente no mundo, e não apenas os rastros físicos que ele deixou: ao rastrear (V20 Dark Ages, página 337), a jogadora da Salubri rola com -2 de dificuldade. Sinais efêmeros de uma presa são considerados evidência válida a ser seguida, mesmo que uma Salubri normalmente não consiga detectá-los; por exemplo, se um Brujah irado perturbou a paz de um mercado, a Guerreira pode discernir a presença dele nos comerciantes ainda irritados horas depois, dando o salto intuitivo de relacionar o evento à passagem de sua presa.
True Celerity	Os Brujah Verdadeiros têm uma relação estranha com a Celeridade. Ela costuma vir com facilidade para eles, mas alguns se recusam a aprendê-la, por ter se tornado um símbolo dos Brujah traidores. Ainda assim, muitos a consideram uma habilidade útil para se passar por Brujah dentro da Camarilla ou do Sabá, e por isso alguns Brujah Verdadeiros desenvolveram uma forma ligeiramente diferente da Disciplina.\nUm personagem com esta Qualidade tem a capacidade de aprender a Celeridade Verdadeira. Embora funcione exatamente como a Celeridade, a sensação é bem diferente: em vez de o personagem se mover depressa, ele desacelera o tempo ao seu redor. Esta Qualidade não concede ponto nenhum de Disciplina ao personagem, mas permite que ela seja comprada com experiência como se a Celeridade fosse uma Disciplina de Clã. Embora este poder funcione igual à Celeridade, ele não pode ser ensinado a ninguém que não tenha algum nível da Disciplina Temporis.
True Faith	Você tem uma fé profunda em Deus, ou em qualquer outro nome que escolha dar ao Todo-Poderoso, e amor por Ele. Você começa o jogo com um ponto de Fé Verdadeira (veja o quadro na p. 372); esse Traço acrescenta um dado por ponto a todas as rolagens de Força de Vontade e de Virtude. Você precisa ter Humanidade 9 ou mais para escolher esta Qualidade e, se perder um único ponto, todos os seus pontos de Fé são perdidos e só podem ser recuperados quando a Humanidade perdida for recuperada. Indivíduos com Fé Verdadeira são capazes de realizar atos mágicos semelhantes a milagres, mas a natureza exata desses atos fica a cargo do Narrador.
True Love	Você descobriu, talvez tarde demais, um amor verdadeiro. Ele ou ela é mortal, mas é o centro da sua existência e o inspira a seguir em frente num mundo de trevas e desespero. Sempre que você sofre, o pensamento do seu amor verdadeiro lhe dá forças para perseverar. Esta Qualidade concede um sucesso automático em todas as rolagens de Força de Vontade, que só pode ser anulado por um dado de falha crítica. Isso pode ser um grande presente, mas também um estorvo, pois seu amor verdadeiro pode precisar de proteção e, ocasionalmente, de resgate.
Tunnel Rat	Você é notavelmente hábil em se deslocar pelos túneis subterrâneos que chama de lar. Ao tentar se orientar, escapar ou rastrear por esgotos e lugares subterrâneos que conhece, você ganha um dado adicional para cada ponto que tiver nesta Qualidade.
Twin Link	Seu personagem psíquico compartilha uma conexão psíquica permanente com outra pessoa. Isso duplica o benefício do efeito Sinergia de Nível Dois. Os psíquicos ligados ganham +2 no valor de Empatia para determinar os sentimentos da outra parte. Como Qualidade de 6 pontos, os personagens vinculados podem comprar o poder Sinergia, além dos outros poderes psíquicos que possuam, a um custo menor: 7 pontos livres por ponto, 3 pontos de experiência por ponto para aumentar. Esse poder Sinergia só funciona com o parceiro vinculado.
Twin Souls	Para você, o termo alma gêmea é literalmente verdadeiro. Seu Avatar tem um gêmeo que se encarnou em outro corpo mortal. Essa outra pessoa (tipicamente um ser humano, mas potencialmente um animal) compartilha sua Natureza e sua Essência, e possivelmente também seu Comportamento. Ainda assim, seu "gêmeo" pode ser uma pessoa muito diferente: outro gênero, outra etnia, outra cultura e, de novo, possivelmente até um animal "superior" como um lobo, um urso, um falcão, um bisão e assim por diante. Essa pessoa pode viver do outro lado do mundo e talvez nem saiba que você existe. Se dois gêmeos de alma se encontram pessoalmente, porém, ambos sentem uma conexão inconfundível um com o outro. Essa conexão, contudo, não se traduz necessariamente em boa vontade: irmãos de sangue frequentemente se estranham, e almas gêmeas também podem se estranhar.\nSe esse gêmeo também for um mago (muitos Avatares gêmeos ainda não Despertaram), então os dois magos têm o mesmo valor de Avatar. Vocês podem compartilhar Quintessência e conjurar magias juntos se estiverem em contato físico (ou, na Umbra, em contato efêmero). Nesse caso, o personagem com o maior valor de Arete e as maiores Esferas é aquele cujos Traços são usados para conjurar esses Efeitos. Os dois magos, quando estão ao alcance do braço, também ganham uma quantidade de pontos de Quintessência bônus igual ao seu valor de Avatar; se Ryan Summers e sua gêmea Sylvia Jane têm três pontos em Avatar, cada um ganha três pontos adicionais de Quintessência quando estão perto o bastante para se tocar. Para detalhes sobre conjuração colaborativa, veja Agindo em Conjunto em Mage 20, pp. 542-543. Almas compartilhadas, porém, também compartilham igualmente qualquer Paradoxo acumulado por suas magias, e cada gêmeo recebe separadamente a quantidade integral de Paradoxo. Se Ryan ou Sylvia conjura um Efeito que rende 10 pontos de Paradoxo, então tanto Ryan quanto Sylvia recebem 10 pontos de Paradoxo cada um.\nSendo seu gêmeo um mago ou não, você pode usar magia para acompanhá-lo depois de tê-lo encontrado. Um único ponto de Correspondência permite saber onde sua alma gêmea está, um único ponto em Vida permite saber seu estado de saúde atual, e um único ponto em Mente permite que vocês compartilhem pensamentos. A morte de um gêmeo, contudo, é um evento devastador: se seu gêmeo morrer, você precisa fazer uma rolagem de Força de Vontade (dificuldade 8) ou sofrer o choque psíquico das Coisas Que o Homem Não Deveria Saber. Até que o Avatar desse gêmeo reencarne (o que pode não acontecer dentro da sua própria vida) e seja encontrado pessoalmente outra vez, você não pode usar os poderes compartilhados de que um dia desfrutou.\nComo acontece com outros Traços baseados em personagens, seu gêmeo não é uma Qualidade ambulante, e sim um personagem por direito próprio. Os dois gêmeos poderiam ser interpretados por jogadores diferentes do mesmo grupo, e provavelmente não deveriam ser interpretados pelo mesmo jogador. A busca por uma alma gêmea, uma disputa amarga entre almas gêmeas, duas almas gêmeas em facções opostas da Guerra da Ascensão: histórias assim podem servir de base para eventos e temas decisivos na sua crônica. Esta Qualidade combina bem com o Antecedente Aliados, com a Qualidade Amor Verdadeiro e com os Defeitos Inimigo, Dormindo com o Inimigo e Protegido. Por causa da natureza já Desperta do Povo da Noite, porém, um gêmeo de alma não pode ser um vampiro, um metamorfo, um changeling ou outra entidade paranormal.
Umbral Affinity	Veja Mage 20, p. 644.
Unaging	Os anos parecem passar por você sem tocá-lo. O tempo avança, mas você permanece essencialmente com a mesma idade física que tinha quando esta Qualidade interrompeu seu processo de envelhecimento. Talvez você tenha descoberto a Fonte da Juventude, tenha se atualizado para uma estabilidade perpétua, tenha assumido uma relação estranha com o fluxo do tempo ou tenha fechado um pacto insólito que preservou sua idade atual. E assim, embora continue a acumular as cicatrizes, a experiência e a perspectiva da idade, seu corpo mantém um estado constante de desenvolvimento cronológico. Note que isso não é o mesmo que imortalidade: ferimentos e doenças podem matá-lo com a mesma certeza com que matariam qualquer outra pessoa. A decrepitude da velhice, contudo, não é algo com que você vá precisar se preocupar.
Unbondable	Você é imune ao Laço de Sangue. Tremere não podem escolher esta Qualidade.
Unmarked Antitribu	Embora você faça parte do Sabá e seja um traidor da Casa e Clã Tremere, de algum modo você permanece sem a marca da maldição antitribu. Você não é facilmente reconhecido como um Tremere renegado, e a magia que queimou tantos dos seus irmãos não consegue tomá-lo por alvo. Além disso, outros membros do Sabá não conseguem julgá-lo à primeira vista. Os da linhagem Telyavelic podem comprar esta Qualidade por 2 pontos, enquanto os demais Tremere pagam 5 pontos.
Unobtrusive	Você consegue passar despercebido na maioria das situações sociais. Isso tem menos a ver com o inexplicável Antecedente Arcano (embora possa complementá-lo) do que com o simples fato de você parecer banal. A menos que faça algum alarde, as pessoas simplesmente não se lembram de você. Você é… ahn, aquele cara… ou aquela moça… ou, bom, droga, eu nem lembro direito que tipo de pessoa você é, na verdade. E em certas linhas de trabalho ou modos de vida, esse é um talento muito útil de se ter.\nEmbora não o torne de forma alguma invisível ou irrastreável, esta Qualidade permite que você se misture à paisagem e escape da memória alheia. As pessoas precisam fazer uma rolagem de Percepção (dificuldade 6) para recordar seus traços ou seu nome. Em contrapartida, você soma +2 à dificuldade de qualquer rolagem social que precise fazer, porque as pessoas simplesmente não o notam na maioria das circunstâncias. Por motivos óbvios, você não pode escolher nenhuma Qualidade, Defeito ou Antecedente socialmente marcante — Traços assim o tornariam memorável — nem ter traços físicos ou roupas especialmente marcantes. É claro que "marcante" depende de quem você é e de onde você está; o proverbial terno de flanela cinza, por exemplo, chama atenção em lugares como o Burning Man! Na maioria das circunstâncias, porém, você se mistura à paisagem aonde quer que vá.
Useful Knowledge	Você tem conhecimento especializado em um campo específico que torna sua conversa intrigante para um Cainita mais velho. Enquanto o seu conhecimento prender a atenção do outro vampiro, ele tem interesse próprio em manter você por perto. Por outro lado, assim que ele tiver extraído de você cada fiapo de informação que você possui, esse patrocínio pode desaparecer de repente. (Nota: esta Qualidade deve ser interpretada como um Mentor de 1 ponto com um interesse específico. Contudo, diferentemente de um Mentor, Conhecimento Útil não implica uma relação permanente.)
Vaishya	Os jati Vaishya têm a incumbência de manejar influência, manter os rebanhos humanos e cuidar das finanças. Costumam ser vistos como comerciantes e mercadores, mas, para os Ravnos, também são uma parte crítica da manutenção da Máscara que esconde os vampiros dos caçadores mortais. Uma vez por sessão, você pode recorrer a um dos seus Antecedentes como se tivesse um ponto a mais nele (até o máximo normal de 5).\nVocê não precisa comprar esta Qualidade para ser membro do jati Vaishya, mas somente membros do jati Vaishya podem ter esta Qualidade.
Vicissitude Modifications	Você é um carniçal ou um revenant cujo corpo foi hediondamente modificado pelo uso da Disciplina Vicissitude. Você mesmo pode não ter talento nessa área, mas sua carne e seus ossos foram remodelados em um pesadelo projetado para ser útil na guerra. Assim, embora suas Modificações possam lhe render um benefício mecânico, você é considerado um monstro ainda que, tecnicamente, continue mortal.\nAs alterações feitas no seu corpo são permanentes, a menos que sejam remodeladas por novos usos de Vicissitude. Embora suas Modificações de Vicissitude possam ser perigosas, seu corpo ainda sofre dano normalmente. Apesar da sua aparência horrenda, você continua sendo carne e osso.\nModificações de Vicissitude exige que você adquira o Defeito Monstruoso, que está na página 482 de V20. Independentemente de quantas alterações você escolha, sua Aparência é 0. A critério do Narrador, você também pode ser obrigado a adquirir um Defeito Mental, uma penalidade em rolagens Sociais ou uma Perturbação por causa dos horrores que está vivendo.\nDe modo geral, esta Qualidade só pode ser usada por personagens que estejam Vinculados a um vampiro ou Clã que disponha de Vicissitude, ou que sejam patrocinados por ele. Revenants modificados dessa forma costumam ser submetidos ao Laço de Sangue para garantir sua lealdade.\nVisão Circular (1pt.): um dos seus olhos foi movido para a nuca, concedendo a você a capacidade de enxergar num ângulo mais amplo. Você pode ganhar um bônus em Percepção, especialmente quando alguém tenta se aproximar de você furtivamente. Além disso, sua percepção de profundidade é ruim em qualquer ângulo, e você sofre uma penalidade de dois dados em qualquer rolagem que envolva estimar distância, inclusive o uso de armas de projétil. Presas (1pt.): seus dentes foram alongados e afiados; seu sorriso pode lembrar o de um tigre ou de um tubarão, ou pode não se parecer com nada que exista na natureza. Você pode atacar usando Mordida, que está na página 276 de V20. Por causa da sua aparência monstruosa, você perde dois dados em paradas que envolvam seu Atributo Manipulação, a menos que esteja tentando intimidar ou assustar o alvo. Estômago de Ferro (2pts.): você é capaz de digerir qualquer material orgânico que consiga partir, mastigar e engolir. Em rolagens de Vigor, você ganha +2 quando precisa resistir a venenos ingeridos ou a outros tipos de doença de origem estomacal. Essa modificação digestiva costuma vir acompanhada de Presas. Esporões (2pts.): esporões ósseos afiados e pontiagudos projetam-se dos seus antebraços, da sua coluna ou das suas panturrilhas. Você pode golpear com os Esporões causando For + 2 de dano. Contudo, Esporões são difíceis de esconder e podem limitar sua mobilidade em algumas situações. Carapaça (3pts.): você é coberto por placas ósseas ou espinhosas que o protegem de ataques. Você pode somar dois dados de absorção à sua parada ao se defender de um dano. Patágio (4pts.): seus ossos foram tornados ocos e abas de pele estranha foram enxertadas nos seus braços e pulsos para formar membranas. Embora não consiga voar, você pode usar essas asas de morcego para planar de uma posição mais alta até outra, ou até o chão. Subtraia um dado de todas as paradas de absorção para resistir a golpes de punhos e armas de concussão, ou a qualquer outra forma de dano por impacto que possa danificar seus ossos.\nCarniçais e revenants nunca podem curar uma Modificação de Vicissitude danificada, nem mesmo com o Sangue. Nesse aspecto, ambos são tão indefesos quanto seus equivalentes não modificados. Contudo, se um carniçal ou revenant possuir níveis suficientes em Vicissitude, esse personagem pode curar a si mesmo ou remover a Modificação de Vicissitude por completo. Para isso, o personagem precisa ter um nível de Vicissitude superior ao do vampiro que infligiu a mutilação em primeiro lugar.\nUsado por: por causa da complexidade desta Qualidade, consulte seu Narrador antes de gastar pontos em Modificações de Vicissitude.
Virulent Strike	Por meio de estranha feitiçaria taumatúrgica, de rituais desconhecidos ou mesmo de uma esquisitice da sua fisiologia, seu sangue foi imbuído do poder do sobrenatural. Você pode causar dano agravado em criaturas sobrenaturais ao golpeá-las, mordê-las ou dilacerá-las com esporões de osso. Isso é considerado dano de Briga padrão contra mortais, e normalmente deve se aplicar a apenas uma forma de ataque (mordida, garras de osso etc.).\nVocê deve trabalhar junto com o Narrador para encontrar uma explicação para esta Qualidade, e o Narrador pode proibi-la por completo, se assim preferir.\nUsado por: todos os carniçais e revenants.
Vitae Mutation	Você bebeu a essência líquida de entidades tão estranhas quanto poderosas. Seja a vitae de Matusaléns, o sangue fervente de lupinos ou sonhos de fadas engarrafados, o volume e a combinação das misturas que você consumiu o alteraram para sempre. A cada noite é exigida uma rolagem de Força de Vontade (dificuldade 7) para que você manifeste um único ponto de Auspícios, Quimerismo ou Demência. Esse ponto pode ser somado a um valor já existente na Disciplina, mas desaparece na noite seguinte.
Warrior's Heart	Há aço no coração plácido da linhagem Salubri, e a ressurreição de Adonai fez o seu próprio coração palpitar ainda que levemente. Como os Curandeiros de outrora, você pode aprender os poderes de Valeren dos antitribu ao custo de valor atual x6; se conhecer os dois primeiros pontos de Obeah e de Valeren, você ganha um bônus de 2 dados ao usar os dois primeiros pontos dessas Disciplinas. Contudo, seu coração de guerreiro sofre do Preceito de Samiel, a bem delineada inquietação que afeta muitos Salubri: para cada semana que você passa no mesmo lugar, você perde um ponto de Força de Vontade, à medida que sua alma se agita sem ação. Os antitribu podem ter uma Qualidade semelhante que lhes permite aprender Obeah ao custo de sempre ajudar alguém necessitado, a critério do Narrador.
Well-Rounded	Você foi treinado ou educado especialmente bem em um campo generalista. Você consegue aplicar conceitos básicos até mesmo a usos distantes do seu treinamento. Com o tempo, a aplicação dessas habilidades básicas permite uma flexibilidade admirável na sua área de especialidade.
Without a Trace	Quando você está no ermo, a terra preenche suas pegadas. Você não deixa rastro perceptível nenhum, nem mesmo cheiro. Tentativas normais de rastreamento falham automaticamente. Tentativas sobrenaturais são feitas com +2 de dificuldade.
Wolverine's Palate	Embora muitos não saibam disso, o temido carcaju é uma das poucas criaturas do mundo capazes de devorar a presa por inteiro, seja ela maior ou menor que ele. A Nagaraja com esta Qualidade tem a capacidade de comer osso com a mesma facilidade com que come carne, drenando ainda mais essência espiritual da vítima e convertendo-a em pontos de sangue. Com uma mordida, ela corta carne e osso e engole tudo de uma vez sem efeito adverso nenhum. Isso também significa que ela pode obter até 5 pontos de sangue adicionais de um corpo ao consumir os ossos.
